Appliances	dT_out6	dT_kitchen	dRH_kitchen	dT_living	dT_laundry
176.6667	-0.4067	0.0078	-0.6238	0.0689	-0.0200
173.3333	-0.3226	0.5978	6.9265	0.6567	0.2822
125.0000	-0.3879	0.4656	-4.3522	0.3256	0.1617
103.3333	0.1094	0.3506	-2.6850	0.3367	0.1594
266.6667	0.2511	0.2606	-1.1050	0.3178	0.0961
56.6667	-0.0911	-0.0406	-0.3922	0.0289	-0.1515
141.6667	-0.2756	-0.2656	0.6894	-0.2972	-0.1735
168.3333	-0.6533	-0.3025	0.6526	-0.3039	-0.0111
45.0000	-0.5594	-0.2669	0.5846	-0.2667	0.0375
35.0000	-0.2397	-0.2344	0.0422	-0.2744	0.0592
45.0000	0.6858	-0.2328	0.2436	-0.1922	0.0550
43.3333	0.1022	-0.1906	-0.1447	-0.1856	0.0383
40.0000	0.1935	-0.1428	0.1744	-0.1514	-0.0222
56.6667	-0.0313	-0.0894	0.6986	-0.1005	-0.1567
86.6667	-0.0444	0.0500	1.3869	-0.1088	-0.0139
43.3333	-0.7721	-0.0756	-2.3033	-0.0659	-0.0583
230.0000	0.8743	0.0022	0.8611	-0.0256	-0.1456
55.0000	0.9486	0.1983	-1.0006	0.1350	0.0153
186.6667	0.9058	0.0906	-0.6711	0.1028	0.0214
151.6667	0.6561	0.0000	0.2717	-0.0833	-0.0733
136.6667	-0.2219	-0.0722	-1.4886	-0.0444	0.0092
36.6667	-0.5519	-0.0011	-0.3269	-0.0400	-0.0092
40.0000	-0.2833	0.1011	-0.4900	0.0697	-0.0278
218.3333	-0.4961	-0.0778	-0.5085	-0.1566	-0.0333
58.3333	-0.9617	0.0167	1.0274	0.0688	-0.0056
55.0000	-0.1600	0.0500	-0.0294	0.3558	-0.0333
51.6667	-0.3856	-0.0733	-0.6547	-0.0722	0.0000
41.6667	-0.0178	-0.1700	-0.5703	-0.1904	-0.0250
46.6667	0.6226	-0.1689	0.0822	-0.1590	-0.0300
43.3333	0.5274	-0.1544	0.2897	-0.1412	0.0717
31.6667	0.1700	-0.1261	0.1981	-0.1219	0.0722
48.3333	-0.3222	-0.1006	0.2822	-0.1204	-0.0444
45.0000	0.0800	-0.0806	0.2278	-0.0676	0.0678
31.6667	0.1856	-0.1150	0.2233	-0.0868	-0.0400
45.0000	0.0317	-0.0889	0.0733	-0.1003	-0.0111
41.6667	-0.2833	-0.1089	0.1278	-0.0754	0.0572
66.6667	0.1022	-0.0331	0.5297	-0.0423	-0.1147
63.3333	0.0250	-0.0625	-0.1469	-0.0924	-0.2714
208.3333	-0.0722	-0.0167	-0.5989	-0.1000	-0.0711
220.0000	0.0422	0.2396	0.3374	0.2967	0.0061
66.6667	0.1283	0.1904	-0.0813	0.3894	0.0000
60.0000	0.4700	0.0300	0.8378	0.0178	-0.0600
41.6667	0.6686	-0.0667	-1.5067	-0.1706	-0.0047
35.0000	0.2031	-0.1222	-1.7133	-0.0944	-0.1125
45.0000	-0.1422	-0.0556	-0.6333	-0.0428	-0.0200
41.6667	0.8861	0.1929	-0.3892	0.1978	0.0411
80.0000	-1.0039	0.1804	-0.1819	0.1811	-0.0111
96.6667	-1.9344	-0.0778	0.0544	-0.0750	0.0000
111.6667	-1.5611	-0.0211	0.0567	0.0000	-0.0650
213.3333	-1.1456	0.0822	0.9456	0.1344	0.0350
248.3333	-0.4844	0.1706	-0.2739	0.1989	-0.0600
313.3333	-0.3014	0.0672	0.1894	0.0889	0.1867
131.6667	0.0264	-0.0333	0.4453	-0.1006	1.4594
41.6667	0.5111	-0.1744	0.0236	-0.2078	-0.2722
46.6667	-0.3383	-0.1733	-0.0344	-0.2028	-0.3489
36.6667	0.3956	-0.1689	-0.0100	-0.1722	-0.2161
43.3333	0.6186	-0.1461	0.0750	-0.1789	-0.1522
45.0000	0.4375	-0.1489	0.0900	-0.1211	-0.0667
35.0000	0.0511	-0.0939	0.0550	-0.1000	-0.0712
45.0000	0.0794	-0.1056	0.1200	-0.1183	0.0062
40.0000	0.6056	-0.1167	0.1200	-0.1056	0.0650
226.6667	0.0722	-0.0489	0.9521	-0.0250	-0.1206
160.0000	-0.1250	0.0000	0.1640	-0.0800	-0.2528
168.3333	-1.2367	0.1072	-0.3172	0.2669	-0.1678
538.3333	-0.0733	0.2478	0.2172	0.4847	0.2494
238.3333	0.5406	0.4401	0.0278	0.5278	1.8517
283.3333	0.5689	0.9682	1.4750	0.7682	0.4867
70.0000	0.5351	0.9222	-1.9511	0.5468	0.3503
130.0000	1.0993	0.2728	-2.0192	0.3267	-0.5447
51.6667	0.1794	0.2239	-0.9319	0.3847	-0.2389
308.3333	-0.0146	-0.1217	-0.2456	-0.1108	-0.1643
405.0000	-0.5349	0.3608	4.5178	0.2722	0.9921
216.6667	-0.1871	0.3219	-3.0567	0.4894	0.0811
231.6667	-0.4801	0.3278	2.8444	0.0739	-0.2400
110.0000	0.0283	0.2589	-0.6639	0.0211	-0.0722
116.6667	-0.1419	0.0450	-1.6372	0.0511	-0.1311
48.3333	-0.6414	0.3406	-1.3600	0.4003	-0.2267
38.3333	-1.5433	0.4372	-0.6928	0.4847	-0.2728
53.3333	-0.6361	0.1817	-0.4017	0.0922	-0.1694
51.6667	-0.5783	-0.0156	-0.3689	-0.0300	0.0000
46.6667	0.4261	-0.2356	0.0667	-0.2239	0.0000
43.3333	0.5183	-0.3144	0.3039	-0.3611	0.0500
50.0000	0.4389	-0.3544	0.0494	-0.3750	0.0400
50.0000	0.3169	-0.3372	0.0250	-0.3336	0.0000
45.0000	0.1664	-0.2967	0.1817	-0.2697	0.0000
51.6667	0.0111	-0.2783	0.3740	-0.2689	-0.0761
235.0000	0.0367	-0.7522	-5.7307	-1.3294	-1.3422
206.6667	0.1411	-0.3600	1.6322	0.2306	0.2950
125.0000	0.3900	0.1161	1.9072	0.3567	0.1478
125.0000	0.7942	0.0611	0.6189	0.1656	0.1489
210.0000	0.6081	0.0044	0.6728	0.1497	0.0572
196.6667	0.3653	0.2889	-0.1875	0.4324	0.0017
63.3333	0.4114	0.2817	-0.0914	0.2898	0.0667
56.6667	-0.1233	0.3856	-0.5778	0.2871	0.2050
56.6667	-0.8858	0.3856	-0.3135	0.3420	0.3506
98.3333	-2.0364	0.0867	-0.2110	0.0341	0.0556
278.3333	0.2817	0.0183	2.1467	0.0147	0.0956
220.0000	-0.1878	0.1528	5.2178	0.0990	0.0789
233.3333	0.0172	0.1911	-4.2578	0.0979	-0.1244
230.0000	-0.7678	0.4033	-1.2589	0.3165	0.0300
218.3333	0.8742	0.0644	-0.5200	0.0122	-0.0711
63.3333	-0.1197	-0.1033	0.5278	-0.1122	-0.1200
40.0000	-0.1828	-0.2633	0.4772	-0.2856	-0.1072
53.3333	0.0839	-0.2422	0.1550	-0.2617	-0.0972
46.6667	-0.2889	-0.2417	-0.0750	-0.2989	-0.1394
41.6667	-1.2250	-0.2472	-0.1450	-0.2604	-0.1561
50.0000	-1.1417	-0.2533	-0.1033	-0.2457	-0.0889
40.0000	0.0333	-0.2033	-0.0789	-0.2122	0.0222
51.6667	0.7458	-0.2383	0.0275	-0.1764	0.0222
246.6667	0.5597	-0.1922	0.0308	-0.1878	0.0944
140.0000	0.3083	0.1561	0.8789	0.1986	0.0756
61.6667	0.3928	0.3242	0.6597	0.4267	-0.0050
71.6667	0.1917	0.2236	-0.4903	0.3033	0.0917
53.3333	0.7351	0.1944	0.0678	0.2078	0.1978
75.0000	1.0888	-0.0153	0.0103	-0.0111	0.0678
86.6667	0.6456	-0.1608	-1.5825	-0.4111	-0.0911
71.6667	0.5317	-0.0672	-0.0139	-0.0561	-0.0306
208.3333	-0.7033	-0.0961	-0.3578	-0.1967	-0.1272
75.0000	-0.4328	-0.2022	-0.5739	-0.1806	-0.0628
265.0000	-1.2489	-0.1883	-0.1833	-0.2044	-0.0994
473.3333	-0.9789	0.1356	1.4367	0.1993	0.0000
391.6667	-0.8550	1.3308	2.1156	1.1220	1.1688
118.3333	0.0528	0.4203	-2.1961	0.3249	0.8157
120.0000	0.4944	-0.0150	-1.0800	0.0250	-0.4117
170.0000	0.1231	-0.2044	-0.3792	-0.1022	-0.4117
55.0000	-0.3786	-0.3428	0.7797	-0.3022	-0.2944
46.6667	-0.3264	-0.3678	0.3356	-0.3294	-0.1200
51.6667	-0.0569	-0.3056	0.2578	-0.2622	-0.0122
43.3333	0.4944	-0.2703	0.1363	-0.2444	-0.0056
50.0000	0.0278	-0.2286	0.1632	-0.2000	-0.0944
51.6667	0.1278	-0.2094	0.1478	-0.1828	-0.0400
43.3333	-0.2889	-0.1911	0.1667	-0.1756	-0.0150
45.0000	-0.0361	-0.1794	0.1528	-0.1522	-0.0683
348.3333	-0.4306	-0.1522	0.3222	-0.1433	-0.0667
271.6667	-1.2250	-0.0278	0.7286	-0.0222	-0.0708
291.6667	-0.3039	0.2944	0.8925	0.3306	1.0042
90.0000	0.1867	0.6222	-2.5878	0.7694	0.0689
318.3333	1.0033	0.3317	-1.3344	0.0867	-0.1872
118.3333	0.6944	0.0450	-0.1694	0.0556	0.3906
170.0000	0.6067	-0.0444	-0.1106	-0.1117	-0.2967
138.3333	0.4711	-0.2367	-4.4322	-1.0409	-0.6244
81.6667	-0.0056	-0.1078	0.6431	0.0638	-0.4189
81.6667	-0.6869	0.0300	1.1786	0.2176	0.1511
455.0000	-1.7286	-0.1300	1.8989	-0.2259	-0.2611
268.3333	-1.8106	0.2997	5.5431	-0.0286	-0.0833
101.6667	-0.9525	0.3914	2.0253	0.3579	0.1789
110.0000	-0.1819	0.1356	-3.5222	0.3143	0.0000
130.0000	-0.3869	0.0733	-2.5011	0.1626	-0.0122
55.0000	-0.3308	-0.1769	0.0289	-0.1368	-0.2972
63.3333	-0.2551	-0.2869	0.8533	-0.3583	-0.2211
45.0000	0.0195	-0.3400	0.2333	-0.4217	-0.1228
43.3333	-0.2558	-0.3400	0.7089	-0.3483	-0.0978
43.3333	-0.2659	-0.3361	-0.1456	-0.2811	0.0400
41.6667	-0.1815	-0.2167	-0.0711	-0.2556	0.0125
45.0000	-0.1855	-0.2186	-0.0039	-0.2272	0.0175
33.3333	-0.0407	-0.2386	0.0772	-0.2200	-0.0050
55.0000	0.1043	-0.1522	0.4400	-0.1633	-0.1150
55.0000	0.1416	-0.1078	0.3772	-0.1750	-0.0500
35.0000	0.2340	-0.1350	-0.0706	-0.1356	-0.1144
45.0000	0.7194	-0.1700	-0.1678	-0.1061	-0.1067
31.6667	1.3322	-0.1144	-0.0911	-0.0278	-0.0522
45.0000	1.4649	-0.0667	0.0258	0.1189	-0.0717
40.0000	0.9671	-0.0944	0.1231	0.0600	0.0250
40.0000	0.7565	-0.0483	0.0489	-0.0325	-0.0575
41.6667	0.5130	-0.0672	-0.0031	0.0225	-0.0225
33.3333	0.1102	-0.0778	0.0642	-0.0800	-0.0333
46.6667	-0.7591	-0.0222	-0.0733	-0.0542	-0.0917
35.0000	-1.5175	-0.1178	-0.1511	-0.1836	-0.0750
300.0000	-0.6994	-0.0722	-0.1000	-0.1500	-0.1428
195.0000	-0.5907	0.4744	0.9822	0.4515	0.1317
558.3333	-0.3376	0.6842	-0.6507	0.8368	0.7078
345.0000	-0.6621	0.3836	-1.2426	0.4832	0.8322
56.6667	-1.0090	0.0878	-1.7256	0.1162	-0.4397
45.0000	-0.8036	-0.1633	0.3778	-0.2569	-0.3819
46.6667	-0.3763	-0.2628	0.4972	-0.4131	-0.3256
45.0000	0.4028	-0.2667	-0.0606	-0.3978	-0.1008
33.3333	0.1731	-0.2811	-0.1500	-0.2950	0.0425
46.6667	0.1556	-0.2678	-0.1450	-0.2594	-0.0533
33.3333	0.2088	-0.1750	-0.0039	-0.2083	-0.0300
45.0000	-0.2256	-0.1578	0.1178	-0.1767	-0.1233
46.6667	-0.3287	-0.1444	0.5925	-0.1594	-0.0667
41.6667	0.4014	-0.0906	0.4442	-0.1311	-0.1694
41.6667	-0.2533	-0.0806	0.3711	-0.1061	-0.1006
33.3333	-0.2482	-0.1250	0.0639	-0.0961	-0.1133
45.0000	0.2212	-0.1108	-0.0314	-0.0083	-0.0889
33.3333	1.6479	0.1025	-0.0358	0.3222	-0.0556
43.3333	1.5419	0.1672	-0.2450	0.2561	-0.0222
33.3333	0.9255	0.1261	-0.2989	0.0311	0.0333
45.0000	0.7526	0.0694	-0.0328	0.0111	-0.0425
38.3333	0.1782	0.2039	0.1900	0.2083	0.0758
41.6667	-0.3939	0.0500	0.0600	0.0628	-0.0222
71.6667	-1.7330	-0.1133	-0.4989	-0.1783	-0.0444
175.0000	-1.4841	-0.1544	-0.5433	-0.2383	-0.2472
353.3333	-0.8070	0.0111	1.0817	0.1067	0.1611
448.3333	-0.4546	0.3089	0.5089	0.4800	1.3776
153.3333	-0.3908	0.2961	-0.9411	0.5644	-0.0615
56.6667	0.0840	0.1183	-1.2978	0.1028	-0.4678
46.6667	-0.3601	0.0000	0.1361	0.0122	-0.4517
36.6667	0.6419	-0.0711	0.2578	-0.1971	-0.1994
45.0000	0.2407	-0.2050	0.2828	-0.3524	-0.1906
31.6667	-0.5958	-0.2311	0.1067	-0.3178	-0.0306
43.3333	-0.1605	-0.2333	-0.1028	-0.2946	0.0122
41.6667	0.5852	-0.2393	-0.1900	-0.2671	0.0856
38.3333	0.9830	-0.1657	0.0389	-0.2111	-0.0367
116.6667	0.7101	-0.1333	0.4678	-0.1650	-0.0878
53.3333	-0.0403	-0.1050	-0.3026	-0.1533	-0.1972
160.0000	0.1357	-0.1356	-1.2062	-0.1511	-0.0772
66.6667	0.7963	-0.0706	0.2600	0.0972	-0.1389
78.3333	1.1103	0.0100	0.0344	-0.0583	0.0378
81.6667	1.2075	-0.1058	-1.3667	-0.0722	-0.1533
131.6667	0.9531	-0.0819	-0.5344	0.0000	-0.0644
75.0000	1.0718	-0.1544	-0.5911	-0.0700	-0.0550
55.0000	0.5376	-0.1228	0.3025	-0.0367	-0.0511
80.0000	-0.1264	-0.1283	0.2225	-0.0972	-0.1639
70.0000	-0.1072	-0.1000	0.2161	-0.1106	-0.0244
185.0000	-0.6544	-0.1083	0.3756	-0.0794	-0.1411
225.0000	-0.3953	0.0528	0.7844	0.2278	-0.0444
395.0000	-0.2236	0.7800	5.8211	1.1104	0.8394
283.3333	0.0833	0.8211	-3.0914	0.9501	1.1383
260.0000	0.0694	0.6072	-1.7914	0.6100	-0.4307
141.6667	-0.0306	0.2578	-0.6961	0.2847	-0.3526
51.6667	-0.1444	-0.0100	0.1442	-0.0875	-0.2544
41.6667	-0.1111	-0.2850	0.2892	-0.3950	-0.0578
55.0000	0.0444	-0.2956	0.4111	-0.4425	-0.0072
41.6667	0.0167	-0.2367	0.0122	-0.3608	0.1000
50.0000	-0.1611	-0.2850	-0.1447	-0.2967	-0.0650
40.0000	-0.2556	-0.2150	-0.0031	-0.2269	-0.0011
51.6667	-0.7217	-0.1850	0.0906	-0.2142	-0.0656
45.0000	-1.4150	-0.1450	0.6550	-0.1639	-0.0194
46.6667	-0.5906	-0.0922	0.1800	-0.1678	-0.1322
31.6667	-0.5583	-0.1333	-0.8211	-0.2028	-0.1667
53.3333	-0.2067	-0.1933	-0.6603	-0.1644	-0.1261
55.0000	0.8869	-0.0611	-0.3953	0.0478	-0.1333
51.6667	1.6842	0.0917	0.0283	0.2400	0.0444
53.3333	1.3539	0.1406	-0.2803	0.1406	-0.0111
173.3333	1.4326	0.0889	-0.3047	0.0050	-0.0056
63.3333	1.0201	0.2844	-0.4978	0.3144	-0.0389
45.0000	0.2572	0.8689	0.1747	0.8922	0.2706
41.6667	-0.8189	0.5978	0.0603	0.7222	0.2172
35.0000	-2.1694	-0.0806	0.2883	-0.1583	0.0567
328.3333	-1.6478	-0.1650	-1.2200	-0.4467	-0.1301
325.0000	-0.6133	0.3233	8.7511	0.2006	0.0429
283.3333	0.0422	0.3000	-5.7100	0.5050	0.2797
213.3333	0.4486	0.1989	-1.3567	0.3328	1.4532
55.0000	-0.7619	0.2999	-0.4401	0.3800	0.1599
43.3333	0.1368	-0.1165	-0.2687	-0.1458	-0.5522
40.0000	0.3187	-0.2789	0.2056	-0.3903	-0.3731
36.6667	-0.2433	-0.3164	0.1831	-0.4206	-0.2831
38.3333	0.0718	-0.3192	-0.0042	-0.3642	-0.0861
40.0000	-0.3340	-0.2689	0.0544	-0.3181	0.0000
36.6667	0.1519	-0.2703	0.1314	-0.2489	0.0444
38.3333	0.3425	-0.2358	0.1597	-0.2097	0.0000
38.3333	-0.2078	-0.1822	0.1194	-0.2064	-0.0222
45.0000	0.0083	-0.1228	0.5272	-0.1561	-0.1728
50.0000	0.6117	-0.0722	0.6356	-0.1272	-0.0811
103.3333	0.7656	-0.1167	-0.4444	-0.1314	-0.2294
43.3333	1.0808	-0.1044	0.0656	-0.0236	-0.0500
156.6667	1.4592	0.0056	0.1933	0.1244	-0.0889
31.6667	1.2036	0.0500	0.0828	0.0489	0.0000
45.0000	1.0308	0.0428	-0.0500	0.0061	0.0000
28.3333	0.3506	-0.0367	0.0300	-0.0961	-0.0306
43.3333	-0.0403	-0.0617	0.1317	-0.1033	-0.0794
31.6667	-0.5347	-0.0944	0.2867	-0.1144	-0.0611
43.3333	-0.2344	-0.0983	0.3897	-0.0889	-0.0389
28.3333	0.0664	-0.0917	0.3242	-0.0850	-0.0500
38.3333	0.0275	-0.0683	0.3356	-0.0972	-0.0511
36.6667	-0.2400	-0.1139	0.2383	-0.0833	-0.0833
33.3333	0.0717	-0.0878	0.1800	-0.0686	-0.0333
38.3333	0.3189	-0.0700	0.2344	-0.0325	-0.0722
31.6667	0.2933	-0.0656	0.2019	-0.1000	-0.0183
43.3333	0.4044	-0.0833	0.2803	0.0000	-0.0917
31.6667	0.5222	-0.0611	0.3256	-0.0833	-0.0542
35.0000	0.2576	-0.0794	0.2928	-0.0167	-0.0458
38.3333	0.0235	-0.0306	0.3350	-0.0443	-0.0400
30.0000	0.0211	-0.0556	0.3400	-0.0290	-0.0225
43.3333	0.4454	-0.0444	0.2317	-0.0367	-0.0275
30.0000	0.4246	-0.0150	0.3172	-0.0778	-0.0667
40.0000	-0.2222	-0.0650	0.0733	-0.0222	-0.0889
115.0000	-0.5097	-0.0267	0.0922	-0.0450	0.0444
153.3333	0.0497	-0.0833	0.1333	-0.0450	0.0111
131.6667	0.7611	-0.0333	0.1789	0.0000	-0.0889
131.6667	0.6651	-0.0667	0.0967	0.0000	-0.0539
156.6667	0.6276	0.0000	0.2297	0.0000	-0.0672
145.0000	0.7328	-0.0917	0.3608	0.0000	-0.0333
171.6667	0.2242	-0.0183	0.3022	0.0000	-0.0333
101.6667	-0.8408	-0.0111	0.4442	-0.0611	-0.0222
70.0000	-0.6200	-0.0667	0.5742	-0.0389	0.0431
245.0000	-0.4094	-0.0222	-0.4244	0.0000	-0.0992
91.6667	-0.5683	0.1417	0.5212	0.1544	0.0300
83.3333	0.1014	0.6194	0.5360	0.9851	0.1442
105.0000	-0.5436	0.9728	-1.2656	0.9454	0.2031
96.6667	-0.1156	0.6185	-1.4771	0.5983	0.1678
73.3333	-0.1056	0.2476	-1.1679	0.2167	0.1086
70.0000	-0.1983	-0.1611	-0.5244	-0.1944	0.0947
35.0000	0.0178	-0.2597	-0.0339	-0.3667	0.1678
43.3333	0.1222	-0.2719	0.1689	-0.3450	0.0489
31.6667	0.0383	-0.2233	0.2144	-0.3222	0.1133
45.0000	0.1144	-0.2233	0.1506	-0.2344	0.0222
31.6667	0.3950	-0.1908	0.2663	-0.1972	0.0578
40.0000	0.2983	-0.1908	0.1326	-0.1733	0.0539
35.0000	-0.1117	-0.1289	0.0933	-0.1111	-0.0244
71.6667	-0.3456	-0.1081	0.1567	-0.1411	-0.0199
608.3333	0.1028	0.0108	1.1583	0.0183	-0.0307
355.0000	0.2200	0.4861	2.2222	0.5261	1.1456
320.0000	0.2371	0.4065	-0.8997	0.4256	-0.1878
295.0000	0.3262	0.5613	-0.7597	0.5635	-0.0961
206.6667	0.5050	0.4867	-0.1922	0.5365	-0.0633
401.6667	0.6253	0.6211	2.4708	0.5889	0.4108
180.0000	0.2931	0.6433	-1.6842	0.7789	1.6131
85.0000	0.1089	0.5278	-0.2461	0.4128	-0.2178
65.0000	-0.1344	0.1167	-0.0878	0.1156	-0.2789
78.3333	-0.2072	0.1189	-0.3410	0.0767	-0.1392
66.6667	-0.1472	0.0778	-1.1974	0.0061	0.1664
163.3333	-0.0167	0.1067	-0.4889	0.0322	-0.0056
151.6667	0.1222	0.2892	-0.9486	0.3694	-0.0767
81.6667	0.1589	0.0708	-0.2031	0.1461	0.0139
176.6667	0.0672	-0.2556	-0.0689	-0.2656	-0.1811
38.3333	0.1033	-0.3028	0.4967	-0.4122	-0.1539
48.3333	0.0294	-0.2606	0.0783	-0.3547	-0.0450
48.3333	-0.0244	-0.2144	0.0711	-0.2919	0.1939
41.6667	0.0244	-0.1933	0.0444	-0.2244	0.0306
48.3333	-0.0394	-0.2094	0.1228	-0.2601	-0.0000
38.3333	-0.7022	-0.1583	0.1072	-0.1815	0.0667
50.0000	-1.0056	-0.1917	0.0994	-0.1461	-0.0778
45.0000	-0.6317	-0.1506	0.5303	-0.1494	-0.0794
41.6667	0.2033	-0.1744	0.3614	-0.1361	-0.1478
48.3333	0.2278	-0.1056	0.1189	-0.1133	-0.0728
38.3333	0.3553	-0.1267	0.1211	-0.0856	-0.0222
50.0000	0.8092	-0.0322	0.1578	0.1733	-0.0778
38.3333	1.2428	0.1994	0.0889	0.2989	0.0889
48.3333	1.3592	0.1622	-0.3328	0.1317	-0.0333
50.0000	1.0536	0.1594	-0.2494	0.0061	0.0694
38.3333	0.5311	0.1944	-0.2489	0.0222	0.0650
48.3333	0.0931	0.3544	-0.1233	0.2611	0.0456
50.0000	-0.7319	0.1500	-0.1239	0.2500	0.1522
40.0000	-1.3239	-0.1194	0.0183	-0.2133	-0.0244
46.6667	-0.5333	-0.1933	0.0122	-0.1978	0.0015
156.6667	-0.4194	-0.1894	0.0574	-0.1711	0.0229
221.6667	-0.0844	-0.0467	0.2215	0.0667	-0.1472
78.3333	-0.0369	0.2678	0.0822	0.4778	0.1511
63.3333	0.8103	0.3561	-0.1550	0.4844	0.1950
200.0000	0.5939	0.1500	-0.1222	0.2283	-0.1422
196.6667	-0.6381	0.0300	-0.0900	-0.0100	0.0500
43.3333	-0.0636	-0.1272	0.3553	-0.1935	0.0111
45.0000	0.3011	-0.1767	0.3342	-0.2649	0.0222
35.0000	-0.9921	-0.1689	0.1889	-0.2078	0.0722
48.3333	-0.9246	-0.1600	-0.0878	-0.2015	-0.1000
46.6667	0.3800	-0.1350	0.0611	-0.1585	-0.1011
33.3333	0.2033	-0.1583	0.1356	-0.1444	-0.1244
105.0000	0.1900	-0.1039	0.1833	-0.1194	0.0717
65.0000	0.2656	-0.1194	0.6428	-0.0850	0.0539
43.3333	0.2706	-0.0056	0.2417	-0.0433	0.0000
41.6667	0.5467	-0.0778	0.0522	-0.0800	0.0000
33.3333	0.7539	-0.0650	0.1264	0.0000	-0.0122
45.0000	0.5767	-0.0672	0.1403	0.0000	-0.0489
41.6667	0.7511	-0.0111	-0.0056	0.0000	0.0611
33.3333	0.4000	0.0111	-0.1383	0.0550	-0.0550
43.3333	-0.8297	0.0611	-0.0506	0.0350	0.0122
45.0000	-0.9469	-0.0489	0.2100	-0.0400	0.0092
33.3333	-0.8875	-0.0456	-0.1257	-0.1056	-0.0508
41.6667	-0.1936	-0.0817	-0.2515	-0.1167	-0.0478
33.3333	0.1400	-0.0806	-0.0478	-0.1194	0.0056
221.6667	0.0051	-0.0944	0.0872	-0.0906	-0.0933
66.6667	-0.1079	0.3944	8.2881	0.4000	0.0550
93.3333	0.0050	0.6444	-4.7303	0.9333	0.2150
276.6667	0.1136	0.5044	-2.4667	0.5656	0.1456
45.0000	0.1986	0.1017	-1.2708	-0.0083	0.0544
35.0000	0.0367	-0.2189	-0.6086	-0.2289	-0.2422
40.0000	0.1111	-0.2333	-0.2633	-0.2822	-0.1789
31.6667	0.1306	-0.1942	0.0467	-0.2735	-0.1594
41.6667	0.0306	-0.2064	0.1494	-0.1937	-0.2367
33.3333	-0.0918	-0.1622	0.2033	-0.1411	-0.1606
38.3333	0.2562	-0.1633	0.2790	-0.1622	-0.0722
98.3333	-0.1344	-0.1339	0.8265	-0.1361	-0.0319
60.0000	-0.4383	-0.1372	0.4044	-0.0906	0.0769
155.0000	0.1078	-0.0056	-0.1022	-0.0611	0.1061
28.3333	0.0933	-0.0850	0.2119	-0.0722	0.0700
43.3333	0.5753	0.0050	-0.0697	-0.0667	-0.0644
31.6667	0.6286	0.0300	-0.0700	-0.0443	0.0456
41.6667	0.3767	-0.0250	0.0000	-0.0596	-0.0567
41.6667	0.1900	-0.0150	0.0100	-0.0061	0.0444
31.6667	-0.0083	-0.0111	0.0894	-0.0833	-0.0278
41.6667	-0.2433	-0.0722	-0.0844	-0.0367	-0.0222
33.3333	-0.6908	-0.0722	0.0872	-0.0700	0.0500
40.0000	-0.4608	-0.0567	0.1478	-0.0111	-0.0556
40.0000	-0.3511	-0.1019	0.1233	-0.0583	0.0111
30.0000	-0.1800	-0.0958	0.2322	-0.0417	-0.0139
41.6667	-0.0400	0.0000	0.1978	-0.0833	-0.0417
38.3333	0.0150	-0.0650	0.0722	-0.0056	0.0000
33.3333	0.1422	-0.0250	0.1419	0.0000	0.0000
43.3333	0.0428	-0.0778	0.1781	-0.0856	0.0000
30.0000	-0.1478	-0.0222	0.2267	-0.0244	0.0000
41.6667	-0.5164	-0.0500	0.0278	-0.0222	-0.0200
41.6667	-0.6781	-0.0500	-0.2089	-0.0056	0.0200
33.3333	-0.5667	-0.0306	-0.1967	-0.0997	-0.1350
41.6667	-0.6647	-0.0794	-0.1994	-0.1069	-0.1272
30.0000	-0.6431	-0.0333	-0.1717	-0.0444	0.1278
40.0000	-1.1433	-0.0667	-0.1433	-0.0667	-0.0222
31.6667	-1.6606	-0.0400	-0.1353	-0.0994	0.0667
43.3333	-0.5394	-0.0500	-0.1919	-0.0550	-0.0833
31.6667	0.5744	-0.0111	0.0906	0.1350	0.0500
41.6667	1.4388	0.1350	0.0122	0.2425	-0.0500
41.6667	0.9090	0.1506	-0.3499	0.1225	0.0750
33.3333	0.3325	0.1811	-0.1812	0.0856	0.0083
43.3333	0.1519	0.0844	-0.4478	0.0244	0.0200
28.3333	-0.0794	0.1636	-0.0808	0.1383	0.0700
43.3333	-0.4914	0.1797	-0.2158	0.2072	0.0067
41.6667	-1.7047	-0.0444	-0.2017	-0.1006	0.0489
33.3333	-1.9833	-0.1183	-0.5211	-0.2006	-0.0322
40.0000	-0.7072	-0.1506	-0.1883	-0.1644	-0.0233
33.3333	-0.5267	-0.1256	-0.0989	-0.1556	-0.0700
41.6667	-0.1317	-0.1394	-0.1700	-0.1411	-0.0200
28.3333	-0.2194	-0.1317	-0.0750	-0.1017	-0.0278
41.6667	0.0194	-0.0722	-0.1444	-0.1083	-0.0889
33.3333	0.1778	-0.0861	-0.1156	-0.0833	-0.0528
43.3333	0.2144	-0.1039	-0.1039	-0.0800	-0.0917
41.6667	0.3589	-0.0556	-0.1211	-0.0878	-0.0244
30.0000	0.7919	-0.0556	-0.0100	-0.0833	-0.1040
40.0000	1.0069	-0.1064	-0.1808	-0.1061	-0.1937
33.3333	0.1133	-0.1036	-0.0092	-0.1039	-0.0500
43.3333	-0.1921	-0.0650	-0.0200	-0.0489	0.0944
28.3333	1.0960	-0.0472	0.1517	-0.0600	0.0278
41.6667	0.3350	-0.0778	0.1294	-0.0311	-0.0444
31.6667	0.8321	-0.0444	0.0356	-0.0889	-0.0111
41.6667	0.9168	-0.0556	0.0961	0.0278	-0.0333
30.0000	1.0925	0.0000	0.1894	0.0389	-0.0167
41.6667	0.6419	-0.0489	0.2644	-0.0278	-0.0833
30.0000	0.3200	-0.0336	0.2750	-0.0056	0.0111
45.0000	0.0797	-0.0275	0.2306	-0.0222	-0.0111
28.3333	0.0769	0.0000	0.3400	-0.0111	-0.0137
46.6667	0.0911	0.1069	1.3674	0.2300	-0.1074
65.0000	0.0394	0.4708	-0.0546	0.7483	0.1539
85.0000	0.0150	0.6600	-0.4556	0.7508	0.1589
88.3333	0.1517	0.5794	-0.8200	0.5197	0.3390
76.6667	0.0183	0.3901	-0.5103	0.4011	0.2093
80.0000	0.1000	0.2482	-0.2125	0.2011	0.1989
70.0000	-0.0778	-0.0111	-0.3411	-0.0228	0.0411
58.3333	-0.0803	-0.1744	-0.0711	-0.2578	-0.0594
43.3333	0.1453	-0.2028	0.0706	-0.2939	0.0367
33.3333	0.0067	-0.2222	0.0850	-0.2850	0.0539
45.0000	-0.1556	-0.1711	0.0222	-0.2228	-0.0233
36.6667	0.1394	-0.1717	0.1367	-0.1811	-0.0733
35.0000	-0.1056	-0.1422	0.1156	-0.1461	-0.1022
41.6667	-0.1306	-0.1444	0.1933	-0.1511	0.0794
41.6667	-0.3839	-0.1117	0.2278	-0.1156	0.1083
31.6667	-0.1700	-0.1094	0.3267	-0.1083	-0.0550
46.6667	-0.0122	-0.0944	0.3900	-0.0778	-0.0528
43.3333	0.1067	0.0556	0.8942	0.1078	-0.2589
56.6667	0.0567	0.2744	0.0147	0.6344	0.0261
76.6667	0.0656	0.5311	0.6244	0.5811	0.2556
96.6667	-0.2683	0.2828	0.6582	0.1378	0.0889
328.3333	-1.6778	0.0539	-1.5487	-0.0333	-0.1139
263.3333	0.0381	0.1161	-0.6944	0.2022	0.1311
178.3333	0.1247	0.4769	-0.3304	0.5756	0.0900
241.6667	-0.8367	0.3358	-1.2090	0.2722	0.1531
570.0000	-0.9928	0.1167	-0.2133	0.0278	1.1364
200.0000	-0.7528	0.1169	-0.3569	0.0250	0.6733
415.0000	-1.0533	0.5264	10.8047	0.5206	-0.3433
98.3333	-0.9383	0.3128	-4.9878	0.2244	-0.2783
96.6667	-0.7317	0.2406	-4.9072	0.2467	-0.2967
65.0000	0.7718	-0.1189	-1.6664	-0.1033	-0.1700
46.6667	1.1932	-0.3078	-0.2731	-0.4004	-0.1956
46.6667	0.5006	-0.2833	0.1022	-0.4113	0.0500
35.0000	0.0586	-0.2992	-0.0525	-0.3406	0.1111
45.0000	-0.7419	-0.2469	-0.1664	-0.2778	-0.1556
46.6667	0.4756	-0.2233	0.1300	-0.2699	0.0744
36.6667	0.1822	-0.1950	0.1508	-0.2190	0.0933
46.6667	0.0361	-0.2100	0.1369	-0.1733	-0.0275
43.3333	-0.3358	-0.1367	0.2156	-0.1806	-0.0569
35.0000	0.4486	-0.1644	0.1535	-0.0961	-0.0500
155.0000	0.5144	-0.0756	0.2482	-0.0889	-0.1528
300.0000	0.6544	0.2944	0.2556	0.4637	-0.1661
281.6667	0.8372	0.3306	-0.6778	0.5285	-0.0100
100.0000	0.9456	0.4892	-0.7307	0.4333	0.0778
393.3333	0.5925	0.2314	-1.3199	0.0856	0.2867
201.6667	0.3147	0.4467	0.2344	0.4889	1.0594
98.3333	0.2022	0.2128	0.0706	0.3083	-0.6156
115.0000	0.0494	0.0689	0.9467	0.1217	-0.1539
180.0000	0.4478	0.1239	1.6761	0.1644	0.2511
151.6667	0.8500	-0.0275	0.4167	-0.0667	0.2056
315.0000	1.1700	0.2531	1.0889	0.3267	0.0889
118.3333	0.6039	0.2933	2.2333	0.2553	0.0350
153.3333	0.1533	0.1733	-1.0644	0.0347	0.1517
100.0000	0.0506	0.1044	0.0664	-0.1506	0.0033
70.0000	0.1467	-0.1761	0.1964	-0.2450	-0.0556
38.3333	-0.1972	-0.3533	0.0022	-0.3256	-0.1267
45.0000	0.0622	-0.2942	0.2093	-0.2556	-0.0633
46.6667	-0.0722	-0.2353	0.4668	-0.1917	0.0800
38.3333	-0.0200	-0.1856	-0.0833	-0.2344	-0.0044
48.3333	-0.3615	-0.1564	0.0449	-0.1306	-0.0367
45.0000	-0.0407	-0.1719	0.1113	-0.1333	0.0014
46.6667	-0.0283	-0.1156	0.1667	-0.1574	-0.0514
36.6667	-0.2767	-0.1250	0.0678	-0.1204	0.0000
163.3333	-0.1028	-0.1167	0.4939	-0.0722	-0.0722
93.3333	0.2611	-0.0333	0.3122	-0.0611	-0.1039
115.0000	0.2889	0.1000	-0.6356	0.2667	-0.0367
75.0000	0.3378	0.0525	-1.9472	0.0839	-0.1528
355.0000	0.2933	0.5547	-0.3817	0.8389	0.1700
286.6667	0.2517	0.5828	0.6872	0.6561	1.5456
331.6667	-0.0306	0.5100	-1.0028	0.3900	0.2203
276.6667	0.1756	0.3967	0.7011	0.3767	0.9358
396.6667	0.2389	0.1722	-0.6856	0.0889	0.3450
235.0000	-0.5817	0.1533	0.3110	0.0783	0.5983
263.3333	-0.1100	0.3644	3.6774	0.1928	0.1986
185.0000	-0.0872	0.1467	-1.9972	0.1111	-0.4292
226.6667	-0.3744	0.0278	2.0783	-0.0333	-0.5356
166.6667	-0.2667	-0.1278	-2.3167	-0.1700	-0.2517
101.6667	-0.2411	-0.2367	-1.3928	-0.2758	-0.4122
110.0000	-0.3844	-0.2800	-0.2811	-0.2469	-0.2722
53.3333	-0.1461	-0.2900	0.1001	-0.2611	-0.1256
61.6667	0.0772	-0.2956	0.2910	-0.2622	-0.0050
50.0000	0.0244	-0.1811	0.3428	-0.2217	0.0400
45.0000	-0.0367	-0.1406	0.1578	-0.1400	0.0000
46.6667	0.0000	-0.1639	0.0528	-0.1622	-0.0550
45.0000	-0.0494	-0.1478	0.0878	-0.1506	-0.0350
43.3333	-0.5422	-0.1089	0.1433	-0.0939	0.0000
46.6667	-0.2568	-0.1561	-0.0550	-0.1433	-0.0194
55.0000	-0.2782	-0.1150	0.1122	-0.1306	-0.0917
123.3333	-0.2433	-0.0728	0.3139	-0.1050	-0.3711
63.3333	0.0125	-0.0250	1.1019	-0.0933	-0.3903
66.6667	0.2164	0.0300	0.2247	0.2265	0.0444
81.6667	0.3206	0.0300	-0.7222	0.2763	0.0181
58.3333	-0.3408	0.0419	0.0242	0.1717	-0.0111
58.3333	-0.2675	0.0625	0.7092	-0.1094	0.0356
106.6667	-0.2233	-0.0778	1.2939	-0.0750	-0.0400
60.0000	-0.7575	-0.0167	-0.2661	-0.0667	-0.0456
65.0000	-0.1792	-0.0961	-0.1078	-0.1000	-0.0747
66.6667	-0.2239	-0.0828	-1.5756	0.0056	-0.1986
261.6667	-0.5850	0.0878	-0.5100	0.2383	0.0340
125.0000	-0.8633	0.3086	5.7792	0.3250	-0.0226
98.3333	-0.4844	0.3075	-4.9414	0.4214	0.0331
98.3333	-0.3529	0.0694	-1.8144	-0.0503	-0.0795
90.0000	-0.3654	-0.1378	-0.8856	-0.2656	-0.1706
53.3333	-0.0394	-0.2378	-0.2400	-0.2511	-0.1745
60.0000	-0.3444	-0.2589	-0.0133	-0.2706	-0.0384
65.0000	-0.4244	-0.1944	-0.1956	-0.2000	-0.0148
65.0000	-0.3956	-0.1350	-0.4033	-0.1722	0.0528
48.3333	0.2817	-0.1400	-0.1006	-0.1472	0.1706
60.0000	-0.0478	-0.1306	-0.0917	-0.1333	0.0461
58.3333	0.1336	-0.1333	-0.0750	-0.1411	0.0839
56.6667	0.3169	-0.1256	-0.0272	-0.1275	0.0467
66.6667	0.2378	-0.1011	0.3056	-0.0814	-0.0344
160.0000	-0.4297	0.0000	0.6908	-0.0667	-0.2786
176.6667	-0.5997	0.3167	-0.6497	0.5054	-0.1018
253.3333	0.5706	0.5489	-0.9561	0.8735	0.0992
208.3333	1.0604	0.4383	0.6547	0.2544	0.1205
145.0000	1.1296	0.2472	1.8525	-0.1083	0.0629
91.6667	0.5078	0.2367	-1.9244	-0.1433	0.0712
203.3333	-1.2161	-0.0922	-0.9433	-0.3056	-0.0339
135.0000	-0.1083	-0.1817	0.3015	-0.1539	-0.0399
320.0000	0.4389	-0.2483	0.1979	-0.1674	0.2279
205.0000	-0.0811	-0.2094	1.1289	-0.1715	1.2022
280.0000	-0.1567	0.1589	2.0472	0.2844	-0.3488
131.6667	-0.0400	0.3983	1.6811	0.5279	-0.1746
131.6667	-0.5350	0.2189	-4.5456	0.3026	-0.1440
118.3333	-0.4056	0.0778	-1.3769	0.0750	-0.1510
85.0000	-0.0978	-0.1000	0.3108	-0.1097	-0.0319
65.0000	-0.9194	-0.2456	0.7944	-0.2603	0.1329
38.3333	-1.0333	-0.2717	-0.2217	-0.2478	-0.0657
45.0000	-0.7969	-0.2683	-0.2067	-0.2304	-0.0093
46.6667	-0.2958	-0.2144	-0.2667	-0.2290	0.0019
31.6667	-0.2563	-0.1611	-0.1900	-0.1628	-0.0462
46.6667	-0.7465	-0.1628	-0.1256	-0.1506	-0.2357
46.6667	0.8633	-0.1594	-0.1667	-0.1761	-0.1319
38.3333	0.7667	-0.1417	-0.0750	-0.1456	-0.0093
50.0000	0.7050	-0.1239	0.6932	-0.1000	-0.1845
61.6667	0.9039	-0.0611	0.8296	-0.0961	-0.1887
141.6667	0.7192	0.0111	0.6100	-0.0728	-0.2044
53.3333	0.4808	-0.0311	0.4911	-0.0967	-0.1888
70.0000	0.7338	-0.0700	0.0014	-0.0028	-0.0435
353.3333	1.5568	0.0506	1.7475	0.0939	0.4031
138.3333	1.5739	0.3594	-1.2956	0.5156	1.1730
103.3333	0.6622	0.2547	0.1889	0.2428	-0.3060
70.0000	0.3089	0.5442	0.2589	0.8289	-0.1696
100.0000	0.3256	0.4167	-0.0822	0.5578	-0.0717
105.0000	-0.1057	0.2411	-1.2336	0.1517	0.0426
278.3333	-0.0687	0.1956	0.7814	0.1343	0.0331
170.0000	-1.2011	0.3822	6.1717	0.3513	0.0934
100.0000	-0.4426	0.0389	-5.7619	-0.0311	0.0350
198.3333	-0.6607	-0.2089	-1.3864	-0.3733	-0.1991
65.0000	0.1278	-0.2144	-0.3656	-0.2606	-0.2219
56.6667	0.1622	-0.1822	0.3456	-0.2756	-0.1039
36.6667	-0.2233	-0.2528	0.1311	-0.2382	-0.0373
43.3333	-0.2456	-0.2139	0.1694	-0.2346	-0.0888
48.3333	0.4528	-0.2183	0.1928	-0.1722	0.1899
43.3333	0.6650	-0.1403	0.2222	-0.1642	0.1687
35.0000	0.3911	-0.1192	0.2300	-0.1419	0.1234
46.6667	0.2083	-0.1233	0.2167	-0.1050	0.0365
45.0000	0.0422	-0.1203	0.1433	-0.1000	0.0204
40.0000	-0.0350	-0.0997	0.4956	-0.0975	-0.2282
51.6667	0.0100	-0.0150	0.6500	-0.1014	-0.2636
48.3333	0.1289	-0.0750	-0.2322	-0.0111	-0.1089
36.6667	0.3678	0.0200	0.1033	0.1372	-0.1628
70.0000	0.7275	0.1256	-0.2011	0.2561	-0.0389
70.0000	0.4736	0.1644	-0.1667	0.3389	0.1155
53.3333	-0.1278	0.2664	0.3119	0.3167	0.1301
36.6667	-0.1578	0.2514	-0.7814	0.2606	0.1271
51.6667	0.0444	0.0722	-0.6333	0.0567	-0.0377
51.6667	-0.0667	0.0722	-0.2178	0.0300	0.0530
68.3333	-0.1539	0.1000	-0.1672	0.0828	0.0333
238.3333	-0.2378	0.2922	1.1433	0.3056	0.1414
131.6667	-0.2189	0.3056	4.6211	0.3689	0.1153
91.6667	-0.4818	0.0628	-4.1469	-0.1456	0.0000
75.0000	-0.3521	-0.1622	-1.1625	-0.1317	0.0000
56.6667	-0.0556	-0.1483	-0.0544	-0.2189	0.0333
31.6667	0.1239	-0.2021	0.3882	-0.2533	0.1767
48.3333	0.2844	-0.2124	-0.2554	-0.2161	0.1056
46.6667	0.1517	-0.2100	0.0744	-0.1744	0.0111
45.0000	-0.5786	-0.1981	0.4819	-0.1833	-0.0222
45.0000	0.0964	-0.1719	0.3136	-0.1256	0.0000
36.6667	-0.1689	-0.1172	0.0811	-0.1506	-0.0056
46.6667	-0.3928	-0.1206	-0.0500	-0.1261	-0.1622
45.0000	-0.1411	-0.0875	-0.0489	-0.0842	-0.0811
48.3333	-0.8794	-0.0925	-0.1411	-0.1003	-0.1106
45.0000	-0.1711	-0.0878	-0.0222	-0.1111	0.0450
36.6667	1.0267	-0.0833	0.1239	-0.0860	-0.1006
55.0000	0.4344	-0.0222	-0.2600	-0.0518	-0.2742
55.0000	0.9558	-0.0167	-0.3917	-0.0667	-0.1753
76.6667	1.3264	0.0000	-0.1100	0.0833	-0.0856
61.6667	0.1194	-0.0122	0.3900	0.0000	-0.1478
61.6667	0.4875	-0.0978	-0.3878	-0.0667	-0.0028
181.6667	-0.0558	-0.0065	0.0058	0.0444	-0.0611
243.3333	-0.2033	0.1999	4.0969	0.0747	-0.0061
228.3333	-0.8992	0.2417	-2.9472	-0.0964	0.0244
160.0000	-0.8931	0.2261	-0.9156	0.3167	0.0244
96.6667	-0.4711	0.6078	-0.6286	0.6456	0.0244
95.0000	0.6647	0.5711	0.0864	0.7972	0.1272
93.3333	0.4642	0.4367	-0.4567	0.5722	0.2350
78.3333	-0.3200	0.0056	-1.3428	-0.0931	-0.1117
66.6667	0.1397	-0.2150	0.1589	-0.2747	-0.0506
38.3333	0.4864	-0.2378	0.1294	-0.3072	-0.0889
43.3333	0.6500	-0.2894	0.0939	-0.2900	0.0444
45.0000	-0.3014	-0.2444	0.1750	-0.2506	0.2206
43.3333	-0.5103	-0.2233	0.3011	-0.2122	0.1739
45.0000	-1.1633	-0.2022	0.4656	-0.1500	0.1994
41.6667	-0.7204	-0.1308	0.4361	-0.1550	0.0406
36.6667	-1.0729	-0.1247	0.2978	-0.1372	-0.0711
45.0000	-0.7672	-0.1361	0.0478	-0.1194	-0.1078
50.0000	-0.3183	-0.0883	0.3614	-0.1328	-0.0582
53.3333	0.1256	0.0100	0.5881	-0.0556	-0.2574
30.0000	0.9975	0.0222	0.5600	-0.0122	-0.0772
60.0000	0.7892	-0.1022	-1.3553	-0.0367	-0.0961
60.0000	0.5722	-0.0267	-0.6708	0.0306	-0.1056
65.0000	0.2142	-0.0056	-0.5700	0.0294	-0.0167
43.3333	0.4125	0.0167	1.1367	0.0500	-0.0978
78.3333	-0.0111	0.0375	0.5601	0.1678	0.0275
88.3333	-0.0143	0.0803	-1.2929	0.1067	0.0925
136.6667	-1.0507	-0.0722	-0.7556	-0.1689	-0.0528
200.0000	-1.2172	0.1172	0.4431	0.1353	-0.0794
226.6667	-0.5814	0.5694	-0.1675	0.5669	0.2311
140.0000	-0.4386	0.3606	-1.1389	0.2922	0.0678
183.3333	0.4611	0.1028	-0.6969	0.0083	0.0111
71.6667	0.5579	-0.1100	-0.0731	-0.1950	0.0000
80.0000	0.3860	-0.1244	-0.1822	-0.2344	-0.0722
46.6667	-0.0133	-0.1811	0.3011	-0.2093	-0.1194
46.6667	0.2883	-0.2011	0.1453	-0.2063	-0.1183
45.0000	0.0356	-0.1511	0.2053	-0.1467	0.0122
46.6667	0.3433	-0.1950	0.3311	-0.1222	0.0956
45.0000	-0.2767	-0.1772	0.5236	-0.1472	0.1814
35.0000	-0.1706	-0.0944	0.4881	-0.1178	0.0408
48.3333	-0.2083	-0.1000	0.2222	-0.0706	-0.0200
45.0000	0.2522	-0.1060	0.1817	-0.0922	0.0000
71.6667	-0.4622	-0.0290	0.7272	-0.0278	-0.0667
166.6667	0.3356	0.0000	0.1900	0.0000	-0.1333
86.6667	0.8539	-0.0306	-0.2486	0.0000	-0.0733
403.3333	-1.0378	-0.0667	-0.5769	-0.0167	0.2772
216.6667	0.8906	0.1978	0.9367	0.1517	1.3744
358.3333	0.4665	0.1011	-0.4444	0.0661	-0.0858
196.6667	-1.2188	0.1128	-0.0764	0.0222	0.6597
410.0000	0.6300	0.0606	-0.6614	0.0589	0.2111
173.3333	0.3914	0.1661	-0.9489	0.4033	0.8100
245.0000	-1.1036	0.5388	-0.2617	0.7511	-0.6010
393.3333	0.2467	0.9629	3.3894	0.9939	0.6021
145.0000	-0.3767	0.7111	1.1822	0.8261	0.3222
101.6667	0.1522	0.1267	-4.8597	0.1711	-0.6279
85.0000	0.0633	-0.0461	-1.0814	-0.1589	-0.3943
68.3333	-0.2794	-0.2067	-0.2172	-0.2933	-0.1289
56.6667	-1.1889	-0.3144	0.9850	-0.4628	-0.1822
46.6667	-0.2719	-0.3475	0.3369	-0.3944	-0.2792
48.3333	0.0469	-0.2753	-0.2225	-0.3367	-0.2175
41.6667	0.3444	-0.2411	-0.0667	-0.2433	-0.1000
36.6667	0.0992	-0.2756	0.0383	-0.2228	0.0333
46.6667	0.0458	-0.2250	0.1072	-0.1756	0.0000
45.0000	-0.7667	-0.1611	0.1222	-0.1622	0.0000
46.6667	-0.0842	-0.1375	0.0050	-0.1511	0.0000
51.6667	0.5158	-0.1442	0.1383	-0.1350	-0.1133
48.3333	0.2711	-0.0367	0.6033	-0.1028	-0.2675
161.6667	-0.2432	0.0000	0.3656	-0.0500	-0.3147
275.0000	-0.1746	-0.1000	-0.4856	-0.0722	-0.1850
111.6667	-0.0878	0.0000	-0.1683	-0.0981	-0.1472
366.6667	0.2619	0.1450	0.9872	-0.0648	0.1301
171.6667	-0.3975	0.3900	0.5875	0.0963	0.8535
126.6667	-0.2101	0.0428	-1.0086	0.1050	-0.4525
198.3333	-1.3421	0.2511	0.6089	0.6683	-0.1583
111.6667	-0.2956	0.2656	0.7844	0.6478	0.0550
126.6667	0.1681	-0.0667	-2.9100	-0.0311	-0.0611
150.0000	-0.1847	0.0722	-0.6822	0.0611	-0.0489
340.0000	-0.4322	0.2778	9.5719	0.2229	0.0782
150.0000	-0.9806	0.3322	-2.6842	0.2465	0.1318
135.0000	0.2039	-0.0244	-4.0667	-0.0522	-0.0167
111.6667	0.3378	-0.1411	-1.7789	-0.1722	-0.0611
70.0000	-0.6500	-0.2122	0.4233	-0.2683	0.0333
70.0000	0.0456	-0.2528	-0.3539	-0.2622	0.0556
71.6667	0.4931	-0.2422	-0.4172	-0.2722	-0.0111
66.6667	0.1647	-0.2483	-0.2281	-0.2433	0.0083
68.3333	0.0172	-0.2133	-0.1708	-0.1939	-0.0250
66.6667	-0.4454	-0.2267	-0.0544	-0.1900	-0.0833
65.0000	0.0004	-0.1931	0.0711	-0.1397	-0.0244
68.3333	0.0689	-0.1736	-0.0306	-0.1753	-0.0611
56.6667	0.1150	-0.0783	0.0656	-0.1389	-0.1644
88.3333	0.3378	-0.0672	0.5139	-0.0722	-0.3936
88.3333	0.8311	-0.0367	0.8742	-0.0400	-0.0814
93.3333	1.0486	-0.0333	-0.4364	-0.0278	-0.1472
101.6667	0.9564	-0.0667	-0.1544	-0.0806	-0.1800
86.6667	0.3522	-0.0856	-0.0969	-0.1372	-0.2089
63.3333	-0.2122	-0.1044	-1.3019	-0.1744	-0.2389
80.0000	0.5233	-0.0333	0.9856	0.0778	0.0000
110.0000	0.1200	0.0333	0.3757	0.0597	0.0000
98.3333	-0.0367	0.0000	-0.0846	0.0992	0.0000
80.0000	-0.7456	-0.1000	-0.2589	0.0222	-0.1083
325.0000	-0.5211	0.0222	1.9167	0.0611	-0.1017
111.6667	-0.2967	0.3278	5.1728	0.3967	0.1611
150.0000	-0.1450	0.2611	-4.9672	0.2767	0.0367
125.0000	-0.3311	0.2350	-0.7822	0.3253	0.0331
106.6667	-0.0350	0.0439	-0.3497	0.0069	-0.2081
71.6667	-1.0533	-0.1200	0.2219	-0.2178	-0.0228
45.0000	-0.7825	-0.1589	0.0356	-0.2878	0.0500
53.3333	0.7319	-0.2011	0.2765	-0.2311	0.0067
53.3333	0.1839	-0.1650	-0.1265	-0.1922	0.1411
43.3333	-0.9633	-0.1561	-0.2333	-0.1556	0.0969
46.6667	-1.2011	-0.1561	-0.2156	-0.1922	-0.1642
50.0000	-0.7069	-0.1828	-0.2667	-0.1194	-0.0244
46.6667	-0.2764	-0.1389	-0.1678	-0.1261	0.1039
45.0000	-0.4389	-0.1233	-0.3111	-0.1567	-0.0367
118.3333	0.1250	-0.0978	0.2139	-0.1144	-0.1611
73.3333	1.6894	0.0367	1.1350	-0.0111	-0.1144
101.6667	2.1767	-0.0244	-0.5761	-0.0411	-0.1267
170.0000	1.8756	-0.0122	-0.0217	0.0200	-0.0733
121.6667	0.7017	0.1156	0.3911	0.0000	-0.0550
83.3333	0.6444	0.3678	0.2300	0.0600	0.0138
106.6667	-0.1314	0.3624	-0.6899	0.2656	-0.0076
143.3333	-0.0025	0.3471	-0.3140	0.8700	0.0367
108.3333	-0.4422	0.2239	-0.3472	0.3897	0.0578
156.6667	-1.2272	0.4694	-0.5136	0.6728	0.0928
456.6667	-0.9794	0.3328	0.1158	0.2808	0.4206
126.6667	-1.2418	0.8222	4.7200	0.4194	0.6111
125.0000	-0.8793	0.1911	-4.0133	0.1517	0.1322
131.6667	0.3033	-0.1828	-1.4443	-0.2044	-0.0100
85.0000	0.1644	-0.2689	-0.3307	-0.3467	-0.1425
58.3333	0.0589	-0.2828	0.2306	-0.3250	-0.1375
66.6667	-0.2311	-0.2933	0.2806	-0.2789	0.0167
43.3333	-0.3472	-0.2700	0.1117	-0.2389	-0.0111
55.0000	-0.4172	-0.2244	-0.1100	-0.2133	-0.0789
55.0000	-1.0367	-0.2433	-0.1900	-0.2161	-0.0244
56.6667	0.3656	-0.1806	-0.1467	-0.1967	-0.1089
40.0000	0.9333	-0.2022	-0.0733	-0.1833	-0.2328
53.3333	0.5444	-0.1922	0.0039	-0.1367	-0.1706
66.6667	-0.0478	-0.1692	0.2274	-0.1706	0.0122
48.3333	-0.0078	-0.0236	0.4432	-0.1144	-0.1000
146.6667	0.3206	-0.1256	-0.7100	-0.0872	-0.1367
68.3333	0.5883	-0.1011	-0.7139	-0.1111	-0.0656
260.0000	0.9567	-0.0722	-0.5583	-0.0111	-0.0736
260.0000	-0.1522	0.0683	0.7000	0.0903	0.7369
311.6667	0.5450	0.2750	1.1687	-0.1625	0.1694
345.0000	0.9533	0.2389	-1.0787	0.0156	0.6265
95.0000	0.0633	0.2922	-0.4878	0.1344	0.3151
91.6667	-0.7183	0.2511	-1.0200	0.1056	-0.5133
170.0000	-0.8922	0.0106	1.4756	-0.1944	-0.4221
163.3333	-1.1039	-0.0567	-0.0789	0.0051	-0.2340
108.3333	-0.0033	0.4528	-1.4356	0.4971	0.1128
101.6667	-0.1350	0.3222	-0.4414	0.4672	0.1639
103.3333	-0.1967	-0.0111	-0.7686	-0.0456	-0.0306
61.6667	-0.3278	-0.1944	0.0500	-0.3261	-0.1589
56.6667	-0.6862	-0.2367	0.4169	-0.3378	-0.2033
63.3333	-0.4165	-0.2406	0.1425	-0.2967	-0.0889
53.3333	-0.6211	-0.2011	-0.1306	-0.2758	-0.0794
40.0000	-0.3289	-0.1939	-0.1244	-0.2236	-0.0306
51.6667	-0.4417	-0.2089	-0.0100	-0.1944	-0.0750
48.3333	1.0989	-0.1700	0.0100	-0.1861	0.0894
51.6667	0.4800	-0.1433	0.0589	-0.1889	0.1511
36.6667	0.2606	-0.1842	0.0869	-0.1156	-0.0056
48.3333	-0.1675	-0.1619	0.0947	-0.0933	-0.0500
60.0000	-0.1619	-0.1483	0.2017	-0.1244	-0.0061
151.6667	0.8544	0.0042	1.1681	0.0056	-0.1972
61.6667	0.9833	-0.0431	-0.6603	0.0444	-0.1856
270.0000	0.6489	-0.1089	-0.6456	0.0100	0.0533
173.3333	0.4450	0.1289	3.5160	0.1044	0.8303
108.3333	0.0025	0.1928	0.3007	0.1667	-0.1547
98.3333	0.4314	0.4050	-1.0883	0.9381	-0.1628
76.6667	0.3233	0.3700	-0.4789	0.4553	-0.0772
86.6667	-0.2011	0.3833	-0.8706	0.4106	0.0000
80.0000	-0.5211	0.1622	-0.4122	0.1253	0.0667
301.6667	-0.3294	-0.1178	-0.2022	-0.1558	-0.0667
183.3333	-0.1239	0.4956	4.2114	0.1633	0.2817
80.0000	-0.1089	0.2428	-2.0519	0.2442	0.1000
73.3333	-0.1186	0.1806	-0.9689	0.2169	0.0183
51.6667	-0.1892	-0.1265	-0.3876	-0.1539	-0.0733
56.6667	-0.1161	-0.2801	-0.0196	-0.3892	-0.0367
53.3333	-0.2244	-0.2533	-0.0333	-0.3758	0.0000
53.3333	-0.1283	-0.2756	-0.0722	-0.2933	0.0886
55.0000	-0.1044	-0.2128	-0.0061	-0.2300	-0.0153
46.6667	0.0150	-0.1878	0.1183	-0.2328	-0.0661
58.3333	-0.0428	-0.1967	0.1161	-0.1544	-0.0072
56.6667	-0.2183	-0.1683	0.1160	-0.1761	0.0000
53.3333	-0.1472	-0.1456	0.0690	-0.1250	0.0489
45.0000	-0.2167	-0.1756	0.0400	-0.1372	-0.0644
80.0000	0.2011	-0.1046	0.4626	-0.1033	-0.2472
151.6667	0.3194	-0.0188	-0.0060	-0.0733	-0.1161
78.3333	0.3978	-0.0333	-0.1267	0.0000	-0.1139
210.0000	0.0489	-0.0278	0.1239	0.0306	-0.2106
125.0000	0.0394	0.1756	0.7394	0.3578	-0.1311
136.6667	0.4578	0.5278	3.4900	0.4283	0.0153
101.6667	0.1419	0.4994	-2.4372	0.4467	0.2219
106.6667	-0.1314	0.1583	-1.6672	0.2633	0.0639
105.0000	-0.4828	-0.0550	-0.3278	0.0650	0.0289
113.3333	-0.2656	-0.1678	-0.1067	-0.2322	-0.0622
193.3333	-0.3078	-0.2450	0.1994	-0.3717	-0.1244
203.3333	-0.0496	-0.1422	3.5850	-0.3000	-0.0556
150.0000	0.1429	0.0856	-1.6911	0.1111	-0.0933
133.3333	-0.0783	0.0244	-1.3438	0.0911	-0.1406
100.0000	-0.1428	-0.0428	-0.5774	-0.0150	-0.0472
48.3333	-0.2056	-0.1767	0.3711	-0.2439	-0.1022
58.3333	0.1067	-0.1750	0.2139	-0.2011	-0.0400
51.6667	-0.1264	-0.1900	-0.0672	-0.2158	0.1033
56.6667	-0.1508	-0.1556	0.0489	-0.1886	-0.0933
58.3333	-0.0217	-0.1517	0.0017	-0.1556	-0.0150
45.0000	-0.1867	-0.1511	-0.0078	-0.1378	0.0300
58.3333	-0.0122	-0.1656	-0.0939	-0.1472	-0.0075
50.0000	0.0222	-0.1194	-0.0711	-0.1239	0.0858
56.6667	-0.4328	-0.0833	0.1056	-0.0874	-0.0722
135.0000	-0.6989	-0.1256	-0.4344	0.1329	-0.1317
66.6667	0.3872	-0.1178	-0.9133	-0.0844	-0.1194
388.3333	1.1556	0.1107	1.6994	0.4678	0.0378
150.0000	1.2222	0.2021	-0.6789	0.6833	0.9985
185.0000	1.0500	0.3811	-1.2356	0.1933	-0.0929
245.0000	0.9833	0.3325	-0.1000	0.1183	0.7072
155.0000	0.0482	0.2836	-0.5839	0.0983	0.2583
55.0000	-0.0844	0.0744	-1.0133	-0.0167	-0.5058
38.3333	-0.4369	0.0300	-0.5422	0.0344	-0.3364
73.3333	-0.3207	-0.0517	-0.2267	-0.0231	-0.1506
233.3333	-1.5361	0.0428	0.2522	0.0286	-0.1261
220.0000	-1.1542	0.4467	4.6519	0.3594	0.0344
158.3333	-0.5258	0.2878	-2.8775	0.2767	0.1978
165.0000	-1.1083	0.1478	-0.4089	0.0672	-0.0956
70.0000	-1.5272	0.0656	-0.2489	-0.0800	-0.0122
51.6667	-0.6083	-0.1550	0.4913	-0.3900	0.0550
58.3333	-0.4561	-0.2039	0.1460	-0.4006	0.0306
36.6667	-0.3033	-0.2017	-0.1256	-0.3356	0.0222
46.6667	-0.0244	-0.2278	-0.4661	-0.2778	-0.0344
36.6667	-0.4517	-0.2239	-0.2900	-0.2522	0.0122
50.0000	-0.5256	-0.1767	-0.1133	-0.1983	-0.1008
36.6667	-0.4111	-0.2017	-0.0967	-0.2267	-0.0092
43.3333	-0.2228	-0.1972	-0.1017	-0.1994	-0.0833
50.0000	-0.3278	-0.1661	-0.0550	-0.1672	-0.0778
296.6667	-0.0256	-0.1644	-0.0417	-0.0844	-0.3011
210.0000	0.9850	-0.0806	0.2339	0.0986	0.9789
256.6667	2.5525	0.1233	0.9767	0.7103	0.3250
126.6667	1.6792	0.3078	0.3578	0.7000	0.4578
71.6667	1.1411	0.3453	-2.6460	0.0300	-0.6850
68.3333	1.0731	0.5764	-0.3513	0.3783	-0.1811
50.0000	0.6825	0.3083	-0.2489	0.1728	-0.0433
61.6667	0.3750	0.3622	-0.7874	0.1556	-0.0500
48.3333	-0.1678	0.0667	-0.6243	0.2544	0.0000
53.3333	-1.0139	-0.0450	-0.3719	-0.1514	-0.1161
153.3333	-2.7514	-0.2158	0.0385	-0.3360	-0.2400
155.0000	-2.0015	0.1669	4.2907	0.1690	0.0960
105.0000	-0.7553	0.2911	-2.6189	0.3378	-0.0876
101.6667	-0.6670	0.1128	-1.3214	0.3167	-0.0033
61.6667	-0.5437	-0.0444	-0.4158	-0.1161	-0.0469
58.3333	-0.5658	-0.1978	0.3311	-0.4456	-0.3153
50.0000	-0.4908	-0.2394	0.5839	-0.4344	-0.1194
61.6667	0.6178	-0.2983	0.1022	-0.4233	-0.0022
55.0000	0.1342	-0.2422	-0.0322	-0.3156	0.1828
56.6667	-0.7075	-0.2578	-0.1256	-0.2478	-0.0222
61.6667	-0.2411	-0.2089	0.1764	-0.2300	0.0444
48.3333	-0.1756	-0.1844	0.1008	-0.1956	0.0167
60.0000	-0.3828	-0.1867	-0.0222	-0.1756	-0.0639
61.6667	-0.3337	-0.1789	-0.1439	-0.1789	-0.1031
56.6667	0.1603	-0.1039	-0.1367	-0.1039	-0.2721
58.3333	1.4517	-0.1444	-0.7522	-0.0067	-0.0010
78.3333	2.1649	-0.1128	-0.3582	0.6440	-0.2546
71.6667	1.8328	0.1511	2.5776	0.7910	0.1255
53.3333	1.5240	0.2822	0.3300	0.2478	-0.0046
75.0000	0.9431	0.2889	-1.6856	0.0917	-0.0129
71.6667	0.6390	0.3289	-0.6717	0.1211	0.0914
56.6667	0.6422	0.2822	-0.5789	0.1650	0.0693
78.3333	0.5650	-0.0967	-0.3350	-0.1901	0.0205
78.3333	-0.8078	-0.1967	0.0044	-0.1987	-0.0927
91.6667	-1.8483	-0.0200	0.0489	0.0311	0.0029
100.0000	-1.0139	0.3322	0.2856	0.4992	0.1321
78.3333	-0.0278	0.3292	-0.2221	0.3169	-0.1226
95.0000	-0.1000	-0.0192	0.3565	-0.0306	0.0733
53.3333	-1.2811	-0.0972	0.7672	-0.1289	-0.0671
51.6667	-0.9978	-0.1483	0.5024	-0.3839	-0.2262
48.3333	-0.1792	-0.2244	0.2393	-0.4294	-0.0400
51.6667	0.1258	-0.2056	-0.0789	-0.3211	-0.0443
55.0000	0.1276	-0.1950	0.0406	-0.2767	0.1629
40.0000	-0.4632	-0.2089	0.0933	-0.2506	0.0514
56.6667	0.0089	-0.2161	0.0161	-0.2078	-0.0492
46.6667	0.9497	-0.1628	0.0100	-0.1906	0.0511
51.6667	0.8036	-0.1639	0.0944	-0.1278	-0.0564
56.6667	0.4833	-0.1067	0.2922	-0.1222	-0.0417
68.3333	0.5116	-0.0667	-0.1211	0.0208	-0.1960
155.0000	0.8265	-0.0667	-0.2183	0.0942	-0.1254
75.0000	1.2625	0.0778	-0.3906	0.4083	0.0029
303.3333	1.4721	0.2467	1.5911	0.5394	0.0838
123.3333	1.0859	0.3556	1.1175	0.2828	0.1605
60.0000	0.5591	0.1656	-1.5553	0.0111	0.0640
40.0000	0.6560	0.1178	-1.7122	-0.0667	-0.0120
41.6667	-0.2069	-0.1283	-0.8206	-0.1517	-0.1225
65.0000	-0.8619	-0.2350	-0.1889	-0.2056	-0.0209
83.3333	-0.9719	-0.1550	0.5206	0.0811	-0.0594
180.0000	-0.9761	0.0756	0.4478	0.1400	0.0381
135.0000	-0.6594	0.3428	1.9656	0.3022	0.2036
80.0000	-0.3794	0.2478	-0.5233	0.2478	0.0091
85.0000	-0.2278	0.3647	-0.4049	0.5068	0.0797
61.6667	-0.1654	0.3592	-0.4562	0.4004	0.1278
46.6667	-0.1090	-0.0061	-0.2189	-0.0911	-0.3193
45.0000	-0.3367	-0.1639	0.1856	-0.3636	0.0026
40.0000	-0.2186	-0.2083	0.3044	-0.3619	0.1385
45.0000	-0.0753	-0.2167	0.2344	-0.3206	0.0833
38.3333	-0.1850	-0.2189	0.0244	-0.2642	0.0833
48.3333	-0.0056	-0.1961	0.0511	-0.2353	-0.0500
40.0000	-0.6889	-0.1917	0.1728	-0.2044	0.0833
41.6667	-1.0944	-0.1772	0.0972	-0.1968	-0.0614
56.6667	-0.6639	-0.1583	0.0072	-0.2332	-0.0410
68.3333	-0.0344	-0.0978	0.0694	-0.1306	-0.1658
140.0000	0.7178	-0.0667	1.0689	-0.0339	-0.2126
320.0000	1.8272	-0.0333	-0.4461	0.6833	0.0410
311.6667	1.7726	0.0167	0.2878	0.2967	1.1095
445.0000	1.3468	0.4628	4.0889	0.2511	0.9367
130.0000	1.7067	0.3289	-1.9528	0.1878	0.9819
140.0000	1.6958	0.1694	-1.1289	0.0217	-0.9051
250.0000	0.5425	0.2822	0.4144	0.3289	-0.1191
111.6667	-0.2744	0.1400	0.4211	0.1439	0.7708
203.3333	-0.8312	-0.0428	-1.1828	-0.1722	-0.4412
166.6667	-2.1046	-0.1394	0.2611	-0.2622	0.5029
45.0000	-1.5825	-0.0994	-0.2761	-0.2322	-0.4889
45.0000	-0.4024	-0.2272	-0.8406	-0.2839	-0.3922
35.0000	0.4407	-0.2300	-0.5172	-0.2689	-0.3128
46.6667	0.7456	-0.2178	-0.3244	-0.1936	-0.2827
45.0000	0.7490	-0.1856	-0.0978	-0.1647	-0.1671
38.3333	0.5799	-0.1594	0.4956	-0.1089	-0.1062
46.6667	0.1833	-0.0928	0.3678	-0.1011	0.0296
41.6667	-0.4503	-0.1147	0.3511	-0.0661	-0.0757
43.3333	-0.0419	-0.1119	0.3000	-0.0739	-0.2439
46.6667	0.3501	-0.0989	0.3444	-0.0778	-0.0567
36.6667	0.4421	-0.0911	0.2856	-0.0833	0.1005
48.3333	0.5033	-0.0611	0.3989	0.0000	-0.0005
46.6667	0.4842	-0.0778	0.3311	-0.1100	0.0000
38.3333	0.4336	-0.0806	0.3778	0.0000	0.0633
48.3333	0.5789	0.1556	1.5836	0.2011	-0.2602
273.3333	0.7750	0.6272	0.7419	0.8606	0.1374
206.6667	0.7150	0.9878	-0.3978	1.2231	0.2504
120.0000	0.1344	0.4422	-0.7153	0.5642	0.0681
350.0000	0.4794	0.3744	1.9525	0.4000	0.8566
138.3333	0.5128	0.4461	-0.6750	0.4333	1.3067
65.0000	-0.3511	0.1806	-1.2417	0.1328	-0.5725
85.0000	-0.4529	0.1567	-0.3783	0.2383	-0.3332
95.0000	-0.2099	0.3578	-0.2967	0.4189	-0.0637
211.6667	-0.0100	0.1722	3.5878	0.0278	0.1192
145.0000	0.1522	0.1300	3.2417	0.0489	0.2079
98.3333	0.3083	-0.1183	-3.3278	-0.1889	-0.0710
95.0000	0.2644	-0.2544	-0.1594	-0.3628	-0.0298
56.6667	0.2006	-0.2733	-0.0414	-0.3400	-0.1868
43.3333	0.0689	-0.2994	-0.1053	-0.3344	-0.1575
51.6667	-0.2439	-0.2722	0.3500	-0.2600	-0.1450
48.3333	-0.1436	-0.2100	-0.1422	-0.1917	0.0976
36.6667	-0.0253	-0.1517	-0.0650	-0.1722	0.0024
46.6667	-0.0367	-0.1300	0.0550	-0.1531	0.0000
50.0000	-0.0203	-0.1406	0.0356	-0.1553	0.0000
46.6667	0.0153	-0.1167	0.1067	-0.1083	0.0110
35.0000	0.1172	-0.0944	0.0978	-0.1014	-0.0360
48.3333	0.1467	-0.1267	0.0400	-0.0708	-0.0464
45.0000	0.2011	-0.0860	0.0894	-0.0978	0.0214
46.6667	-0.0422	-0.0262	0.8989	-0.0122	-0.2311
95.0000	0.3935	0.0000	0.2067	0.0550	-0.2189
75.0000	0.4207	0.0100	0.1133	0.2511	0.0244
83.3333	0.1448	0.1478	0.5083	0.4272	0.1411
81.6667	0.3944	0.2200	0.1222	0.3278	-0.0111
108.3333	0.0955	0.1690	-0.0401	0.2133	-0.0781
103.3333	0.1405	0.2104	-0.0382	0.2033	0.1169
85.0000	0.3482	0.0539	1.4533	-0.1303	-0.0000
131.6667	-0.2610	0.0083	0.6300	-0.0931	-0.0722
226.6667	-0.4569	0.1561	-0.1761	0.1444	0.1000
266.6667	-0.4000	0.4344	1.3378	0.3450	0.2567
155.0000	-0.5080	0.2478	-2.6256	0.3628	0.0894
143.3333	-0.3146	0.1239	-0.8387	0.1033	-0.0122
61.6667	-0.0809	-0.1028	-0.1968	-0.2500	-0.0533
55.0000	0.0789	-0.1072	-0.1728	-0.3472	-0.0294
55.0000	-0.3775	-0.2106	-0.3544	-0.2578	0.0400
58.3333	-0.0959	-0.2033	-0.1750	-0.2133	0.1089
55.0000	-0.1574	-0.1489	-0.1144	-0.2083	0.0792
55.0000	0.0379	-0.1256	-0.1578	-0.1367	0.0097
46.6667	0.1386	-0.1383	-0.1106	-0.1644	-0.0611
51.6667	0.0026	-0.1050	-0.1294	-0.1256	-0.0389
55.0000	0.0138	-0.0950	-0.0450	-0.1067	0.0000
56.6667	-0.1114	-0.0769	0.9504	-0.0750	-0.0967
75.0000	-0.2435	-0.0125	0.0213	-0.0150	-0.1322
133.3333	-0.2734	-0.0889	-0.3300	-0.0333	-0.1125
56.6667	0.0861	-0.0667	0.2139	-0.0333	-0.1586
271.6667	0.8468	-0.0489	0.2633	0.0992	0.1750
180.0000	0.4386	0.0989	1.8289	0.0575	0.9764
93.3333	0.2116	0.0611	0.2056	0.0833	-0.2803
46.6667	-0.3708	0.0333	-0.2117	0.0167	-0.3511
58.3333	-0.0489	-0.0444	-0.5278	-0.0222	-0.2004
46.6667	-1.1600	-0.0667	-0.1231	-0.0544	-0.1251
120.0000	-2.5564	-0.0883	-0.7542	-0.1578	-0.1628
230.0000	-0.8753	0.0578	-0.4483	-0.0506	-0.0744
121.6667	-0.0333	0.5850	0.5672	0.4700	0.2381
151.6667	-0.1994	0.0789	-1.2014	0.1756	0.0647
98.3333	-0.1756	0.1033	-0.6936	0.2526	-0.1378
61.6667	-0.0639	0.0200	-0.3989	0.0635	-0.0722
63.3333	-0.2033	-0.0892	0.2951	-0.2089	-0.0500
68.3333	-0.9628	-0.1925	0.1465	-0.2997	-0.1150
61.6667	-0.0767	-0.1733	0.1567	-0.2753	0.1139
48.3333	-0.1789	-0.1850	-0.1800	-0.2222	0.2300
55.0000	-0.0233	-0.1389	-0.1139	-0.2317	-0.0289
58.3333	0.0108	-0.1544	-0.1389	-0.1511	0.0700
55.0000	-0.2086	-0.1067	-0.1333	-0.1556	0.0200
46.6667	-0.2089	-0.0889	-0.0894	-0.1656	0.0111
55.0000	0.0206	-0.0611	0.3056	-0.0667	-0.1861
61.6667	0.1550	0.0000	0.3678	0.0111	-0.2006
150.0000	0.8708	-0.0333	-0.6939	0.0450	-0.0800
126.6667	0.8258	0.0222	-0.4322	0.2539	-0.1244
133.3333	1.0439	0.0444	-0.5244	0.2733	-0.0211
93.3333	1.2167	0.2850	0.9790	0.3867	-0.0000
131.6667	-0.1483	0.4817	1.3665	0.1300	0.0561
56.6667	-2.7493	0.0572	-0.9267	-0.1394	-0.0411
135.0000	1.1438	-0.1172	-1.0094	-0.0628	-0.0928
55.0000	-1.1894	0.0167	2.5994	-0.0489	0.0667
53.3333	-0.4900	-0.2233	-3.0044	-0.2567	-0.0833
260.0000	-0.6578	-0.1167	-1.2005	-0.2167	-0.1433
111.6667	-1.4317	0.2183	0.9244	0.2994	0.1322
113.3333	-0.0778	0.2211	0.0022	0.4139	0.1264
91.6667	-1.4092	0.2733	-0.5956	0.3183	0.0103
55.0000	-0.6419	0.0606	-0.9994	0.0494	-0.0756
51.6667	-0.4278	-0.1133	0.7789	-0.4289	-0.1444
50.0000	-0.1500	-0.2144	-0.3556	-0.3667	-0.0244
46.6667	-0.1000	-0.2697	-0.3957	-0.3078	0.0244
43.3333	-0.6928	-0.2297	-0.3788	-0.2992	-0.0214
50.0000	-0.4478	-0.2222	-0.1700	-0.2331	0.0992
50.0000	-0.2871	-0.1447	0.0072	-0.2306	0.0556
45.0000	-0.1473	-0.1692	-0.1317	-0.1692	0.0667
38.3333	-0.2106	-0.1456	-0.1422	-0.1781	-0.0500
65.0000	-0.2347	-0.0811	0.3078	-0.1644	-0.1639
41.6667	0.2631	-0.0361	0.2597	0.0161	-0.2456
73.3333	1.4528	-0.0806	-1.0819	0.2089	-0.1683
60.0000	1.8147	-0.0556	-0.2644	0.5178	-0.0167
63.3333	2.5719	0.1647	1.5542	0.7078	-0.0111
51.6667	0.9600	0.2597	0.0003	0.2694	0.0722
153.3333	1.1837	0.1478	-1.2344	0.0111	0.1133
103.3333	0.5335	0.1139	-0.5228	0.0167	-0.0633
180.0000	0.0972	0.1039	-0.3044	0.0833	0.0721
88.3333	1.0086	0.2372	-0.2939	0.0983	0.1290
80.0000	-0.6686	0.0450	-0.3690	-0.0800	-0.0967
101.6667	-1.9890	0.0000	-0.4432	-0.1517	-0.0611
106.6667	-1.6826	0.2267	0.7800	0.3067	0.1717
118.3333	-1.7661	0.3156	-0.1800	0.4311	0.1278
108.3333	-1.2436	0.2628	-0.4183	0.0978	0.0183
83.3333	-0.4597	0.1061	-0.3056	-0.0056	-0.1200
70.0000	-0.2889	-0.1650	0.4078	-0.2556	-0.2856
58.3333	-0.2722	-0.2258	0.1939	-0.3856	-0.0222
36.6667	0.3444	-0.2392	0.3478	-0.3511	0.0000
45.0000	0.3167	-0.2600	-0.0711	-0.3044	0.0944
43.3333	0.8111	-0.2525	-0.1449	-0.2364	0.0806
43.3333	-0.3222	-0.1592	0.0382	-0.2025	-0.0350
48.3333	-0.7556	-0.1594	-0.0856	-0.1394	0.0500
35.0000	-0.6889	-0.1622	-0.0850	-0.1928	0.0444
61.6667	0.4278	-0.0978	0.6361	-0.1400	-0.1082
143.3333	0.8500	-0.0500	0.2967	-0.0222	-0.1763
173.3333	0.9889	-0.0511	0.2589	0.1725	-0.1694
120.0000	1.7510	-0.0639	1.3897	0.6181	0.1011
415.0000	1.7029	0.1367	0.8292	0.5111	0.7383
183.3333	1.4783	0.2844	-0.1406	0.2228	1.2078
390.0000	0.7567	0.3281	-1.9890	0.1167	0.4139
175.0000	-0.3611	0.1136	-0.3560	-0.0378	0.6228
165.0000	-1.6878	0.0222	1.0867	-0.2144	-0.2522
78.3333	0.3189	-0.0172	0.0458	-0.1364	-0.6017
86.6667	-0.1494	-0.1361	-0.8381	-0.1942	-0.6494
276.6667	-0.5578	0.0872	2.3489	0.1217	-0.3500
108.3333	-0.6010	0.4878	1.2514	0.6794	0.0778
123.3333	-0.8429	0.2850	-3.4847	0.5050	0.0936
70.0000	0.0456	0.2578	-0.5900	0.1889	-0.0475
65.0000	-0.3593	-0.0111	-0.2533	-0.1226	-0.1867
56.6667	0.0754	-0.2267	0.4175	-0.4618	-0.1694
38.3333	-0.0689	-0.2806	0.7031	-0.4117	-0.1189
48.3333	-0.2028	-0.2489	0.0550	-0.3011	-0.0600
41.6667	-0.5344	-0.2394	-0.1097	-0.3079	0.0250
38.3333	-0.1919	-0.2278	-0.0525	-0.2326	0.0500
48.3333	-0.4825	-0.1844	-0.0211	-0.1956	-0.0100
48.3333	0.1017	-0.1689	-0.0611	-0.1586	0.0250
35.0000	0.0550	-0.1317	0.0222	-0.1475	-0.0400
51.6667	-0.0800	-0.0606	0.3839	-0.1556	-0.0944
151.6667	0.4411	-0.0944	0.2960	-0.0250	-0.1878
251.6667	1.3594	-0.0556	-0.6454	0.1389	-0.2917
155.0000	1.4361	0.0222	-0.8000	0.1833	-0.0817
50.0000	1.2439	0.0667	-0.5533	0.1125	-0.1250
445.0000	1.7739	0.1867	1.3136	0.2075	0.3694
83.3333	1.3878	0.4572	1.5408	0.3294	1.0344
66.6667	0.2422	0.1128	-2.3444	0.2024	-0.4233
48.3333	0.0100	-0.0667	-1.5181	0.0304	-0.3203
48.3333	-1.0572	-0.1456	-0.8053	-0.1944	-0.1969
50.0000	-0.7338	-0.1567	-0.5433	-0.1793	-0.1300
136.6667	-1.6957	-0.1219	0.2722	-0.1213	-0.1639
131.6667	-0.9311	0.2531	3.4933	0.3806	0.0500
95.0000	-0.8026	0.2694	-1.1444	0.4283	0.0811
105.0000	-0.7607	0.2657	-0.6811	0.3235	0.0656
55.0000	-0.5183	0.0926	-0.4967	-0.0107	-0.0739
35.0000	-0.8747	-0.1578	0.3344	-0.3567	-0.1728
46.6667	-0.6114	-0.2056	0.2385	-0.4028	-0.0889
46.6667	0.5033	-0.2406	-0.4168	-0.3378	0.0000
36.6667	-0.1844	-0.1778	-0.1811	-0.2478	-0.0489
43.3333	-1.2600	-0.2056	-0.0356	-0.2244	-0.0397
43.3333	-0.0361	-0.1983	-0.0672	-0.2428	0.0458
41.6667	-0.3861	-0.1556	0.0000	-0.1744	-0.0306
46.6667	-0.2444	-0.1256	-0.0400	-0.1867	0.0733
41.6667	-0.0556	-0.1411	0.0222	-0.1494	0.0000
60.0000	0.5667	-0.0611	0.4694	0.0000	-0.1422
143.3333	1.5803	0.1072	2.1689	0.4038	-0.0678
121.6667	1.6586	0.0717	-0.0322	0.7612	-0.0450
143.3333	1.2800	0.0556	-0.4406	0.2517	-0.0783
95.0000	1.2439	0.1856	-0.6844	0.1100	0.0383
186.6667	1.0922	0.3228	-0.5681	0.1217	0.0175
183.3333	0.3383	0.2933	0.0264	0.1422	0.9075
63.3333	0.1089	0.2739	-0.6067	0.1344	0.2511
53.3333	-0.1533	0.0783	-1.2144	0.1304	-0.2100
68.3333	-0.9511	-0.0197	-1.0614	-0.1054	-0.2250
93.3333	-1.8292	-0.1342	0.3986	-0.2317	-0.1711
95.0000	-1.1497	0.2078	0.6589	0.2814	-0.0100
105.0000	-0.8311	0.3669	-0.5154	0.3875	0.1628
101.6667	-0.6056	0.2631	-0.1829	0.2722	0.1611
65.0000	-0.3989	-0.0611	-0.1978	-0.1190	-0.0953
73.3333	-0.4611	-0.2117	0.2486	-0.4421	-0.1481
48.3333	-0.3278	-0.2350	0.1808	-0.4011	0.0444
45.0000	-0.1167	-0.2600	-0.1500	-0.3350	-0.0611
53.3333	-0.2806	-0.2289	-0.0700	-0.2994	-0.0489
41.6667	-0.2861	-0.1883	0.0550	-0.2278	-0.0100
46.6667	-0.3222	-0.2267	0.0656	-0.2200	-0.1033
55.0000	-0.1417	-0.1494	0.0611	-0.1789	-0.0667
43.3333	-0.1583	-0.1589	-0.0917	-0.1750	-0.0278
51.6667	-0.1333	-0.1400	-0.0700	-0.1617	-0.1272
60.0000	0.5222	-0.0733	0.6111	0.0056	-0.0994
80.0000	1.2211	0.0300	0.3094	0.3178	-0.2122
53.3333	1.4206	-0.0500	-0.3433	0.5533	-0.0333
38.3333	1.5822	0.1272	-0.1467	0.6094	-0.0389
53.3333	1.1622	0.3781	-0.1976	0.2950	-0.0111
43.3333	0.7403	0.6147	-0.2996	0.2139	0.1222
51.6667	0.4714	0.4133	-0.3367	0.1644	0.0478
51.6667	0.0911	0.3700	-0.2117	0.2506	0.1600
40.0000	-0.2508	-0.1372	-2.1700	-0.1889	-0.0300
53.3333	-0.3208	-0.2411	-0.1056	-0.2622	-0.1450
45.0000	-0.9800	-0.1772	0.7578	-0.3217	0.0600
48.3333	-0.9883	-0.2533	0.4972	-0.3350	-0.0706
90.0000	-0.5522	-0.1689	0.3656	-0.2961	-0.0944
91.6667	-0.8014	-0.1933	-0.3567	-0.2250	-0.2078
56.6667	-0.6097	-0.1614	-0.0975	-0.1378	-0.1422
41.6667	-0.4294	-0.1569	0.0186	-0.2122	-0.0733
56.6667	-0.3133	-0.1811	0.1039	-0.2183	-0.0767
41.6667	-0.1650	-0.1450	0.1717	-0.1856	-0.0111
53.3333	-0.4556	-0.1622	0.1400	-0.1628	-0.0333
38.3333	-0.6361	-0.1000	0.1789	-0.1511	0.1444
53.3333	-0.1861	-0.1689	0.1794	-0.1411	0.0100
45.0000	-0.1444	-0.1417	0.2272	-0.1200	0.0300
55.0000	-0.0778	-0.1172	0.1606	-0.1267	-0.0350
48.3333	-0.1111	-0.0889	-0.0565	-0.1839	-0.0550
223.3333	0.4278	-0.0389	0.8115	0.0256	-0.2117
70.0000	1.2267	-0.0611	0.0644	0.5772	-0.1039
353.3333	1.6642	0.1278	-0.5232	0.9756	-0.0744
241.6667	1.3236	0.2106	-0.1679	0.4456	0.8256
368.3333	0.8533	0.4467	-0.5278	0.1225	0.4260
263.3333	0.6831	0.6672	-0.1922	0.2442	1.2496
323.3333	0.4619	0.5990	1.3356	-0.0278	0.2800
353.3333	0.3567	0.6087	-0.9033	0.2044	0.5636
215.0000	-0.0483	0.1711	-1.0311	0.2433	0.8486
198.3333	-0.3667	-0.0678	-0.4903	0.0533	-0.4333
348.3333	-1.4189	-0.1633	1.1814	-0.2944	0.1637
95.0000	-1.5322	0.0333	3.3289	-0.2122	-0.3132
108.3333	-2.3489	0.0486	-1.6356	0.1383	-0.5183
100.0000	-1.9589	0.2247	-0.7500	0.2383	-0.3394
71.6667	-0.4590	0.0689	-0.3211	0.0342	-0.2739
46.6667	0.0490	-0.0578	0.2585	-0.1742	-0.3556
61.6667	-0.4135	-0.1706	0.4643	-0.2822	-0.2722
50.0000	-0.7337	-0.2756	0.3567	-0.3783	-0.1294
40.0000	-0.4844	-0.2344	0.4917	-0.2494	-0.1139
45.0000	-0.1239	-0.2539	-0.3619	-0.2639	0.0894
36.6667	0.1789	-0.2144	-0.1325	-0.2156	0.0428
45.0000	1.1925	-0.2344	-0.1456	-0.2383	-0.0978
40.0000	0.8464	-0.2183	0.0050	-0.1856	0.0489
53.3333	0.5744	-0.1161	0.0494	-0.0744	-0.1644
80.0000	0.8500	-0.1111	0.0950	0.0444	-0.1978
66.6667	1.3967	-0.0522	0.0142	0.0350	-0.1317
50.0000	1.9444	-0.0489	1.1675	0.3486	-0.1617
110.0000	1.2453	0.0367	0.7456	0.2286	-0.0144
76.6667	0.0025	-0.0000	0.1486	0.0778	0.1089
151.6667	-0.4594	0.0422	-0.4536	0.0611	-0.0556
45.0000	0.0339	0.1544	1.7633	0.0750	0.0111
46.6667	0.3056	0.2167	-1.6406	0.2950	0.0817
45.0000	0.1697	0.2664	-0.5276	0.2178	0.1019
50.0000	0.3892	0.1469	-0.0346	0.1444	0.0153
263.3333	0.3778	0.0789	2.0800	0.0367	0.0444
93.3333	0.5958	0.4696	1.9729	0.3678	0.0853
98.3333	0.6064	0.1004	-1.9024	0.1297	0.1497
95.0000	0.4767	-0.0483	-0.3639	-0.0175	0.0439
53.3333	0.4367	-0.1006	0.5869	-0.0611	-0.0389
40.0000	0.3767	-0.1456	0.8053	-0.1000	-0.1474
46.6667	0.0956	-0.1456	0.1644	-0.1933	-0.1260
48.3333	-0.0861	-0.1793	-0.0122	-0.1478	0.0444
38.3333	0.0150	-0.1474	-0.1161	-0.1533	0.0278
45.0000	-0.2922	-0.1394	0.0078	-0.1750	0.0922
48.3333	-0.2783	-0.1594	-0.0500	-0.1344	0.0250
40.0000	-0.1072	-0.1444	-0.0794	-0.1239	0.0756
38.3333	-0.1261	-0.1622	-0.0922	-0.1417	-0.0306
60.0000	-0.5028	-0.0667	0.1878	-0.0672	-0.1122
175.0000	-0.2844	0.0000	0.0525	0.0061	-0.1389
161.6667	-0.0403	0.0500	-0.2247	0.5658	-0.0333
126.6667	0.4969	0.1850	-0.5767	1.0242	0.0100
86.6667	1.1711	0.2983	1.0411	0.4772	0.0956
70.0000	0.6544	0.2600	-0.2456	0.0061	0.0889
86.6667	1.3711	0.2600	-1.5578	-0.1172	-0.0222
68.3333	-1.0111	0.1956	-1.5161	-0.0744	-0.0528
70.0000	0.1597	0.0006	-0.2667	-0.1147	-0.0028
85.0000	-3.8786	-0.2117	-0.2289	-0.4564	-0.1222
136.6667	-0.6967	-0.0989	0.2506	0.0433	0.0389
253.3333	-0.4089	0.3378	4.7915	0.4444	0.2333
193.3333	-0.8744	0.3433	4.3162	0.2750	0.1911
133.3333	-0.8556	0.2400	-5.4578	0.2144	0.1033
103.3333	-0.9150	0.2192	-2.4322	0.1939	-0.0972
63.3333	-0.9206	-0.0464	-0.8811	-0.1667	-0.1072
48.3333	-0.0389	-0.2300	0.0356	-0.4289	-0.0972
48.3333	0.1431	-0.2511	0.3883	-0.4322	-0.0050
46.6667	0.6425	-0.2483	-0.0617	-0.3661	0.0411
35.0000	0.6122	-0.2256	-0.0778	-0.2989	0.0778
50.0000	0.1044	-0.2200	-0.0122	-0.2000	0.0233
46.6667	0.7444	-0.1594	0.0944	-0.1794	0.0550
41.6667	0.4438	-0.1372	0.1333	-0.1300	0.0428
38.3333	-0.0371	-0.2039	0.1456	-0.1322	-0.0687
53.3333	-0.4233	-0.1372	0.4256	-0.0861	-0.0413
65.0000	0.1400	-0.0200	0.8300	-0.0244	-0.1289
113.3333	0.5522	-0.0444	-0.1444	-0.0550	-0.3908
76.6667	0.6609	-0.0847	-0.3137	0.1532	-0.4736
66.6667	0.5486	-0.0069	-0.0047	0.5946	-0.0894
110.0000	1.2676	0.1991	-0.0443	0.2722	0.1606
240.0000	1.1403	0.4740	-0.3380	0.2785	0.2155
145.0000	-0.1062	0.3470	-0.7897	0.2486	0.0464
58.3333	0.3403	0.2575	-0.5396	0.1042	0.1507
126.6667	-0.1430	0.1411	-0.4093	-0.0414	0.1566
150.0000	-0.5659	0.1532	2.8756	0.0214	0.1442
91.6667	-0.8434	-0.0225	-1.5339	-0.1085	0.0474
101.6667	-2.6116	0.0296	-0.4019	0.1552	0.1147
91.6667	-1.8569	0.3115	-0.4169	0.5198	0.3731
73.3333	-0.6309	0.3847	0.1088	0.3598	0.1709
50.0000	0.3431	0.1217	-0.1962	0.0047	-0.3350
48.3333	0.0272	-0.1249	0.0816	-0.2973	-0.1856
48.3333	0.4983	-0.2072	-0.0958	-0.4052	-0.0848
50.0000	1.0014	-0.2584	-0.4544	-0.3271	-0.0139
46.6667	0.8338	-0.2435	-0.2354	-0.2990	0.0309
35.0000	0.4382	-0.2378	-0.1068	-0.2567	0.0942
46.6667	-0.1571	-0.1852	0.0944	-0.1879	0.0178
48.3333	0.2650	-0.1953	0.1906	-0.1808	0.0340
45.0000	-0.1378	-0.1827	0.2544	-0.1510	0.0550
35.0000	0.1447	-0.1597	0.6028	-0.1171	-0.0993
53.3333	0.1380	-0.1133	0.8051	-0.0717	-0.2902
46.6667	0.4959	-0.1453	-0.0945	-0.0655	-0.0104
36.6667	-0.5485	-0.0548	0.0294	0.0801	-0.0167
46.6667	0.2269	0.1287	1.3887	0.4032	-0.0583
53.3333	1.6045	0.1886	1.2697	0.4692	0.0845
146.6667	1.1928	0.1674	-2.0932	0.3454	0.0792
240.0000	0.4229	0.2341	0.5212	0.3842	0.1184
290.0000	0.1233	-0.1908	-1.9590	-0.9331	0.8757
238.3333	0.0302	0.0145	1.7085	0.2543	0.6896
148.3333	-1.0390	0.0943	-0.2819	0.1722	0.4605
95.0000	-2.3207	-0.0432	-0.6225	-0.2442	-0.5614
173.3333	-1.7733	0.2435	1.0025	-0.2342	-0.3905
118.3333	-0.3578	0.2055	-0.9680	0.0000	-0.1679
115.0000	-0.6102	0.1452	-0.7435	0.0000	-0.1250
88.3333	-0.6986	0.0123	-0.1213	-0.1390	-0.1850
43.3333	-0.1319	-0.1722	0.2790	-0.2865	-0.0131
48.3333	0.2000	-0.2144	0.0433	-0.2756	0.0061
36.6667	-0.1264	-0.1922	-0.1100	-0.2194	0.0000
48.3333	-0.3625	-0.1989	-0.0533	-0.2546	-0.1769
46.6667	0.2167	-0.1750	-0.0122	-0.2682	-0.1747
46.6667	0.3200	-0.1844	-0.0367	-0.2244	-0.1544
35.0000	0.3133	-0.1606	0.0122	-0.1528	-0.0958
45.0000	0.3044	-0.1272	0.0517	-0.1517	-0.0392
46.6667	0.1900	-0.1528	0.0811	-0.1028	0.1072
45.0000	0.3089	-0.1128	0.4936	-0.0817	-0.0257
45.0000	0.6981	-0.0611	0.2392	0.0656	-0.2032
63.3333	1.3208	-0.0111	-0.7444	0.1467	-0.1456
76.6667	0.5356	-0.0900	-0.6671	0.0750	-0.0900
78.3333	1.4957	0.0000	-0.3274	0.2289	-0.1728
76.6667	1.2676	-0.0611	-0.0678	0.1361	-0.1306
243.3333	0.7817	-0.0389	0.5117	0.1503	0.0056
248.3333	-0.9190	0.1067	0.1310	0.0753	-0.0011
300.0000	-0.2749	0.2667	0.1318	0.0889	1.3533
63.3333	-0.7856	0.0378	-2.3867	-0.2133	0.2394
193.3333	-1.6722	0.0556	2.9062	0.2506	-0.5683
108.3333	-1.9878	0.2461	1.3315	0.0017	-0.3194
76.6667	0.1606	-0.0411	-0.8611	-0.2089	-0.4233
86.6667	0.6224	-0.2161	-0.7667	-0.2100	-0.1939
91.6667	0.1871	-0.1289	0.2533	-0.0978	-0.0867
43.3333	-0.0367	-0.1867	0.3311	-0.0778	0.0000
41.6667	0.0733	-0.1344	-0.1044	-0.1361	0.0000
46.6667	-0.2328	-0.1606	-0.0550	-0.1378	0.0000
41.6667	-0.0519	-0.1161	0.0122	-0.1094	0.0500
40.0000	-0.4064	-0.1406	0.0306	-0.0833	0.0389
48.3333	0.0856	-0.1106	0.0822	-0.1022	0.0711
41.6667	-0.3186	-0.1022	0.0322	-0.0856	0.0300
38.3333	-0.0347	-0.1189	0.0978	-0.0889	-0.0450
46.6667	-0.0528	-0.1017	0.0500	-0.0861	0.0000
43.3333	0.1526	-0.0828	0.0750	-0.0206	0.0450
51.6667	0.3568	-0.0556	0.6422	-0.0122	-0.1608
55.0000	-0.5197	0.2122	0.7656	0.2222	-0.2147
75.0000	0.1792	0.2600	-0.4450	0.5156	-0.0244
88.3333	0.7383	0.3622	0.0178	0.5692	-0.0778
81.6667	-0.5456	0.1817	-0.1628	0.4847	-0.0167
60.0000	0.4144	0.5494	-0.3244	0.6100	0.0889
76.6667	-0.5756	0.3839	-0.6056	0.4131	-0.0833
73.3333	0.4794	0.0117	-0.6478	-0.0692	0.0556
76.6667	1.1172	-0.1144	-0.2350	-0.2200	0.1433
383.3333	-0.9839	-0.1622	2.2578	-0.2581	-0.0367
210.0000	-1.6367	0.0431	4.2217	-0.2103	0.0217
240.0000	-1.1294	-0.1147	-2.7617	-0.2944	0.1983
166.6667	-0.0056	-0.1183	-1.3800	-0.2367	0.0283
68.3333	-0.5611	-0.0111	-0.7539	-0.1994	-0.1117
58.3333	-0.7222	-0.0875	-0.5382	-0.2056	0.0222
41.6667	-0.1917	-0.0981	-0.3579	-0.1811	0.0069
48.3333	0.5694	-0.1444	-0.3878	-0.1894	-0.0347
43.3333	0.6667	-0.1311	-0.1300	-0.1411	-0.0056
40.0000	0.3083	-0.1172	-0.0233	-0.0972	-0.0572
43.3333	0.2583	-0.1706	-0.1367	-0.1056	-0.2183
36.6667	0.1389	-0.1261	-0.1122	-0.1256	-0.1133
45.0000	-0.0722	-0.1361	-0.0056	-0.0956	-0.1333
53.3333	0.1733	-0.0889	0.1867	-0.0878	0.0222
133.3333	0.5472	-0.0733	0.5450	0.0672	-0.1161
78.3333	0.3206	0.0183	0.1611	0.2578	-0.0828
433.3333	0.4356	0.2683	1.0867	0.5050	0.5469
486.6667	1.0343	0.6206	4.1256	0.7111	1.1053
253.3333	1.1074	0.4894	1.0183	0.6656	0.7433
313.3333	0.2106	0.3733	-3.3256	0.3475	0.1242
231.6667	0.5747	0.3911	-0.6233	0.3031	0.6586
268.3333	0.5025	0.2853	1.0603	0.2089	0.1494
150.0000	-0.1128	0.0781	-1.9147	0.0744	0.4667
66.6667	-1.3522	-0.0978	-1.0561	-0.1594	-0.5789
86.6667	-1.8656	-0.2089	-0.2706	-0.3989	-0.5767
223.3333	-1.8794	-0.1111	1.9800	-0.3289	-0.3522
116.6667	-1.1906	0.1956	0.2567	0.1489	-0.0767
91.6667	-0.2051	0.0461	-1.8475	0.0000	-0.1261
76.6667	0.0551	-0.1139	-1.1619	-0.2372	-0.1856
61.6667	0.6889	-0.1872	0.3383	-0.3656	-0.1772
61.6667	0.6222	-0.2022	0.6596	-0.3394	-0.0889
58.3333	0.7282	-0.2272	0.2215	-0.2433	-0.0589
50.0000	0.4035	-0.2100	0.0133	-0.2106	-0.0550
41.6667	-0.3467	-0.1678	-0.0122	-0.1250	0.1528
45.0000	-1.9739	-0.1889	-0.1986	-0.1333	-0.0444
46.6667	-0.0556	-0.1489	-0.1297	-0.1833	-0.0167
40.0000	-0.7311	-0.1406	-0.0317	-0.1789	0.0111
56.6667	-0.2156	-0.0883	0.3758	-0.1100	-0.1822
51.6667	1.3133	0.0000	-0.4147	0.1094	-0.3261
33.3333	1.9186	-0.1000	-0.3256	0.1917	-0.2000
48.3333	1.3203	-0.0764	-0.2692	0.6794	-0.1472
50.0000	2.6367	0.0669	1.1542	0.6003	-0.0944
140.0000	2.0086	0.1650	-0.0067	0.1125	0.0500
130.0000	1.2747	0.1628	0.2775	0.2389	0.1389
41.6667	0.5239	0.2028	1.2231	0.0525	0.1067
43.3333	-0.1522	0.0567	0.1233	-0.0719	-0.0611
48.3333	-0.1717	-0.0778	-0.6189	-0.2556	-0.0256
48.3333	-1.0674	-0.0794	-0.6822	-0.3294	-0.0433
333.3333	-1.2332	-0.0750	0.0594	-0.3936	-0.1378
123.3333	-0.9722	0.3211	6.2667	0.0192	0.0556
103.3333	-0.8310	0.4718	-5.2511	0.3089	0.0756
103.3333	-0.2029	0.3704	-0.8072	0.3267	0.1200
60.0000	0.0889	0.0344	-0.7233	-0.1128	-0.0694
36.6667	-0.0124	-0.2492	-0.3182	-0.3567	-0.1094
50.0000	0.0574	-0.1719	-0.2829	-0.4050	-0.0611
46.6667	-0.0483	-0.2417	-0.2622	-0.3300	0.0667
38.3333	-0.6917	-0.1989	-0.1289	-0.2433	-0.0111
50.0000	-0.2439	-0.1717	-0.2656	-0.2664	0.0361
45.0000	-0.0633	-0.1644	-0.0767	-0.2008	0.1483
35.0000	0.0831	-0.1633	-0.0611	-0.1794	0.1528
48.3333	0.0031	-0.1322	0.0111	-0.1872	0.0489
55.0000	-0.3378	-0.1172	0.5067	-0.1428	-0.0683
188.3333	0.2750	-0.0092	0.8083	-0.0200	-0.2844
165.0000	0.8889	-0.0092	-0.1194	0.0756	-0.1278
155.0000	0.8399	0.0244	0.2222	0.2094	-0.0556
46.6667	0.5574	0.0611	0.4800	0.1872	-0.0772
50.0000	0.3806	0.0000	-1.6333	-0.0056	-0.1083
73.3333	-0.0032	-0.0428	-0.6428	0.0844	0.0944
86.6667	0.8265	0.0061	-0.0172	0.1878	-0.1022
113.3333	-0.2667	-0.0642	0.2367	0.0550	-0.0222
103.3333	-0.0247	-0.0092	-0.1311	-0.1039	0.0000
101.6667	-0.5164	0.0833	0.0833	0.2544	0.0000
140.0000	-0.4728	0.3650	0.2578	0.3928	0.0278
135.0000	-0.4831	0.4694	0.9828	0.5028	0.2554
130.0000	-1.0031	0.4756	-0.0167	0.3278	0.2401
111.6667	-1.2444	0.2167	-1.0731	0.1078	-0.0300
56.6667	0.7621	-0.0122	-0.7019	-0.1022	-0.2111
58.3333	0.6413	-0.1633	0.1744	-0.1450	-0.1517
61.6667	0.2039	-0.1731	0.4011	-0.2489	0.0878
50.0000	-1.2021	-0.2064	0.0550	-0.2828	0.0917
46.6667	0.1660	-0.1944	0.0311	-0.2800	0.0333
41.6667	-0.3856	-0.1839	0.0183	-0.1867	0.1267
41.6667	-1.3378	-0.1522	-0.0222	-0.2436	0.0100
48.3333	-0.5828	-0.1644	-0.1100	-0.2247	0.0200
35.0000	-1.4400	-0.1278	-0.0600	-0.2011	0.0778
51.6667	-0.6994	-0.1172	0.2599	-0.2247	-0.1550
55.0000	0.1778	-0.1028	0.1312	-0.0347	-0.1906
75.0000	2.5117	0.0550	0.7844	1.1178	-0.1189
91.6667	3.8072	0.0969	0.1281	2.2539	0.0264
75.0000	1.5919	0.1747	0.2975	0.9044	0.1314
78.3333	1.0292	0.3878	-0.3233	0.0228	0.0500
85.0000	0.4122	0.4111	-0.4925	-0.1358	0.0686
50.0000	0.8017	0.2017	-0.5431	-0.2675	0.1436
58.3333	0.4939	0.2500	-0.5944	-0.0967	0.1856
93.3333	0.2972	0.1317	-0.2336	-0.2482	0.0567
270.0000	-0.2056	-0.0111	-0.1364	-0.2913	-0.2406
438.3333	-2.2983	0.2078	6.7000	-0.0561	0.3322
138.3333	-2.1667	0.6800	-0.7556	0.2139	0.5422
140.0000	-1.2050	0.1039	-3.5861	0.1022	0.0806
100.0000	-0.6289	0.0083	-1.0844	-0.0083	-0.0700
65.0000	-1.2894	-0.0611	0.2500	-0.2144	-0.0211
40.0000	-0.6893	-0.2550	0.5190	-0.4862	-0.0889
50.0000	-0.3318	-0.2983	-0.2196	-0.4538	0.0000
48.3333	-0.7533	-0.2667	-0.3656	-0.4394	0.0000
40.0000	-0.9906	-0.1928	0.0689	-0.4014	-0.1383
50.0000	-0.2306	-0.1972	-0.5211	-0.3436	-0.2617
40.0000	-0.1153	-0.1406	-0.4728	-0.3200	-0.0667
50.0000	0.4375	-0.1900	-0.3047	-0.2642	-0.2128
41.6667	-0.2667	-0.1639	-0.0969	-0.1697	0.0906
60.0000	-0.9083	-0.1244	0.4567	-0.1667	-0.0661
216.6667	0.5750	-0.0433	1.2000	0.1067	-0.0994
143.3333	1.9144	-0.0667	-1.2867	0.7861	-0.0933
51.6667	2.3447	-0.1494	-2.4328	1.1144	-0.3811
41.6667	1.7819	-0.1733	-0.9200	0.2494	-0.4622
63.3333	1.4654	0.0201	1.1233	0.2417	-0.0733
43.3333	1.3957	0.5649	0.5250	0.3767	0.3772
51.6667	0.8394	0.3989	-0.8744	0.1056	0.2433
38.3333	0.4881	0.2022	-0.4229	0.0500	0.2064
48.3333	0.2747	0.0061	-0.5260	-0.2144	0.0375
53.3333	-0.6089	-0.1406	-0.6950	-0.2578	-0.0111
125.0000	-1.7475	-0.1239	0.9931	-0.1203	-0.0819
143.3333	-2.1808	0.2239	3.1042	0.1947	0.1081
115.0000	-0.3989	0.3322	-0.8956	0.2889	0.0806
93.3333	-1.1353	0.2944	-0.1256	0.0806	0.1433
46.6667	-0.5486	-0.1106	0.3769	-0.4206	-0.0822
50.0000	0.0111	-0.2211	0.4442	-0.4606	-0.1900
40.0000	-0.1653	-0.2511	0.4122	-0.4172	-0.0500
48.3333	-0.5764	-0.2372	0.1544	-0.4200	-0.0222
43.3333	-0.9528	-0.1911	0.0222	-0.2711	0.0556
41.6667	-0.4378	-0.1644	0.1389	-0.2758	0.0500
51.6667	-0.4533	-0.1350	0.0556	-0.1564	0.0700
38.3333	-0.8767	-0.1561	-0.0511	-0.2406	0.0200
46.6667	-0.2667	-0.1317	-0.0278	-0.2267	0.0000
45.0000	-0.1667	-0.1283	0.1144	-0.1550	-0.0150
58.3333	0.9100	0.0500	2.0178	0.1311	-0.1472
51.6667	1.9078	0.0000	-1.1011	0.9325	-0.1203
85.0000	2.0889	-0.0889	-1.6758	1.4653	-0.2997
113.3333	1.8597	-0.0850	-1.1236	0.4067	-0.1744
228.3333	1.4142	0.0917	3.1333	0.2189	-0.0478
156.6667	0.8744	0.5167	1.1056	0.0844	0.3083
98.3333	0.6528	0.3933	-3.8038	-0.0611	0.0961
80.0000	0.4189	0.0011	-2.8468	-0.3244	-0.1617
70.0000	0.2275	-0.0967	-0.3133	-0.2144	-0.0067
85.0000	-0.2236	-0.0389	1.1225	0.2878	0.1683
136.6667	-1.4356	-0.0556	-0.5014	-0.3222	0.0978
280.0000	-3.0282	0.3133	2.3728	0.1856	0.1011
236.6667	-1.3268	0.7206	1.6869	0.4478	0.2250
186.6667	-0.8111	0.1794	-0.9786	-0.0844	0.0706
96.6667	-0.6646	-0.0300	0.1533	-0.4061	-0.0833
48.3333	-0.7960	-0.1222	-0.1633	-0.3861	-0.1033
51.6667	-0.8239	-0.2133	-0.1883	-0.4267	-0.1422
51.6667	-0.4569	-0.2311	-0.1083	-0.4178	0.0819
45.0000	-0.4653	-0.2061	-0.1328	-0.3956	0.0625
55.0000	-0.1833	-0.1772	-0.1794	-0.3267	0.0450
43.3333	-0.5778	-0.1833	-0.1756	-0.2744	0.0450
56.6667	-0.4378	-0.1978	-0.1144	-0.2678	-0.0900
45.0000	0.0614	-0.1506	-0.1356	-0.2078	0.0600
55.0000	0.1153	-0.1683	-0.0022	-0.1350	-0.1267
65.0000	0.4222	-0.1294	0.1628	0.1308	-0.1056
71.6667	1.3622	-0.0306	0.8558	1.0997	-0.0950
113.3333	2.4106	0.2100	1.9603	2.1111	0.0489
91.6667	1.9503	0.1711	-0.9989	0.9807	0.0850
65.0000	1.7636	0.3125	-0.8008	-0.0379	0.0778
65.0000	1.2000	0.5331	-0.7836	-0.1383	0.1156
51.6667	0.8903	0.5078	-0.6172	-0.0667	0.1300
63.3333	0.7597	0.4239	-0.5172	0.0889	0.1650
60.0000	0.3333	0.1917	-0.3133	-0.0222	0.1433
65.0000	-0.2081	-0.0111	-0.2478	0.2408	0.0167
106.6667	-1.4542	0.0878	2.6144	-0.3747	0.1194
111.6667	-2.2556	-0.1349	-0.5804	-0.5583	0.0333
116.6667	-1.4883	-0.2657	-0.4157	-0.4528	-0.1028
81.6667	-0.5472	-0.2078	-0.1483	-0.3672	-0.1372
50.0000	-0.3692	-0.1611	0.0756	-0.3256	-0.1317
48.3333	-0.5406	-0.2228	0.0433	-0.3011	-0.1172
36.6667	-0.7845	-0.1589	0.0944	-0.3153	-0.0667
48.3333	-0.9996	-0.2089	-0.0883	-0.3197	-0.0322
46.6667	-0.8840	-0.2117	0.0367	-0.2678	0.0267
40.0000	-0.5231	-0.1339	-0.1383	-0.2400	0.0833
50.0000	-0.3574	-0.1539	-0.0861	-0.2294	0.0122
36.6667	-0.1347	-0.1550	-0.0972	-0.2100	-0.0122
50.0000	-0.3057	-0.1244	-0.0600	-0.1646	0.0000
45.0000	-0.1072	-0.0889	0.4289	-0.1532	-0.0333
233.3333	0.7057	-0.0889	-0.5978	0.0328	-0.1067
156.6667	1.3529	0.0000	-0.4339	1.3665	-0.0500
485.0000	1.8482	0.0667	-0.8994	1.8807	0.2794
210.0000	1.2890	0.3672	1.8842	1.0989	1.3428
91.6667	1.2325	0.3950	2.9236	0.1239	-0.1628
378.3333	0.2075	0.5911	-0.4656	-0.1994	0.3717
336.6667	0.5344	0.3790	-3.2706	-0.4828	0.6889
205.0000	0.8553	0.1115	-0.8522	-0.3333	0.6078
458.3333	0.6069	0.2172	0.9628	0.0517	0.2906
246.6667	0.1100	0.0722	-0.5543	0.1833	0.5328
328.3333	-1.2161	0.0000	2.0132	-0.5078	-0.7594
98.3333	-1.8072	0.3878	3.5111	-0.1867	-0.4639
108.3333	-1.0744	0.1100	-1.9989	0.3211	-0.2644
108.3333	-0.7494	0.0772	-1.3756	0.0750	-0.1878
76.6667	-1.0417	-0.1528	-0.2928	-0.3192	-0.1800
61.6667	-0.1556	-0.2578	0.1561	-0.5025	0.0006
40.0000	-0.7628	-0.2811	-0.0660	-0.5000	-0.1739
48.3333	-0.9017	-0.2678	-0.2240	-0.4444	-0.2778
48.3333	-0.1153	-0.2956	-0.2078	-0.3867	-0.1144
36.6667	-0.4847	-0.2304	-0.1619	-0.2728	-0.1189
48.3333	-0.4433	-0.2007	0.0308	-0.2494	-0.0111
51.6667	-0.7831	-0.1439	-0.0100	-0.1767	0.0944
43.3333	-0.0053	-0.1533	-0.0833	-0.1844	0.0056
151.6667	0.1594	-0.0917	0.3011	-0.1768	-0.2125
56.6667	1.3722	-0.0778	-0.6767	0.1001	-0.2375
103.3333	2.0989	-0.0778	0.6889	0.9800	-0.2889
58.3333	2.6864	-0.0444	-0.6114	1.7132	-0.0711
48.3333	1.9381	0.0000	-0.9231	0.8246	-0.0972
120.0000	1.8156	0.1050	-0.4872	-0.2133	-0.4789
78.3333	1.6850	0.3861	0.2892	0.0679	0.0242
53.3333	1.0139	0.2278	-0.7142	0.0787	0.3175
58.3333	0.5922	0.2211	0.5667	0.0411	0.1044
135.0000	-0.2176	-0.0500	0.4383	-0.0483	0.0744
140.0000	-1.0557	-0.0772	0.1111	-0.2878	-0.0278
293.3333	-1.7344	-0.0822	5.0700	-0.5350	0.0611
248.3333	-1.3892	0.2037	3.4131	-0.0811	0.1050
210.0000	-0.5364	0.0657	-1.4225	-0.1314	0.1383
140.0000	-0.2467	0.0111	0.1144	-0.0753	-0.0111
61.6667	-0.8299	0.0222	-0.3911	-0.0889	-0.0333
61.6667	-1.0468	-0.0139	0.3633	-0.2550	-0.2156
60.0000	-0.8439	-0.0867	-0.0778	-0.3317	-0.0611
55.0000	0.5204	-0.1622	-0.1789	-0.2778	-0.0300
51.6667	-0.6643	-0.1372	-0.0375	-0.2383	0.0300
35.0000	-0.1728	-0.2067	-0.3558	-0.2244	0.0111
51.6667	0.0383	-0.1567	-0.2456	-0.2061	0.0556
46.6667	-0.8350	-0.1075	-0.2529	-0.1583	0.0822
40.0000	0.1539	-0.1569	-0.3149	-0.1728	-0.0061
156.6667	-0.0178	-0.0972	0.0267	-0.0744	-0.1200
83.3333	-0.1467	-0.0076	-0.0324	0.1986	-0.0478
433.3333	1.2113	0.0737	-0.6921	1.4469	0.4283
176.6667	1.9788	0.2644	0.8000	2.1822	1.0689
106.6667	1.0389	0.2456	0.6363	0.5611	-0.1300
113.3333	1.3796	0.1156	-1.0762	-0.1803	-0.2725
108.3333	0.7704	0.1183	-1.1233	-0.3797	-0.2431
435.0000	1.0656	0.0994	0.3850	-0.3311	0.3533
153.3333	-0.0897	0.1761	1.5075	-0.2342	1.0058
180.0000	-0.0897	-0.0661	-4.2214	-0.4808	-0.4581
421.6667	-0.7633	-0.1678	-2.5378	-0.4011	0.2556
563.3333	-1.3017	0.2592	5.0517	-0.0603	0.7457
196.6667	-1.3744	0.8592	0.1239	0.3942	0.6465
138.3333	-1.4775	0.2717	-1.7306	0.3267	-0.5472
100.0000	-0.9125	0.0194	-1.6161	0.0792	-0.4544
50.0000	-0.4739	-0.1372	-0.3767	-0.3592	-0.2717
45.0000	-0.6486	-0.2400	0.3767	-0.4711	-0.1522
53.3333	-0.8119	-0.2615	0.3022	-0.4517	-0.1178
50.0000	-0.3200	-0.2590	0.1811	-0.4071	-0.0222
36.6667	-0.3225	-0.2456	0.1522	-0.3590	-0.0794
51.6667	-0.5308	-0.2222	0.0672	-0.3122	-0.1472
50.0000	-0.4583	-0.2011	0.0608	-0.2733	-0.0833
43.3333	-0.2861	-0.2339	-0.0581	-0.2628	-0.0300
45.0000	-0.6767	-0.1500	-0.0200	-0.1711	-0.1378
63.3333	-1.1894	-0.1078	-0.1236	-0.1706	-0.2625
175.0000	1.3278	0.0333	-0.1514	0.0833	-0.2319
73.3333	2.6467	-0.0056	-0.7111	1.3733	-0.1439
175.0000	2.7260	0.1161	-0.0869	2.2160	-0.1233
51.6667	1.8724	0.1606	-0.6325	0.8601	-0.0372
90.0000	1.5778	0.5133	1.1644	-0.0106	0.0344
51.6667	0.9636	0.7479	-0.9843	-0.0806	0.1422
53.3333	0.7419	0.4926	-1.1196	-0.0794	0.0278
70.0000	0.1761	0.0506	-1.0861	-0.2144	0.0389
86.6667	0.0550	0.0811	-0.7883	-0.1200	0.0333
91.6667	-0.1722	0.0111	0.1711	-0.0201	0.0750
283.3333	-1.0171	-0.1033	1.0072	-0.4565	0.0139
126.6667	-3.1701	0.1167	5.1344	-0.2000	0.0922
135.0000	-2.1544	0.0533	-2.8425	-0.0444	0.0853
95.0000	0.1565	0.0111	-1.1608	-0.1789	-0.0814
70.0000	-0.5104	-0.0983	-0.0133	-0.2922	-0.1461
63.3333	-0.6767	-0.1417	0.5631	-0.3483	-0.1222
38.3333	-0.5331	-0.1633	0.6425	-0.2911	-0.0533
51.6667	-0.2608	-0.1411	0.0500	-0.2500	-0.0956
51.6667	-0.3533	-0.1589	-0.0222	-0.2722	0.0753
36.6667	-0.1849	-0.2006	-0.0772	-0.2739	0.1347
50.0000	-0.2535	-0.2044	-0.0517	-0.2200	-0.0222
48.3333	0.0867	-0.1928	0.1039	-0.1633	0.0444
46.6667	0.5256	-0.2028	0.1179	-0.1528	0.0000
60.0000	0.5211	-0.1161	0.4337	-0.1367	-0.1156
50.0000	0.4389	-0.0300	0.4211	0.0000	-0.1278
43.3333	0.5533	-0.0567	-0.1989	0.0275	-0.0556
53.3333	0.3911	-0.0889	-0.3672	0.0075	-0.1683
50.0000	0.4797	-0.1494	-0.1939	0.0222	-0.0494
83.3333	0.9181	-0.0550	0.3617	0.1494	-0.0833
56.6667	1.6356	0.0244	1.0239	0.3239	0.0333
51.6667	1.6725	0.1300	0.2311	0.4428	0.0778
50.0000	0.8797	0.1956	-1.3222	0.3928	0.1389
56.6667	-0.6539	0.1500	-0.0483	0.2589	0.0622
81.6667	-1.5856	-0.0389	0.7161	-0.1722	0.0000
150.0000	-0.5617	0.0250	0.2828	0.0281	-0.0222
115.0000	-0.3422	0.4557	0.1824	0.4319	0.2411
98.3333	-0.1344	0.3971	-0.4196	0.3450	0.2200
78.3333	-0.3067	0.3478	-0.2156	0.3244	0.2456
48.3333	-0.3300	0.0900	0.0000	-0.0106	0.0172
53.3333	-0.0844	-0.1806	0.0922	-0.3644	-0.2239
53.3333	0.0994	-0.2144	0.1661	-0.4322	0.0000
46.6667	0.1183	-0.2333	0.1611	-0.2894	0.0000
43.3333	-0.4489	-0.2450	0.0606	-0.2267	-0.0300
53.3333	-0.1900	-0.1822	0.1600	-0.2422	-0.1044
48.3333	0.1097	-0.1844	0.1722	-0.2119	-0.1139
38.3333	0.0831	-0.1972	0.0376	-0.2031	-0.1022
51.6667	0.0672	-0.1572	0.0040	-0.1267	-0.0589
56.6667	0.1503	-0.0906	0.0106	-0.1022	0.2139
65.0000	0.2897	0.0122	0.7064	-0.0278	-0.1211
195.0000	0.3231	-0.0061	-0.3797	0.0000	-0.1833
110.0000	0.4486	-0.0978	-0.5311	0.0944	-0.0137
455.0000	0.7856	0.0000	-0.1828	0.1189	0.0276
246.6667	1.3807	0.0539	0.2111	0.2833	1.2789
288.3333	0.9299	0.2967	0.3183	0.3944	0.4917
115.0000	0.0567	0.1739	-0.5906	0.1972	0.4511
81.6667	0.0481	-0.0356	-0.8212	0.1017	-0.6522
101.6667	-0.2731	-0.1189	-0.0226	-0.0650	-0.4344
90.0000	-0.3806	0.0022	0.1844	0.0606	-0.2997
153.3333	-1.0143	0.2972	0.3754	0.4756	-0.0392
113.3333	-0.8501	0.3744	1.3318	0.1900	0.0944
108.3333	-0.3028	0.2422	-1.4178	0.1322	0.0056
98.3333	-0.2954	0.1139	-0.2650	-0.0444	-0.0333
71.6667	-0.3635	-0.0400	-0.2667	-0.2003	-0.1000
43.3333	-0.2522	-0.1611	0.1122	-0.2497	-0.1522
58.3333	-0.2401	-0.1542	0.2054	-0.2622	-0.0689
56.6667	-0.0615	-0.2053	0.0224	-0.2378	0.1539
48.3333	-0.0111	-0.1794	0.0183	-0.2539	0.1006
51.6667	-0.0817	-0.1706	-0.0061	-0.1850	0.0000
56.6667	-0.1361	-0.1494	0.0000	-0.2050	0.0000
53.3333	-0.1333	-0.1411	0.0833	-0.1739	0.0667
50.0000	-0.0167	-0.1744	0.0500	-0.1378	0.0111
53.3333	0.0778	-0.1244	0.0200	-0.0778	-0.1500
96.6667	0.2339	-0.0300	0.5717	-0.0556	-0.0872
170.0000	0.3761	0.0300	-0.0333	0.0167	-0.2689
120.0000	0.9306	0.0622	1.4228	0.2200	-0.0717
305.0000	0.3147	0.1589	-0.2778	0.5128	0.1533
198.3333	0.8525	0.2300	-0.4322	0.5572	1.5601
116.6667	0.7033	0.4794	-0.3117	0.8322	-0.0601
123.3333	-0.3042	0.3561	-0.7028	0.4964	-0.3978
88.3333	0.4075	0.3572	-0.5383	0.3886	-0.2389
170.0000	0.4117	0.2322	-0.0444	0.1650	-0.0167
103.3333	0.1600	0.0639	2.5236	-0.0556	0.0000
283.3333	-0.8906	-0.0967	-1.9719	-0.2300	0.0000
128.3333	-0.8989	0.3289	1.4022	-0.1844	0.0767
126.6667	-1.3783	0.1322	-0.9681	-0.1744	-0.1156
123.3333	-0.6922	-0.1372	0.2903	-0.2550	-0.0917
63.3333	0.2839	-0.2122	-0.0567	-0.3556	-0.1239
46.6667	0.1742	-0.2382	0.2467	-0.3461	-0.1156
58.3333	0.1436	-0.2146	0.0778	-0.2478	-0.1300
51.6667	-0.4844	-0.1811	0.0222	-0.1422	0.0000
56.6667	-1.6094	-0.1847	-0.0693	-0.2578	0.0000
45.0000	-0.0872	-0.1925	-0.1101	-0.2350	0.0000
53.3333	0.2297	-0.1672	0.0361	-0.2189	0.0611
55.0000	0.4103	-0.1394	0.0989	-0.1572	0.0389
118.3333	0.6211	-0.1261	0.4764	-0.0839	-0.0667
63.3333	0.5411	-0.0911	0.3514	-0.0350	-0.1578
170.0000	0.9633	-0.0100	0.2456	0.1711	-0.0183
56.6667	0.7506	0.0000	0.2389	0.3033	0.0306
50.0000	1.6274	0.0650	-0.0361	0.4600	0.0061
63.3333	0.6287	0.0250	-0.7861	0.2667	-0.1594
60.0000	0.5033	0.0000	-0.9808	-0.0761	-0.0444
55.0000	0.9183	-0.0500	-0.7669	0.2317	0.0000
43.3333	0.1000	-0.0300	-0.4700	0.0444	-0.0656
55.0000	1.0006	-0.0100	-0.2278	0.0444	-0.0300
56.6667	-0.7843	-0.0722	-0.0833	-0.0833	0.0056
46.6667	-1.2379	-0.0389	0.0633	-0.2150	-0.0222
210.0000	-0.7456	0.1700	0.6161	0.1206	-0.0444
138.3333	-0.8094	0.7022	2.5361	0.6803	0.2967
130.0000	-0.6233	0.4800	-1.4067	0.5575	0.2256
115.0000	-0.1461	0.2778	-0.3422	0.2233	0.0389
56.6667	-0.3650	-0.0267	-0.0974	-0.2439	-0.1778
58.3333	-0.4339	-0.1717	0.3374	-0.4500	-0.1361
58.3333	-0.7544	-0.2178	0.1678	-0.3839	-0.0281
51.6667	-0.2133	-0.2042	0.2779	-0.3147	0.1553
46.6667	-0.1350	-0.2175	-0.1812	-0.2642	0.2011
43.3333	-0.7906	-0.1622	0.0344	-0.2278	-0.0100
48.3333	-2.6189	-0.1744	-0.0222	-0.2611	0.0011
51.6667	-1.3311	-0.1528	-0.1367	-0.3386	0.0200
58.3333	-0.6758	-0.1167	0.2983	-0.2842	-0.1158
46.6667	-0.3319	-0.0917	0.5483	-0.1894	-0.2231
51.6667	1.7189	-0.0833	-0.0200	0.0744	-0.0911
50.0000	2.9583	0.0444	0.1178	1.6733	-0.0188
38.3333	3.1761	0.1267	-0.0322	2.2444	0.0410
51.6667	1.5844	0.1967	-0.1656	0.6669	0.0389
53.3333	1.0461	0.3511	-0.3011	-0.1125	0.0817
53.3333	1.5367	0.3778	-0.4233	-0.0461	0.1672
45.0000	0.6017	0.0133	-0.1176	-0.2522	0.0889
43.3333	-0.4764	-0.0100	-0.1079	-0.3661	-0.0333
53.3333	-0.5592	-0.0889	0.0100	-0.4678	-0.0278
63.3333	-0.2022	-0.0111	0.0222	-0.3511	0.0722
228.3333	-0.7850	-0.0722	-0.0056	-0.3511	-0.0833
196.6667	-2.0767	0.3367	7.3050	0.1011	0.1600
133.3333	-1.4556	0.3372	-4.2233	0.3167	0.2544
130.0000	-1.3667	0.2682	-1.0287	0.1439	0.1356
56.6667	-0.6339	0.0401	-0.8663	-0.2472	-0.3790
53.3333	0.3869	-0.2067	0.3667	-0.5456	-0.1876
53.3333	0.3092	-0.1950	0.1500	-0.4535	0.0000
53.3333	-0.0800	-0.2156	0.0000	-0.3493	0.1072
36.6667	-0.5757	-0.1733	-0.0650	-0.2422	0.1494
51.6667	0.1307	-0.1806	-0.0617	-0.2328	-0.0444
53.3333	0.0300	-0.1887	0.0244	-0.1400	0.0778
50.0000	0.0961	-0.1101	0.0522	-0.1422	0.0000
155.0000	0.0894	-0.1178	0.4122	-0.1247	-0.0500
115.0000	0.0994	-0.0792	0.6153	-0.0775	-0.1850
148.3333	0.7379	-0.0153	0.1197	0.1239	-0.0550
73.3333	1.1382	0.1000	0.1333	0.2011	0.0000
78.3333	1.5767	0.1197	1.3425	0.4213	0.0444
76.6667	0.7153	0.1092	2.0081	0.2726	0.0056
50.0000	0.0397	-0.0111	-2.4333	0.0511	-0.0500
66.6667	-0.1644	-0.0856	-1.7886	-0.1200	-0.0056
93.3333	0.0478	-0.1100	-0.4892	-0.0833	-0.0944
76.6667	0.4194	-0.0889	-0.2233	0.0278	-0.0844
108.3333	-0.5411	-0.0917	-0.4372	-0.1422	-0.1356
101.6667	0.0468	-0.2153	-0.8053	-0.2544	-0.0800
143.3333	-0.4968	0.2169	1.5803	0.3300	0.0150
130.0000	-0.6256	0.5600	1.3289	0.7442	0.2067
130.0000	-0.3822	0.3850	-0.3517	0.4353	0.2767
86.6667	-0.6489	0.2117	-0.8511	0.0828	0.0917
63.3333	-0.4500	-0.0278	-0.5656	-0.1731	-0.1567
46.6667	-0.4242	-0.1661	0.2707	-0.4092	-0.1111
51.6667	-0.2347	-0.1839	0.5454	-0.3456	0.1389
51.6667	-0.1706	-0.1722	-0.2078	-0.2956	0.1239
51.6667	-0.0694	-0.1758	-0.1401	-0.2428	0.0994
50.0000	-0.2189	-0.1569	-0.0382	-0.2239	0.0285
36.6667	-0.1383	-0.1561	-0.0500	-0.1972	0.0038
53.3333	-0.1039	-0.1194	0.0050	-0.1628	-0.0822
60.0000	-0.1000	-0.0794	0.4822	-0.1178	-0.0361
53.3333	0.2231	0.0000	0.5922	-0.0556	-0.1150
43.3333	0.6125	-0.1000	0.1611	-0.0528	-0.1222
61.6667	0.7333	-0.0900	-0.0983	0.0750	-0.0611
61.6667	1.4833	0.0000	-0.0722	0.0972	0.0000
48.3333	1.3744	-0.0111	0.0250	0.2350	0.0000
46.6667	1.0589	-0.0722	-0.1217	0.3078	-0.0978
48.3333	0.9026	-0.0167	-0.2572	0.1522	-0.0122
50.0000	0.3474	-0.0111	-0.1933	0.1689	0.0000
45.0000	-0.8667	-0.0083	-0.1186	-0.0056	-0.0056
121.6667	-0.1850	-0.0750	-0.1142	0.0050	-0.0833
101.6667	-1.3350	-0.0239	-0.1756	-0.2467	-0.0411
245.0000	-0.7478	0.0983	3.1667	0.0349	-0.0622
96.6667	-1.0265	0.5139	1.4897	0.6257	0.2533
95.0000	-0.7546	0.4028	-3.0692	0.4778	0.2156
96.6667	-0.2500	0.2633	-0.8533	0.1631	0.0533
63.3333	-0.4179	0.0150	0.0768	-0.2103	-0.0700
50.0000	-0.1021	-0.1250	-0.1101	-0.3294	-0.1500
53.3333	-0.1283	-0.1750	-0.0250	-0.3696	-0.0122
43.3333	-0.0472	-0.1672	-0.0772	-0.3026	0.1344
51.6667	-0.0678	-0.1522	0.0278	-0.2267	0.1128
55.0000	-0.1044	-0.1922	0.0744	-0.2049	0.0661
53.3333	-0.0300	-0.0956	-0.0300	-0.1679	0.0833
48.3333	-0.0111	-0.1528	0.0300	-0.1539	0.0056
43.3333	-0.0292	-0.0983	0.0661	-0.1333	-0.0556
65.0000	0.0803	-0.0778	0.6328	-0.1156	-0.0956
106.6667	0.2222	-0.0389	0.2028	0.0000	-0.3178
261.6667	0.4042	-0.0733	0.2006	0.0000	-0.1311
158.3333	0.7119	0.0367	-0.1122	0.0886	-0.1239
520.0000	0.9761	0.0881	0.6172	0.0992	0.2283
160.0000	0.9703	0.2847	1.5483	0.3122	1.2233
395.0000	0.2153	0.1911	-0.7917	0.3067	-0.0800
345.0000	1.3567	0.3299	-0.5165	0.5433	0.6589
316.6667	-0.2719	0.3929	0.1982	0.3378	0.5111
365.0000	-0.1625	0.2589	-0.8344	0.1803	0.2444
238.3333	-0.9928	0.1244	-0.3267	0.0653	0.4894
391.6667	-0.4503	0.3283	0.1172	0.3067	0.3389
296.6667	-2.8824	0.4361	5.1011	0.3939	0.2839
133.3333	-2.2179	0.2244	-3.6356	0.1428	-0.7767
108.3333	-0.9703	-0.0969	-1.6828	-0.3278	-0.6181
66.6667	-0.6519	-0.2108	-0.7744	-0.4026	-0.4514
53.3333	-0.7142	-0.2033	-0.5978	-0.4635	-0.2622
55.0000	-0.2152	-0.2097	-0.5524	-0.4606	-0.1050
55.0000	-0.1376	-0.2253	-0.4888	-0.3861	-0.0611
51.6667	-0.4185	-0.2422	-0.2511	-0.3393	0.0000
41.6667	-0.2523	-0.2156	-0.1150	-0.2090	0.0000
55.0000	0.4569	-0.1850	-0.1017	-0.2644	-0.0250
50.0000	0.6880	-0.2200	-0.1067	-0.2064	0.0050
55.0000	1.0396	-0.1578	0.0122	-0.1686	-0.0650
56.6667	1.0492	-0.1469	0.1000	0.0122	0.0288
66.6667	1.9557	-0.1125	0.4839	0.3958	-0.0682
61.6667	1.2827	-0.0061	1.2022	0.1403	-0.2156
193.3333	1.6690	0.0000	0.7642	0.1678	-0.0539
291.6667	2.7621	-0.0556	0.4975	0.4887	0.0061
253.3333	1.7778	0.1278	0.6300	0.6824	0.9450
95.0000	1.3061	0.3594	1.4267	0.5756	0.0617
71.6667	0.8133	0.1783	0.0728	0.4790	-0.2718
70.0000	-0.8122	0.0000	-0.6756	0.0343	-0.1860
83.3333	-0.2333	-0.0183	-0.0267	-0.0800	-0.1367
110.0000	0.2483	-0.0183	-0.0939	-0.0844	-0.2144
106.6667	-0.6878	-0.0611	-0.2233	-0.2594	-0.0611
201.6667	-0.6433	0.1256	2.9344	-0.1256	-0.0278
198.3333	-0.7472	0.3925	-0.7387	0.4028	0.0111
120.0000	-0.6778	0.3681	-0.7529	0.6628	0.0667
216.6667	-0.0244	0.1933	-0.7806	0.2583	0.0111
55.0000	0.2261	0.0183	-0.2383	-0.2267	-0.1000
41.6667	-0.4711	-0.0489	-0.7350	-0.3244	0.0444
65.0000	-3.5233	-0.0611	-0.5244	-0.3200	0.0556
61.6667	-0.7506	-0.0250	-0.4483	-0.3383	0.1150
61.6667	-0.1506	-0.0750	-0.3622	-0.3031	0.0861
61.6667	-0.3876	-0.0450	-0.1783	-0.2719	0.0444
55.0000	-0.4279	-0.0950	-0.2133	-0.2600	0.0222
61.6667	-0.5333	-0.0722	-0.1989	-0.2178	-0.0500
53.3333	-0.5857	-0.1022	-0.2100	-0.1367	-0.0222
53.3333	0.0996	-0.1300	-0.1656	-0.0100	-0.0306
81.6667	1.9033	0.0872	1.8381	1.1439	-0.2122
95.0000	2.2075	0.1394	0.3619	0.8961	-0.0417
78.3333	1.3864	-0.0222	-1.1661	0.1311	-0.0111
71.6667	1.6111	0.0444	-1.0453	0.1933	-0.0107
68.3333	0.7542	0.0167	-0.7531	0.0718	-0.0565
60.0000	0.3736	0.0767	-0.6567	-0.0063	-0.0706
68.3333	0.5228	0.1467	-0.5957	-0.0100	-0.0389
66.6667	-0.4011	0.0556	-0.2643	-0.0389	0.0625
88.3333	-1.9506	-0.0611	-0.3317	-0.2900	0.0042
156.6667	-1.7411	-0.1094	0.4200	-0.3178	0.0000
95.0000	-1.7760	-0.1194	0.3342	-0.4000	-0.1000
73.3333	-0.3013	-0.1000	0.6019	-0.3311	-0.0250
86.6667	-0.3883	-0.1433	0.5667	-0.2506	-0.0300
85.0000	0.2186	-0.1544	0.1200	-0.2889	0.1161
63.3333	-0.1408	-0.1744	-0.0644	-0.2642	0.1000
60.0000	0.2622	-0.1706	0.0400	-0.2153	0.0367
60.0000	0.4697	-0.1422	0.0000	-0.1589	0.0122
60.0000	0.1103	-0.0817	-0.0100	-0.1028	-0.0306
61.6667	-0.0917	-0.1000	-0.0800	-0.1089	-0.1628
58.3333	-1.2086	-0.0456	0.0300	-0.1039	-0.0917
56.6667	0.2114	-0.1144	0.0450	-0.1347	0.0350
50.0000	0.5189	-0.0883	0.0150	-0.1053	0.0400
63.3333	0.4515	-0.0850	0.1594	-0.0778	-0.1356
73.3333	0.1579	0.0500	0.9158	0.0681	-0.1544
86.6667	0.5250	0.1300	0.9847	0.1958	-0.0917
138.3333	-0.1508	0.0711	0.5589	0.4350	-0.0406
213.3333	2.1211	0.2899	-0.2557	1.3756	0.0681
110.0000	0.6531	0.6046	-0.2743	1.1154	0.1531
236.6667	-0.7596	0.3994	-1.2311	0.4524	0.0322
263.3333	1.7736	0.4283	-0.2489	0.3778	1.0756
235.0000	0.2847	0.3111	-0.9133	0.1992	0.5211
138.3333	-1.7501	0.2044	7.5644	-0.0442	-0.2300
316.6667	-0.6981	-0.0111	-5.0444	-0.3117	-0.1183
218.3333	-1.1558	-0.0639	1.9414	-0.3411	-0.1044
180.0000	-1.0296	-0.0472	-3.1525	-0.3156	-0.1217
191.6667	-0.6987	-0.1094	-0.4439	-0.4111	-0.2622
81.6667	-0.5939	-0.1103	-0.1703	-0.3678	-0.1411
56.6667	-0.9750	-0.1492	-0.4381	-0.3511	-0.0456
45.0000	-0.2795	-0.1889	-0.1156	-0.3650	-0.0667
56.6667	-0.6413	-0.2117	-0.1733	-0.3133	0.0797
58.3333	-0.1055	-0.1472	-0.1678	-0.2489	0.0936
60.0000	0.4113	-0.1111	-0.0806	-0.2217	0.0222
53.3333	0.0257	-0.1472	0.0100	-0.1156	0.0556
61.6667	-0.1165	-0.1317	-0.0172	-0.1567	-0.0306
60.0000	-0.4551	-0.0822	0.5567	-0.1000	-0.1356
45.0000	-0.5071	-0.1222	0.0667	-0.1217	-0.2044
61.6667	0.4322	-0.0556	0.0861	-0.0092	-0.1906
71.6667	1.7019	-0.0917	0.0206	0.1864	0.0167
86.6667	1.5326	-0.0794	0.0278	0.3178	0.0556
81.6667	1.7874	-0.0389	0.1461	0.5847	-0.0778
61.6667	1.1424	0.0000	0.2717	0.5469	-0.0472
103.3333	0.3759	0.0444	0.4344	0.1667	-0.0650
111.6667	1.1327	0.2100	0.5543	0.2578	0.0000
108.3333	-0.8443	0.1278	-0.5932	0.1275	0.0600
108.3333	1.3959	0.1294	-0.1711	0.1053	0.0522
121.6667	-0.1338	0.0883	-0.2783	0.0311	0.0111
293.3333	-0.1510	0.1158	3.0714	-0.0711	-0.0333
108.3333	-0.9233	0.1164	2.1492	-0.1183	0.0778
128.3333	-1.5378	-0.0778	-2.8889	-0.3367	-0.1606
131.6667	-1.0275	-0.1056	-1.2087	-0.3056	-0.1406
90.0000	-0.3186	-0.1100	-0.4062	-0.2206	-0.0111
61.6667	-0.2078	-0.1039	0.6789	-0.2111	0.2044
70.0000	0.0603	-0.1817	0.3094	-0.2411	0.0467
65.0000	0.3058	-0.1522	0.1567	-0.1944	0.0894
56.6667	0.0061	-0.1211	0.2300	-0.1283	0.1039
61.6667	-0.1685	-0.0700	-0.1733	-0.1150	0.0611
58.3333	-0.3904	-0.0806	-0.2722	-0.0878	0.0389
56.6667	-0.3322	-0.0917	-0.1844	-0.0967	0.0111
53.3333	-0.4937	-0.0278	0.2261	-0.0778	-0.1144
61.6667	-0.5640	0.0000	0.0106	-0.0617	-0.3057
58.3333	0.1022	0.0000	-0.0622	-0.0611	-0.0965
83.3333	1.0786	0.0000	0.0444	0.1339	-0.0944
83.3333	1.4114	0.0000	0.1329	0.4017	-0.1039
98.3333	1.4078	0.0833	1.7793	0.9928	-0.0172
100.0000	1.2065	0.0667	0.0839	0.6100	0.1289
105.0000	0.5340	0.0278	-0.3092	0.1764	0.1144
98.3333	0.4983	0.0222	-0.5347	-0.0753	-0.0111
88.3333	0.1950	0.0000	-0.6100	-0.0833	-0.0722
88.3333	0.0561	-0.0444	-1.2911	-0.0278	-0.0389
61.6667	-0.1211	-0.0500	-0.7547	-0.1100	0.0000
86.6667	-1.0314	0.1983	-0.0964	0.1478	-0.0122
195.0000	-1.6819	0.1944	-0.1711	0.0456	0.0122
161.6667	-2.2650	0.2868	0.1618	0.1022	0.1708
196.6667	-0.9258	0.3038	0.1726	0.0028	-0.0208
68.3333	-0.5636	0.1000	-0.0656	-0.2933	-0.0722
61.6667	-0.4678	-0.0889	0.0022	-0.4033	-0.0333
56.6667	-0.2389	-0.0672	0.0872	-0.3883	-0.0444
38.3333	-0.0450	-0.2039	0.0211	-0.3156	0.1667
51.6667	0.0336	-0.1306	0.0000	-0.2433	0.0833
53.3333	-0.1975	-0.1539	0.0061	-0.2239	0.1011
55.0000	-0.2367	-0.1056	0.0000	-0.1633	0.0389
48.3333	-0.0719	-0.1156	0.0489	-0.1906	0.0122
48.3333	-0.0825	-0.1146	0.5551	-0.1367	-0.0644
55.0000	-0.0222	-0.0087	0.4632	-0.0900	-0.2933
58.3333	0.2700	-0.0833	0.0400	-0.0111	0.0222
65.0000	0.4800	-0.0472	-0.4047	0.0056	-0.0667
71.6667	0.8356	-0.1061	-0.5636	0.0894	-0.0917
86.6667	1.1368	-0.0733	-0.1633	0.2039	-0.0683
93.3333	0.0565	-0.0778	0.1378	0.1111	-0.0500
105.0000	-0.8167	-0.0772	0.2283	-0.0556	-0.0600
96.6667	0.2785	-0.0350	0.2756	0.1489	0.0200
106.6667	0.6882	0.0000	-0.1922	0.1272	-0.1389
103.3333	0.4689	0.0000	-0.1394	0.1183	-0.0944
90.0000	-0.0194	0.0100	0.1300	0.0611	-0.0350
203.3333	-0.3539	0.1833	1.7689	0.0500	-0.0550
100.0000	-0.6635	0.2775	3.0110	0.2067	0.0367
110.0000	-0.8885	0.2858	-3.0149	0.3856	0.0000
108.3333	-1.2978	0.5467	-1.1761	0.5997	0.1589
43.3333	-0.3828	0.2717	-0.8642	0.0631	-0.0628
55.0000	0.2072	-0.0450	-0.3214	-0.3183	-0.0378
53.3333	-0.0503	-0.1633	0.2078	-0.4006	0.2378
55.0000	0.0269	-0.2322	0.0589	-0.3882	0.1056
38.3333	-0.0914	-0.2072	-0.1039	-0.3012	0.0494
53.3333	-1.0233	-0.2000	-0.0267	-0.2456	-0.0244
53.3333	-1.0642	-0.1822	-0.1694	-0.2731	0.0856
51.6667	-0.7958	-0.1311	-0.1317	-0.2431	0.0244
38.3333	-0.3222	-0.1383	-0.1272	-0.2556	0.0050
55.0000	-0.3417	-0.1300	-0.1633	-0.2269	-0.1150
65.0000	0.2672	-0.0656	0.4064	-0.0325	-0.1067
105.0000	1.1700	0.0100	0.0042	0.4433	-0.1944
98.3333	2.3153	0.0167	-0.0244	1.6101	-0.1867
196.6667	2.2225	0.1154	0.5406	1.9293	0.0550
48.3333	1.4722	0.2424	0.3656	0.8111	0.1650
40.0000	0.8294	0.3889	-0.2411	0.0556	0.1178
53.3333	1.6906	0.1967	-0.3446	-0.0494	0.0000
51.6667	0.9600	0.1011	-0.4387	-0.2478	0.0611
48.3333	-0.5496	0.0222	-0.3728	-0.4411	0.0889
45.0000	-0.4288	-0.0833	-0.1178	-0.6386	0.0122
45.0000	-0.3800	-0.0675	-0.0642	-0.5247	-0.0622
48.3333	-1.0418	-0.1225	-0.0153	-0.4717	0.0056
51.6667	-1.0365	-0.1000	-0.0856	-0.3667	0.0056
38.3333	-0.7322	-0.1378	0.0733	-0.3561	-0.0278
50.0000	-0.4949	-0.1072	0.1200	-0.2444	-0.0933
50.0000	-0.3240	-0.0717	0.1989	-0.2250	-0.0012
50.0000	-0.1306	-0.0944	0.1028	-0.1750	-0.0288
41.6667	-0.1739	-0.0889	0.1128	-0.1350	-0.0278
46.6667	-0.2289	-0.1100	0.0522	-0.1272	-0.0722
55.0000	-0.2189	-0.0667	0.1256	-0.1156	0.0000
46.6667	-0.2050	-0.0783	0.0661	-0.1056	-0.0444
43.3333	-0.2011	-0.0450	0.0083	-0.1156	-0.1156
50.0000	-0.1461	-0.0389	0.0278	-0.1133	-0.1950
51.6667	-0.0688	-0.0722	0.0322	-0.0667	-0.0100
36.6667	0.4354	-0.0778	0.0722	-0.0500	0.0661
51.6667	1.0519	-0.0111	0.1578	0.0667	-0.0111
51.6667	1.4636	-0.0733	0.1478	0.1722	0.0000
41.6667	0.7406	-0.0367	0.0122	0.1889	0.0000
45.0000	0.7078	0.0000	0.0111	0.2350	0.0000
51.6667	2.3494	0.0672	0.0389	0.6450	0.0056
58.3333	0.7867	0.0872	0.1122	0.4472	0.0944
45.0000	0.0322	0.0556	0.1656	0.2436	-0.0278
61.6667	-0.0114	0.0778	0.1233	0.0569	-0.0500
60.0000	-0.3853	-0.0056	0.1211	-0.1989	-0.0111
55.0000	-0.2022	0.0056	0.0628	-0.1936	0.0111
46.6667	-0.7858	0.0056	0.2322	-0.2936	-0.0222
60.0000	-0.8686	-0.0833	0.2822	-0.2311	0.0000
55.0000	-0.6133	-0.0111	0.3017	-0.2056	0.0000
56.6667	-0.0521	-0.0333	0.2211	-0.1786	-0.0300
48.3333	1.1221	-0.0556	0.1751	-0.0875	-0.0822
56.6667	0.2928	-0.0306	0.2871	-0.0556	-0.1222
56.6667	-0.1050	-0.0794	0.2789	-0.0111	-0.0389
46.6667	-0.0978	0.0000	0.2746	-0.0222	0.0833
61.6667	-0.5467	0.0000	0.3410	-0.0278	0.0000
53.3333	-0.3164	-0.0444	0.3111	-0.0500	0.0000
60.0000	-0.2342	-0.0556	0.2578	0.0000	0.0556
46.6667	-0.0200	0.0000	0.2017	-0.1100	-0.0333
58.3333	-0.5339	0.0000	0.1100	0.0000	-0.0222
56.6667	-0.0856	0.0000	0.0900	0.0961	0.0000
45.0000	1.3011	0.0111	0.1106	0.4144	0.0500
60.0000	2.3664	0.0900	0.1500	1.8569	-0.0167
56.6667	2.1036	0.2089	0.3067	2.0169	0.1478
60.0000	0.6967	0.2824	-0.0506	0.5189	0.1344
61.6667	0.6653	0.4365	-0.4361	0.0078	0.1956
71.6667	1.0514	0.4206	-0.4589	-0.1997	0.1589
90.0000	0.1156	0.3378	-0.4281	-0.2097	0.1472
86.6667	0.7233	0.1117	-0.1042	-0.2111	0.1717
86.6667	-0.2319	0.0111	-0.0111	-0.3533	0.1111
101.6667	-0.3836	-0.1667	0.1656	-0.4861	-0.1444
111.6667	-0.8778	-0.1342	0.5633	-0.1856	0.0667
100.0000	-1.5508	-0.0592	0.6633	-0.2389	0.0778
118.3333	-0.8769	-0.1150	0.5906	-0.2506	-0.0556
98.3333	-0.7022	-0.0250	0.5033	-0.1856	0.0556
71.6667	-0.4467	-0.0222	-0.2117	-0.2944	0.1128
63.3333	-0.2717	-0.0778	-0.1622	-0.2417	0.0772
58.3333	-0.6744	-0.0778	-0.0894	-0.2044	0.1100
56.6667	-0.4436	-0.0894	-0.0006	-0.1733	0.0000
46.6667	-0.6425	-0.0483	0.0400	-0.1800	0.0417
56.6667	-1.0533	-0.0944	-0.0400	-0.1317	-0.0417
58.3333	-0.0783	-0.0800	0.0900	-0.1661	0.0500
56.6667	-0.4061	-0.0433	-0.0511	-0.1439	0.0500
58.3333	-0.2911	-0.0889	-0.1678	-0.1428	-0.0111
156.6667	-0.3560	0.0333	0.7126	-0.1022	-0.2200
70.0000	-0.3774	-0.0111	0.1374	0.0000	-0.1214
401.6667	0.6300	-0.0444	0.5417	0.1078	0.1725
230.0000	2.6161	0.1939	0.5278	0.8889	1.0111
398.3333	1.3894	0.2806	-0.1483	1.3061	0.4939
418.3333	0.8233	0.3856	-0.7467	0.4236	0.6622
253.3333	1.0581	0.0853	-2.3447	0.0147	0.6417
420.0000	0.4242	0.2492	-0.7831	-0.0222	0.1567
493.3333	-0.6133	0.1611	0.8544	-0.1489	0.2932
481.6667	0.0822	0.3011	4.9050	0.0200	0.3424
266.6667	-1.8600	0.2878	0.4861	-0.0550	-0.3194
145.0000	-0.2156	0.1000	0.0833	-0.1169	-0.5917
105.0000	-2.1378	-0.1011	-1.7889	-0.3458	-0.4553
93.3333	-2.0394	-0.1672	-1.1358	-0.3100	-0.3725
63.3333	-0.6239	-0.1722	-0.1136	-0.3311	-0.1933
73.3333	-0.2478	-0.2778	-0.5967	-0.3972	-0.0167
63.3333	-0.2678	-0.1778	-0.4917	-0.3233	-0.0333
56.6667	0.0072	-0.1261	-0.3433	-0.2233	0.1444
60.0000	-0.5983	-0.1144	-0.1300	-0.1783	0.0354
56.6667	0.1240	-0.1067	-0.1944	-0.1744	0.0413
61.6667	0.4815	-0.1217	-0.0572	-0.1144	-0.0600
55.0000	0.0678	-0.0517	0.0200	-0.0881	0.0000
60.0000	0.0931	-0.0833	0.0556	-0.0597	-0.0333
60.0000	-0.0842	-0.0722	0.2092	-0.0722	-0.0839
190.0000	0.4111	0.1056	0.6547	0.0500	-0.3322
328.3333	1.5424	0.0444	-0.1567	0.2011	0.2725
85.0000	1.1442	0.0410	-0.1799	0.3600	0.2081
78.3333	0.9200	-0.0576	-1.4951	0.1714	-0.6456
203.3333	0.4497	-0.0722	-0.2406	0.2803	-0.4478
126.6667	0.3981	0.0111	-0.0250	0.1522	-0.0933
443.3333	1.4071	-0.0000	-0.4150	0.2583	0.2244
161.6667	0.6090	0.1089	-0.1300	-0.0044	0.7061
186.6667	-0.5772	0.0422	-1.1122	0.1756	-0.4407
246.6667	-1.1511	0.1274	-0.2349	-0.0333	-0.1776
438.3333	-0.1125	0.2126	2.3410	0.0806	0.1400
400.0000	-1.3816	0.3539	2.2839	0.0933	1.1656
165.0000	-2.1573	0.0183	-1.6811	-0.2022	0.2456
85.0000	-1.6542	0.0367	-1.2656	-0.3000	-0.4861
63.3333	-1.4200	0.0333	-0.4300	-0.2628	-0.2778
50.0000	-1.2161	-0.1439	-0.3900	-0.3344	-0.0772
55.0000	-0.4919	-0.1656	-0.4133	-0.3467	-0.2322
51.6667	-0.4953	-0.1461	-0.1350	-0.3417	-0.1367
53.3333	-0.3700	-0.1861	-0.1006	-0.2256	-0.1700
51.6667	-0.1050	-0.1617	-0.0533	-0.2050	0.0111
50.0000	0.2539	-0.1300	0.0478	-0.1714	0.0611
55.0000	1.3167	-0.1367	0.0567	-0.0942	0.0333
48.3333	0.5376	-0.1317	0.1069	-0.0111	0.0000
61.6667	0.0912	-0.1067	0.1342	0.0000	-0.0222
75.0000	0.3706	0.0300	0.8717	0.0683	-0.3081
126.6667	1.3185	0.0961	-0.0058	0.4328	-0.1919
73.3333	2.0314	0.0756	0.7797	0.9142	-0.2761
83.3333	0.9854	0.0611	1.9606	0.3225	-0.1300
68.3333	0.7694	-0.0183	-1.6871	0.4578	-0.0161
103.3333	0.3992	0.0222	-0.7262	-0.0339	-0.0778
105.0000	-0.2278	0.0083	-0.9031	-0.2467	-0.0528
108.3333	-0.2529	-0.0825	-0.5314	-0.1050	-0.0472
88.3333	-0.2413	-0.0275	0.1839	-0.1122	-0.0839
101.6667	-0.8387	-0.0333	0.5311	-0.1533	-0.2022
128.3333	-0.8394	-0.0444	0.5933	-0.0333	0.0500
251.6667	-0.5256	0.1439	1.5203	-0.0611	0.0150
136.6667	-1.7283	0.1494	3.1031	-0.1572	0.1122
121.6667	-0.9461	-0.0778	-3.2278	-0.2900	-0.0122
51.6667	-0.6450	-0.1528	-1.0979	-0.2789	-0.0944
51.6667	-0.6236	-0.1872	-0.4299	-0.3006	-0.0256
55.0000	-0.3089	-0.1889	-0.2678	-0.2400	0.0200
55.0000	-0.1264	-0.1144	-0.1533	-0.1922	0.0333
51.6667	-1.1979	-0.0983	-0.0922	-0.1533	0.1767
55.0000	-0.5672	-0.0861	-0.2011	-0.2006	0.0889
45.0000	-0.3718	-0.1111	-0.1111	-0.1822	0.0111
48.3333	-0.1637	-0.0900	-0.2133	-0.1603	-0.0722
53.3333	-0.3570	-0.1089	-0.0922	-0.1458	-0.0278
66.6667	0.0970	-0.1000	-0.1867	-0.1267	0.0000
110.0000	0.4865	0.0722	0.5642	0.1281	-0.2378
166.6667	2.0482	0.0461	-0.0497	0.5325	-0.1956
140.0000	2.0180	0.1083	0.0189	1.3678	-0.2189
46.6667	2.5656	0.1967	-0.0151	1.3739	-0.0578
53.3333	1.4568	0.2022	-0.3126	0.6903	0.0000
45.0000	0.3452	0.2389	-0.5100	0.1508	0.0292
43.3333	0.2220	0.2657	-0.4400	0.0556	0.0375
51.6667	-0.3795	0.2615	-0.2217	-0.1206	0.0944
51.6667	-0.0774	0.1361	-0.2133	-0.2350	0.1489
48.3333	0.1670	0.0722	-0.1922	-0.1467	0.0528
50.0000	-0.6453	0.0000	-0.3028	-0.3322	0.0417
56.6667	-1.2320	-0.1089	-0.2756	-0.4022	-0.0667
111.6667	-1.0213	-0.0922	-0.2000	-0.4122	-0.1272
120.0000	-1.1447	-0.0944	-0.0489	-0.2756	-0.0983
86.6667	-0.8361	-0.1006	-0.0894	-0.2761	-0.0567
56.6667	-0.5222	-0.1317	-0.0050	-0.2522	0.1178
38.3333	-0.0728	-0.1372	0.1039	-0.2939	0.1200
58.3333	-0.1514	-0.1250	0.2939	-0.2311	-0.0500
51.6667	-0.1308	-0.1000	0.2756	-0.1944	0.0375
53.3333	-1.0559	-0.1061	0.1478	-0.1789	-0.1319
53.3333	-0.7852	-0.1033	0.1144	-0.1878	-0.1156
43.3333	0.4060	-0.0906	0.0106	-0.1683	0.0222
50.0000	-1.2000	-0.0833	0.1239	-0.1489	0.0444
55.0000	-0.2179	-0.1289	-0.0900	-0.1286	0.0000
66.6667	1.9431	0.0344	0.8611	0.1236	-0.0872
85.0000	2.1688	0.1111	0.7133	0.5222	-0.2028
120.0000	2.7012	0.0222	-0.5175	0.9164	-0.1478
238.3333	2.1814	-0.0778	-0.8592	0.7336	-0.2022
148.3333	1.2374	0.0833	2.0550	0.8972	0.2208
186.6667	-0.3682	0.1321	1.7126	-0.0678	0.1069
138.3333	0.7228	0.1457	1.4635	0.0183	0.0872
88.3333	-1.1218	0.0356	0.4344	-0.1811	0.1250
371.6667	-0.5030	0.0256	-1.8692	-0.2833	0.1303
320.0000	0.0885	0.1261	-0.4014	-0.1264	1.2083
496.6667	0.0433	0.3067	0.9594	-0.0458	0.5472
185.0000	-1.0044	0.3056	5.1822	-0.1072	0.4208
136.6667	-1.5831	-0.0083	-3.9189	-0.2594	-0.5944
128.3333	-0.9953	-0.1300	-1.8189	-0.2467	-0.4950
63.3333	-1.0587	-0.1122	-0.5333	-0.2056	-0.3033
45.0000	-0.4001	-0.1936	-0.2749	-0.3057	-0.1594
43.3333	-0.9072	-0.1831	-0.4535	-0.3015	-0.1056
51.6667	-0.7917	-0.1906	-0.3944	-0.2622	0.1389
51.6667	-0.5000	-0.1625	-0.2064	-0.2183	0.0944
50.0000	-1.7414	-0.1136	-0.2486	-0.2289	0.0278
53.3333	-0.6653	-0.1111	-0.2889	-0.2256	-0.0944
50.0000	-0.2018	-0.0700	-0.2394	-0.2400	0.0056
50.0000	-0.7126	-0.1011	-0.2150	-0.1881	-0.0111
50.0000	-0.0711	-0.1072	-0.2683	-0.1442	-0.0667
48.3333	1.6531	-0.0400	0.3092	0.1100	-0.1089
136.6667	3.5458	0.1417	0.9258	0.5811	-0.4050
78.3333	2.9411	0.0333	-0.8544	0.5278	-0.3544
153.3333	2.4188	0.0489	-0.0144	1.0767	-0.0650
76.6667	1.4690	0.1217	-0.1032	0.9072	0.0222
96.6667	0.6745	0.4894	1.1565	0.6006	0.0556
186.6667	0.6817	0.4983	-2.1628	0.2522	0.1400
116.6667	0.7014	0.1617	-3.0349	-0.0696	0.0111
163.3333	0.4557	0.0800	2.1676	0.2285	0.1039
331.6667	-0.4386	0.1256	3.8467	0.0122	0.1172
115.0000	-1.0175	0.1428	0.3117	-0.2078	0.1500
288.3333	-1.4994	-0.0250	-1.7967	-0.4178	-0.0333
106.6667	-2.0987	0.2461	1.5483	-0.2294	0.0833
88.3333	-1.8377	-0.0744	-1.1694	-0.2567	0.0400
81.6667	-0.8326	-0.0717	0.0061	-0.2344	-0.0200
45.0000	-0.9198	-0.1122	0.0844	-0.3072	0.0533
55.0000	-0.6378	-0.2389	-0.5633	-0.4011	-0.0333
50.0000	-0.4756	-0.1989	-0.3142	-0.2950	0.0778
55.0000	-1.1508	-0.2261	-0.1269	-0.2733	-0.0111
51.6667	-0.9758	-0.1522	-0.0250	-0.2556	-0.0028
53.3333	-0.5515	-0.0772	-0.1617	-0.2493	-0.0306
41.6667	-1.4340	-0.1522	-0.2200	-0.2213	-0.0483
51.6667	-0.9322	-0.1189	-0.3533	-0.2722	-0.2378
53.3333	-0.6953	-0.1067	-0.2778	-0.2389	-0.0739
56.6667	0.7258	-0.1000	-0.1611	-0.0789	0.0700
121.6667	3.1106	0.0583	1.3567	0.4594	-0.0700
83.3333	2.9042	0.1317	0.4967	2.2439	0.0061
183.3333	2.5203	0.1689	-0.6175	2.4375	-0.0611
58.3333	1.5644	0.2744	-0.1669	0.5803	0.1028
56.6667	0.8575	0.2367	-0.9411	-0.1789	0.0639
61.6667	1.4381	0.3206	-0.8636	-0.2150	0.0028
56.6667	0.8217	0.3389	-0.5136	-0.1817	0.0444
50.0000	1.3486	0.3000	0.0278	-0.0961	0.0928
56.6667	0.6131	0.1928	-0.1272	-0.1961	0.0550
86.6667	0.2322	0.0278	-0.1356	-0.2300	0.1033
143.3333	-1.3032	0.0000	1.0556	-0.2722	0.0381
125.0000	-2.4990	-0.0667	0.8892	-0.3311	0.0875
101.6667	-2.7922	-0.0944	0.3008	-0.3706	-0.0600
85.0000	-1.4411	-0.1306	0.1333	-0.4028	-0.1044
46.6667	-0.9378	-0.1056	-0.2033	-0.4156	0.0056
50.0000	0.5089	-0.1583	-0.3300	-0.3840	-0.0900
51.6667	0.3979	-0.1467	-0.1922	-0.3126	0.1661
50.0000	0.1076	-0.1633	-0.1600	-0.1956	0.1672
56.6667	-0.0617	-0.1706	0.0000	-0.1779	0.0833
51.6667	0.1222	-0.0806	-0.0456	-0.0987	0.0333
51.6667	0.2306	-0.0833	-0.1544	-0.1222	0.0350
65.0000	0.1500	-0.0611	0.5078	-0.0400	-0.1461
46.6667	-0.3267	0.0489	0.5200	0.0000	-0.2194
55.0000	0.6061	-0.0244	-0.6978	0.0900	-0.0794
51.6667	2.5056	-0.0733	-0.4278	0.5189	0.0667
55.0000	3.0242	0.0306	-0.1261	2.0528	0.0456
85.0000	1.7108	0.1406	-0.0150	1.3344	0.0600
95.0000	0.8322	0.1383	0.0478	0.3172	0.1058
78.3333	0.9644	0.1897	0.0211	-0.0311	0.0319
80.0000	-0.2239	0.1108	0.2533	-0.2056	0.0167
80.0000	-0.9506	0.0000	0.3222	-0.4044	0.0111
86.6667	-1.2900	0.0000	0.6161	-0.3850	-0.0389
88.3333	0.2556	0.0000	0.7300	-0.1528	0.0444
221.6667	0.3022	0.0278	0.8133	-0.1528	0.0444
100.0000	-1.0889	0.2550	4.9756	-0.2089	0.0294
121.6667	-1.6176	0.0072	-1.4682	-0.4106	-0.0244
106.6667	-1.3179	-0.0500	-0.9190	-0.2944	-0.0772
73.3333	-1.3878	-0.0400	-0.5333	-0.2622	-0.0347
61.6667	-0.6644	-0.1278	-0.0900	-0.3297	0.1069
55.0000	-1.5589	-0.1150	0.0578	-0.3153	0.0422
55.0000	-1.2122	-0.1333	-0.1633	-0.3150	0.1283
48.3333	-0.7836	-0.1656	-0.2256	-0.3033	0.0967
55.0000	-1.0892	-0.1483	-0.2156	-0.2800	0.0428
53.3333	-0.6468	-0.1200	-0.1333	-0.2533	-0.0306
51.6667	-0.2704	-0.0889	-0.2322	-0.2033	-0.0550
51.6667	0.4911	-0.0311	-0.0406	-0.1544	-0.1189
61.6667	0.6419	0.0422	-0.0383	-0.0389	-0.2611
71.6667	0.5719	-0.0222	-0.5594	0.1194	-0.0222
63.3333	2.6928	-0.0600	-0.9940	0.4847	0.0722
56.6667	3.0085	0.0622	0.2757	2.2692	0.0278
61.6667	2.1160	0.2044	0.5244	2.1111	0.0000
46.6667	0.3478	0.2328	0.1594	0.2440	0.0222
60.0000	1.8265	0.3022	-0.0817	0.2549	0.0000
61.6667	0.6901	0.0683	-0.1306	-0.2756	0.0767
60.0000	-1.8917	-0.0722	-0.1878	-0.7143	0.0661
58.3333	-0.5517	-0.0278	-0.1472	-0.6090	0.0250
123.3333	0.2151	0.0333	-0.2589	-0.1689	0.0208
390.0000	-0.9674	0.2200	3.6344	-0.3422	0.0125
433.3333	-1.2311	0.3550	5.8722	-0.2633	0.4422
251.6667	-1.4304	0.0639	-3.9372	-0.3767	1.1878
306.6667	-2.4063	-0.1333	-2.8283	-0.3828	0.6611
100.0000	-1.4389	-0.1650	-1.1446	-0.3536	0.6356
63.3333	-0.8543	-0.1339	-0.8065	-0.3458	-0.5478
65.0000	-0.0401	-0.1511	-0.2667	-0.3578	-0.3556
53.3333	-0.3903	-0.1378	0.3708	-0.2767	-0.4278
55.0000	-0.5764	-0.1383	-0.4997	-0.2756	-0.3867
50.0000	-0.3633	-0.1517	-0.2333	-0.2189	-0.1814
56.6667	-0.6931	-0.1111	-0.1422	-0.1869	0.0697
50.0000	-0.2247	-0.0867	-0.1700	-0.1953	-0.0122
150.0000	0.5744	-0.0122	0.6322	-0.1178	-0.1972
141.6667	0.3388	0.0933	0.2656	-0.0222	-0.4444
80.0000	1.0251	0.0056	-0.9312	0.0761	-0.1000
65.0000	1.7160	0.0500	-0.7193	0.1528	-0.2967
61.6667	1.8710	-0.0111	0.0544	0.2600	-0.0703
68.3333	1.5429	0.1056	2.1617	0.5036	-0.0297
56.6667	0.6730	0.0056	-0.7778	0.2531	0.1472
56.6667	-0.5903	-0.0667	-0.4100	-0.0222	0.0396
91.6667	-0.0187	-0.0111	0.7553	0.1400	-0.1668
75.0000	0.1029	-0.0833	0.0519	0.0478	-0.0300
81.6667	0.5525	-0.0511	0.0800	0.0778	-0.0600
118.3333	-0.3570	-0.0122	0.4694	0.0389	0.0000
205.0000	-0.3529	0.0689	0.1244	-0.0833	-0.1000
250.0000	-0.0581	0.1333	0.7978	0.0222	0.0383
245.0000	-1.4793	0.0222	0.1311	-0.1856	0.8724
98.3333	-3.1612	0.0000	-0.1369	-0.2317	0.2404
51.6667	-1.7396	-0.0722	-0.1786	-0.3039	-0.4500
48.3333	-0.8127	-0.1650	-0.6506	-0.3606	-0.2344
51.6667	-0.6135	-0.1339	-0.6096	-0.3590	-0.0911
55.0000	-0.4897	-0.1511	-0.3121	-0.3104	0.1356
53.3333	-0.3792	-0.1222	-0.2678	-0.1933	0.0889
53.3333	-0.2233	-0.1289	-0.2556	-0.2006	-0.0083
53.3333	0.2326	-0.1333	-0.1872	-0.1511	-0.0472
53.3333	-0.0049	-0.0833	-0.2217	-0.0983	-0.0444
50.0000	-0.4311	0.0050	0.4944	-0.0833	-0.2003
63.3333	-0.0185	0.0275	0.3806	0.0111	-0.3164
78.3333	1.2051	0.0697	-0.2772	0.1633	-0.1683
80.0000	2.1556	0.0667	-0.5467	0.5676	-0.1250
65.0000	3.6057	0.0310	0.2765	1.5446	-0.0500
78.3333	3.7499	0.0351	0.2579	1.3206	0.0511
81.6667	2.2756	0.1550	0.5733	0.8972	0.1035
61.6667	1.3701	0.2239	0.0506	0.1567	0.1054
53.3333	0.3637	0.1617	-0.3917	-0.0500	0.0278
70.0000	0.4252	0.2333	-0.4311	0.0100	0.0722
91.6667	-0.7826	0.2433	-1.5989	-0.0989	0.0333
81.6667	-0.1607	0.2100	-0.3181	0.0000	0.0967
283.3333	0.3147	0.1306	1.0775	-0.1239	-0.0300
220.0000	-1.2479	0.1789	3.4556	-0.1689	0.1567
195.0000	-1.7603	-0.0642	-2.0293	-0.4006	0.0517
76.6667	-1.1197	-0.0386	-0.4468	-0.3289	0.0917
56.6667	-0.5092	-0.0667	0.2500	-0.2465	-0.0458
50.0000	-1.1578	-0.1078	-0.4697	-0.3518	-0.0397
53.3333	-1.1200	-0.1322	0.0014	-0.2933	-0.0244
51.6667	-0.6183	-0.1028	0.2561	-0.2644	0.0733
51.6667	-0.2278	-0.1406	0.2511	-0.2039	0.1589
56.6667	-0.0978	-0.1176	0.1958	-0.1967	0.0389
48.3333	-0.0828	-0.1335	0.2175	-0.1856	0.0389
55.0000	-0.2978	-0.1267	0.1167	-0.1167	0.0400
53.3333	0.2499	-0.0889	0.1011	-0.1300	0.0300
371.6667	0.0279	-0.0222	1.0678	-0.0722	0.1267
245.0000	0.2500	0.1650	1.5567	0.1056	1.0689
328.3333	0.7304	0.0783	-0.1108	0.1644	-0.0200
245.0000	1.3165	0.2622	0.8908	0.3978	0.1928
351.6667	1.3726	0.3033	1.0333	0.6417	-0.0636
168.3333	1.4440	-0.0378	-2.9889	0.2178	0.8231
76.6667	0.9956	-0.0167	-0.8911	0.5044	-0.5789
63.3333	0.5186	-0.0833	-0.8883	0.0778	-0.4800
71.6667	0.6822	0.0722	-1.2533	0.1428	-0.5417
66.6667	0.2057	0.0500	-1.6331	-0.0600	-0.2028
83.3333	-0.0146	0.0667	0.1136	0.0700	-0.0333
80.0000	-0.6900	-0.0444	0.4778	-0.0525	0.0611
210.0000	-1.7179	0.1208	4.4481	-0.1097	0.0667
123.3333	-1.6124	0.1136	0.0942	-0.2172	0.0411
110.0000	-1.4192	0.0000	-1.1356	-0.2347	0.0362
103.3333	-0.9814	0.0000	-0.1472	-0.1892	-0.1051
81.6667	-0.7014	0.0000	-0.1839	-0.1511	-0.0889
56.6667	0.3367	-0.1089	-0.3100	-0.2715	-0.1394
53.3333	-0.1415	-0.1256	-0.7111	-0.2712	-0.0428
55.0000	-0.1479	-0.1408	-0.3372	-0.2150	0.0122
50.0000	-0.2978	-0.1747	-0.1083	-0.1439	0.0978
56.6667	-0.4728	-0.1050	0.0167	-0.1583	0.0458
48.3333	0.1689	-0.1294	0.1094	-0.1089	0.1486
53.3333	-0.2444	-0.1789	0.1406	-0.0889	-0.0278
53.3333	-0.7694	-0.1033	0.1378	-0.0722	0.0333
65.0000	0.2978	-0.0083	0.3575	0.1750	-0.0556
103.3333	1.9478	0.1544	0.3908	0.6589	-0.2544
141.6667	2.6639	0.0694	-0.6756	0.9619	-0.2267
291.6667	-3.0533	0.0778	-0.2178	-0.0603	-0.3669
293.3333	1.4233	0.1233	2.0657	0.4100	0.9331
108.3333	1.0986	0.1178	-0.6318	0.3014	0.9894
233.3333	1.3881	0.2200	0.7556	0.2442	-0.6703
241.6667	-1.5667	-0.0444	1.4978	-0.3556	0.5369
113.3333	-2.3542	-0.1006	0.0022	-0.3339	0.3089
441.6667	-0.7425	0.0400	3.6650	-0.2272	-0.3422
251.6667	0.9522	0.2119	4.8829	-0.0200	-0.2344
136.6667	-0.5214	0.1186	-5.6824	-0.1489	-0.0728
113.3333	-1.4675	-0.0133	-3.1578	-0.3661	-0.1561
101.6667	-1.2647	-0.0200	-0.9667	-0.3400	-0.1378
95.0000	-1.7886	-0.1200	-1.4592	-0.2950	-0.2011
63.3333	-1.0000	-0.1283	-0.8108	-0.4083	0.0000
55.0000	-1.0122	-0.1928	-0.5850	-0.3750	-0.1389
51.6667	-1.2844	-0.1461	-0.5222	-0.3189	-0.0833
55.0000	-0.3778	-0.1383	-0.4439	-0.3003	-0.1194
48.3333	-0.3899	-0.1767	-0.3344	-0.2214	-0.0572
58.3333	-0.7879	-0.1278	-0.2874	-0.2144	-0.1211
48.3333	0.0736	-0.1622	-0.1954	-0.2050	-0.0856
51.6667	0.5153	-0.1628	-0.1294	-0.2054	-0.1933
50.0000	0.7350	-0.1500	-0.0178	-0.0713	-0.0833
63.3333	0.6975	-0.0650	0.0489	0.1378	0.0467
140.0000	2.7964	0.0400	0.9944	1.0246	0.1283
103.3333	1.6011	0.0500	-0.1100	0.9632	-0.3188
445.0000	0.2717	0.2267	2.6919	1.1922	-0.1907
116.6667	1.2939	0.4117	6.3981	1.0942	0.0667
143.3333	0.5667	0.3172	-4.6628	-0.1797	-0.0583
71.6667	1.2496	0.4119	-3.3644	-0.0944	-0.0083
70.0000	0.5649	0.1992	-2.4206	-0.1306	-0.0528
95.0000	-1.8478	-0.0222	-1.0144	-0.3467	-0.2014
168.3333	0.4475	0.0294	1.5961	-0.2844	-0.0392
238.3333	0.2086	0.0994	1.0950	-0.0439	0.0722
121.6667	-1.0478	0.0811	4.3533	-0.1489	0.0333
123.3333	-0.9875	-0.0872	-3.6989	-0.3667	-0.0250
90.0000	-2.5764	-0.1733	-1.6328	-0.3778	-0.1622
78.3333	-1.8889	-0.1394	-0.2894	-0.3874	-0.1583
53.3333	-0.9056	-0.1700	-0.4544	-0.3854	0.0083
56.6667	-0.7250	-0.2083	-0.2239	-0.3917	-0.0083
56.6667	-0.5586	-0.1661	-0.0061	-0.3474	-0.0244
66.6667	-0.4064	-0.1606	0.0000	-0.2671	-0.0428
53.3333	-0.3333	-0.1857	0.0079	-0.2311	-0.0122
46.6667	-0.4611	-0.1204	-0.0890	-0.1708	-0.0306
46.6667	-0.1000	-0.1456	-0.2433	-0.2081	0.0000
53.3333	-0.0278	-0.1492	-0.0243	-0.1417	-0.0444
55.0000	0.0444	-0.0581	0.3026	-0.0983	-0.0756
50.0000	0.8756	-0.0706	0.2083	0.1400	-0.0100
53.3333	3.8750	0.0150	0.1422	0.8333	0.1253
50.0000	4.0583	0.1561	0.2622	2.9990	0.0597
51.6667	2.9533	0.2189	0.1067	2.0799	-0.0000
81.6667	1.3814	0.1811	-0.6911	0.1750	-0.0244
48.3333	0.7553	0.1089	-1.4431	-0.3078	-0.0061
53.3333	0.1767	-0.0167	-1.1242	-0.5994	0.0489
40.0000	-0.2761	-0.0722	-0.6006	-0.4778	0.0183
55.0000	-0.3033	-0.0761	-0.1968	-0.5011	-0.0917
70.0000	0.4528	-0.0250	0.3479	-0.3803	0.0000
263.3333	-0.4814	0.0000	0.5211	-0.3325	0.0428
131.6667	-0.9275	0.1678	6.8978	-0.1561	0.1117
116.6667	-1.8367	0.0222	-3.5981	-0.3000	-0.0233
125.0000	-2.3851	-0.0056	-1.4453	-0.4333	-0.0578
61.6667	-1.8199	-0.0883	-0.6161	-0.4211	-0.0183
41.6667	-0.7078	-0.1406	-0.0539	-0.3756	0.0661
51.6667	0.0247	-0.1333	-0.1589	-0.3728	0.0167
53.3333	0.5492	-0.1311	-0.0367	-0.2889	0.0611
38.3333	0.1133	-0.1261	0.0617	-0.1556	0.0222
53.3333	-0.3222	-0.0817	0.1550	-0.1000	-0.0667
51.6667	-1.7589	-0.1222	0.1950	-0.1372	0.0347
50.0000	0.2483	-0.0825	0.1189	-0.1744	0.0153
111.6667	0.5339	-0.0886	0.6361	-0.1633	-0.2144
78.3333	0.6278	0.0000	0.6767	-0.0333	-0.2633
133.3333	1.3767	0.0611	0.2833	0.1550	-0.1289
48.3333	2.6983	0.0544	0.1428	0.6397	-0.0978
53.3333	3.1656	0.1444	0.1572	1.4275	0.0489
38.3333	1.2017	0.1106	0.0672	1.1256	0.0611
51.6667	0.8876	0.1890	-0.0031	0.9728	0.0056
51.6667	0.2579	0.1504	-0.4153	0.0383	0.1000
45.0000	-0.3544	0.1200	-0.1544	-0.1294	0.0861
48.3333	0.3663	0.0978	-0.2617	-0.1178	0.0083
50.0000	0.1571	0.0722	-0.1533	-0.1283	0.0500
51.6667	-0.9228	0.1472	0.0100	-0.0889	0.0789
248.3333	-0.5697	0.1628	0.1294	-0.2067	0.0222
128.3333	-0.9531	0.1356	4.6656	-0.3517	0.0589
115.0000	-1.5556	0.0100	-2.5444	-0.3561	-0.0311
86.6667	-2.3872	-0.1156	-1.0211	-0.4733	-0.1289
60.0000	-1.1778	-0.1008	-0.0971	-0.4119	-0.1389
51.6667	-0.9794	-0.1542	-1.1457	-0.3947	-0.0222
40.0000	-0.9828	-0.1511	-0.0961	-0.3778	-0.0278
55.0000	-0.8939	-0.1461	0.0781	-0.3450	0.0983
50.0000	-0.6640	-0.1444	-0.1281	-0.2900	0.1389
45.0000	-0.8399	-0.1300	-0.2044	-0.2261	0.1161
48.3333	-0.9900	-0.1383	-0.1361	-0.2083	-0.0689
51.6667	-0.6033	-0.0817	-0.1800	-0.2250	0.0444
50.0000	-0.8239	-0.0833	0.2139	-0.1933	-0.0806
66.6667	-0.0656	-0.0611	-0.0669	-0.1167	-0.3039
56.6667	1.6185	-0.0756	-0.2586	0.1383	-0.0850
53.3333	4.0482	-0.0367	-0.1900	1.1639	0.1567
63.3333	3.1756	0.1844	1.3767	3.1811	-0.0550
65.0000	1.5268	0.2806	1.3014	1.7283	0.0333
45.0000	0.7921	0.2194	-1.7042	0.1506	0.1111
46.6667	0.8822	0.2444	-1.6078	-0.3567	-0.0611
53.3333	1.0061	0.3733	-1.2232	-0.4117	0.0928
173.3333	0.7128	0.3256	-1.9251	-0.3578	0.0983
78.3333	0.6472	0.2600	-1.1289	-0.2356	0.0822
71.6667	0.5106	0.0756	-1.8519	-0.3231	-0.0111
180.0000	0.0678	-0.1294	-2.6653	-0.5019	0.0589
285.0000	-0.7556	-0.0006	3.2289	-0.1178	0.9889
120.0000	-1.8492	-0.1100	0.6914	-0.2167	0.7667
108.3333	-2.6936	-0.1056	1.0169	-0.3543	-0.5589
73.3333	-1.4828	-0.0567	0.4767	-0.3924	-0.4150
53.3333	-0.7017	-0.1311	0.2911	-0.3983	-0.1639
41.6667	-0.4272	-0.1217	0.3524	-0.3611	-0.1644
51.6667	-1.0589	-0.1072	0.2688	-0.3094	-0.1700
53.3333	-0.6094	-0.1172	0.1294	-0.2722	0.0050
48.3333	-0.3783	-0.1317	0.2189	-0.2436	0.1756
40.0000	-0.5358	-0.1089	0.1083	-0.2058	0.0881
53.3333	-1.1219	-0.0922	0.1778	-0.2111	-0.0886
68.3333	-0.0611	-0.0778	0.7478	-0.1822	-0.0856
61.6667	0.3532	0.0000	0.8506	-0.0350	-0.1822
43.3333	1.7096	-0.0944	0.1044	0.2400	-0.0278
51.6667	3.0056	-0.0056	0.0694	1.1811	0.0889
51.6667	3.1322	0.0778	0.3562	2.0083	0.0467
51.6667	1.8028	0.1722	0.3471	0.8150	0.0188
55.0000	3.0144	0.1422	0.1356	0.5033	-0.0388
50.0000	1.6989	0.3375	-0.3322	0.2422	0.0911
61.6667	0.4228	0.3236	-1.3406	-0.1222	0.0889
61.6667	0.6478	0.2333	-1.7483	-0.2422	0.0550
63.3333	0.9894	0.2572	0.5628	0.0406	0.0772
86.6667	-0.4582	-0.0328	-0.1206	-0.1900	0.0278
201.6667	-0.6318	0.0111	1.2344	-0.1472	0.1056
180.0000	-1.0944	0.1625	2.2482	-0.0872	0.0844
128.3333	-1.6736	-0.1125	-0.9860	-0.3206	-0.0300
175.0000	-1.3903	-0.1394	-0.2017	-0.4022	-0.1392
68.3333	-0.7978	-0.0428	-0.0717	-0.3444	-0.0431
70.0000	-0.7951	-0.0528	-0.1161	-0.3511	0.0889
68.3333	-0.7832	-0.0672	0.1472	-0.3306	0.1507
61.6667	-1.1111	-0.0811	0.1233	-0.2700	0.1471
61.6667	-0.3497	-0.0667	0.1233	-0.2089	-0.0244
68.3333	-0.5953	-0.0944	0.0367	-0.1794	0.0183
66.6667	-0.6517	-0.0828	-0.0900	-0.1867	0.0917
66.6667	-0.5586	-0.1050	-0.1222	-0.1728	0.0000
70.0000	-1.1014	-0.0900	-0.0367	-0.1878	0.0000
66.6667	-0.5300	-0.0100	0.7456	-0.0767	-0.2033
171.6667	0.7785	-0.0400	0.1556	0.1267	-0.2856
168.3333	1.4576	0.0475	1.1194	0.5694	0.0211
381.6667	1.6772	-0.0325	-1.2017	0.7600	0.8633
398.3333	1.6186	0.1472	0.6739	0.7744	1.1183
265.0000	0.1403	0.1072	-0.2521	0.7481	1.0589
345.0000	0.7133	0.1528	-0.5185	0.2508	0.3892
280.0000	0.6600	0.1378	-0.1756	0.0500	0.3114
88.3333	1.1444	0.0606	-1.0414	-0.1167	0.2022
276.6667	-0.7206	0.0417	-0.2719	-0.2244	-0.7133
291.6667	-0.6628	0.0167	0.2256	-0.1511	0.8661
381.6667	-0.8322	-0.0111	0.6067	-0.2838	-0.0728
193.3333	-0.8978	0.2629	6.1826	-0.3301	0.4017
105.0000	-0.9575	0.0693	-2.7715	-0.3378	-0.9572
105.0000	-0.8825	-0.0778	-1.4089	-0.3456	-0.8933
71.6667	-0.7167	-0.0500	-0.4261	-0.2437	-0.4000
55.0000	-0.8903	-0.2261	0.4733	-0.2946	-0.1956
55.0000	-0.7542	-0.1689	-0.0917	-0.2833	-0.1306
56.6667	-1.6322	-0.1161	-0.1319	-0.2906	0.0011
50.0000	-0.6989	-0.0733	0.0842	-0.2611	0.0878
56.6667	-0.1750	-0.0856	-0.0244	-0.2022	-0.0794
51.6667	-0.0967	-0.1235	-0.0890	-0.1767	-0.0222
55.0000	-0.3506	-0.0787	-0.3188	-0.1717	-0.0778
50.0000	-0.2100	-0.0944	-0.1550	-0.1522	-0.0500
56.6667	0.0069	-0.0778	-0.2539	-0.1144	-0.1011
56.6667	0.0797	-0.1103	-0.1003	0.0350	-0.0389
61.6667	1.1706	0.1036	0.8525	0.6511	-0.2583
201.6667	1.0878	0.0567	-0.4600	1.9206	-0.2094
121.6667	1.1406	0.0778	-0.5065	0.3822	-0.2056
321.6667	0.7878	0.1472	-0.0446	0.1056	0.0778
195.0000	0.2650	0.1300	0.3839	-0.0233	1.3893
130.0000	-0.1186	0.0894	-0.7938	-0.2781	-0.1582
110.0000	0.2197	0.2589	0.8010	-0.1275	-0.5617
91.6667	-0.3355	0.1344	-1.0778	-0.1506	-0.3936
70.0000	-0.6187	0.0956	-1.4200	-0.1928	-0.2836
75.0000	-0.7575	-0.0111	-0.9267	-0.2822	-0.2767
275.0000	-0.8989	-0.0067	1.3056	-0.2500	-0.1200
116.6667	-0.9639	0.0789	2.6644	-0.1625	0.0278
115.0000	-1.9800	-0.1211	-1.8485	-0.3736	0.0000
78.3333	-1.3133	-0.1589	-0.6749	-0.3317	-0.0167
63.3333	-1.3217	-0.2144	-0.1344	-0.3761	-0.0111
60.0000	-0.9089	-0.1444	-0.5028	-0.3897	-0.0333
55.0000	-1.3592	-0.1883	-0.3906	-0.3342	-0.1867
55.0000	0.6214	-0.1228	-0.2033	-0.2811	-0.1100
50.0000	0.3539	-0.1772	-0.0639	-0.2381	-0.1150
55.0000	0.0792	-0.1328	0.0428	-0.1497	0.0322
60.0000	0.3492	-0.1022	0.1511	-0.0883	0.1319
53.3333	0.4337	-0.1433	0.0489	-0.0850	0.0708
53.3333	0.7601	-0.0667	0.1850	0.0000	0.0244
68.3333	1.0833	0.0000	0.9333	0.0856	-0.2722
85.0000	0.5094	0.0000	0.0289	0.3506	-0.2683
185.0000	0.3678	-0.0458	-0.0217	0.1456	0.1172
91.6667	0.5756	-0.0642	0.2378	0.3344	-0.2211
160.0000	0.0978	0.0000	-0.5011	0.2694	0.0025
68.3333	1.4589	0.1350	0.2775	0.4189	0.0075
58.3333	-1.8933	0.1028	-0.0608	-0.0122	-0.0500
61.6667	2.0836	0.1428	-0.0167	0.2400	-0.0578
70.0000	0.0131	0.1744	-0.1222	0.0900	-0.0222
76.6667	-1.6829	0.1106	-0.0978	-0.0611	0.0500
108.3333	0.9307	0.0778	-0.2656	0.0056	-0.0333
108.3333	0.5094	0.0444	0.0444	-0.0742	-0.1111
96.6667	-1.5631	-0.0667	-0.2114	-0.2114	-0.0800
108.3333	-1.3875	-0.0722	-0.2008	-0.3300	-0.0733
90.0000	-1.0333	-0.1594	-0.1983	-0.2990	0.0061
73.3333	-1.1343	-0.1656	-0.0189	-0.3087	0.1528
71.6667	-0.3340	-0.1472	-0.1594	-0.2939	0.0167
71.6667	0.5483	-0.1278	0.0000	-0.2617	0.0444
68.3333	-0.3019	-0.1267	0.0025	-0.1544	0.0778
61.6667	-0.3825	-0.1128	0.0275	-0.1711	0.0000
63.3333	0.0603	-0.1272	0.0522	-0.1550	-0.0792
65.0000	0.5953	-0.0906	0.0717	-0.1128	-0.0208
75.0000	0.3900	-0.0428	0.8128	-0.0611	-0.1206
55.0000	0.4911	0.0611	0.8211	-0.0042	-0.2756
58.3333	1.2489	0.0000	0.0344	0.1986	-0.0150
65.0000	1.9556	-0.1100	-0.4524	0.2167	-0.0667
58.3333	0.9678	-0.0722	-0.1399	0.1556	-0.0472
61.6667	1.0389	-0.0628	0.2733	0.1456	-0.1422
63.3333	1.7033	0.0225	0.4622	0.3294	0.0489
66.6667	0.8306	0.0125	0.5144	0.3861	0.0183
51.6667	-0.5839	0.0000	0.2344	0.1889	-0.0367
65.0000	-2.5456	0.0000	0.3006	-0.1056	-0.0733
65.0000	0.8251	0.0000	0.0733	-0.0444	-0.0111
73.3333	-0.1013	-0.0150	0.3439	-0.1617	-0.0278
188.3333	-0.0206	-0.0344	1.2606	-0.0811	-0.0761
123.3333	-1.7494	0.4090	2.6415	0.4561	0.0100
100.0000	-0.7428	0.7149	-2.5365	0.7424	-0.0050
108.3333	-0.3811	0.3656	-1.0767	0.2243	-0.0611
66.6667	-0.0972	-0.0578	-0.7311	-0.2378	-0.0967
65.0000	-1.2228	-0.2217	0.0178	-0.3919	-0.0111
63.3333	-1.0943	-0.2000	-0.2883	-0.4319	0.0722
51.6667	-0.4190	-0.1867	0.1514	-0.3628	0.0167
53.3333	-0.3422	-0.1939	0.4947	-0.2556	0.0000
50.0000	-0.8958	-0.1400	-0.7911	-0.3289	0.0711
46.6667	-0.7497	-0.1633	-0.4186	-0.2389	0.1678
46.6667	-0.2944	-0.1339	-0.4192	-0.2289	-0.0244
115.0000	0.0014	-0.1372	0.1617	-0.2589	-0.0994
70.0000	0.3542	-0.0056	0.2778	-0.0689	-0.1872
130.0000	1.2403	-0.0687	-0.2026	0.2111	-0.0167
48.3333	2.6136	-0.0013	-0.1035	2.1028	0.2131
56.6667	1.8322	0.1256	-0.0100	1.5728	0.0547
40.0000	0.0469	0.0236	-0.1286	-0.4456	-0.0778
50.0000	1.2325	0.0514	0.0097	0.2035	-0.0311
55.0000	-0.7267	0.0794	-0.1167	-0.0807	0.0100
50.0000	-0.4644	-0.0244	-0.1244	-0.5372	0.0100
40.0000	-0.2617	-0.0733	0.0700	-0.5519	-0.0300
53.3333	1.2339	-0.0344	0.0733	-0.2303	-0.0200
80.0000	-0.5875	-0.0083	0.1489	-0.1533	0.0000
260.0000	-0.0036	0.0544	0.9528	-0.1217	-0.0483
91.6667	0.0000	0.4361	5.2872	0.2522	0.0683
121.6667	-1.0811	0.4594	-4.5308	0.4817	0.1189
98.3333	-1.2244	0.3794	-1.8947	0.1461	0.1433
75.0000	-1.7717	-0.1000	-0.6433	-0.3739	-0.0222
43.3333	-0.6572	-0.2411	0.1233	-0.4667	0.0000
50.0000	-0.1922	-0.2367	-0.2717	-0.4656	0.0000
55.0000	0.0900	-0.2061	-0.1683	-0.4039	0.0917
43.3333	-0.3500	-0.1600	-0.2567	-0.3278	0.0083
46.6667	-0.0394	-0.1728	-0.1433	-0.2433	-0.0722
51.6667	0.7783	-0.1456	-0.0667	-0.2206	-0.0278
53.3333	0.1889	-0.1456	0.0000	-0.1356	0.0333
43.3333	-0.2662	-0.0811	0.6633	-0.1211	-0.1356
65.0000	0.4096	-0.0444	0.4067	-0.0667	-0.2978
66.6667	0.7439	-0.0389	0.4844	0.0111	0.0000
60.0000	-0.8311	-0.0333	-0.3258	-0.0056	-0.0794
80.0000	2.9839	-0.0500	-0.0319	0.7817	-0.1417
83.3333	1.4378	0.0778	1.7333	0.7406	0.0122
48.3333	0.2217	-0.0111	0.0544	0.5478	-0.0011
65.0000	1.7553	0.0389	-1.1461	0.4461	0.0458
96.6667	0.0947	0.1228	-0.6300	0.2033	0.0275
73.3333	0.5428	0.1406	-0.7756	0.0133	-0.1000
95.0000	-0.1211	0.0917	-0.6865	-0.1678	-0.0733
95.0000	-2.5707	-0.0550	-0.4163	-0.3815	-0.0411
101.6667	-0.7906	0.0367	0.2444	-0.2390	-0.1267
163.3333	-0.2268	0.4897	3.0275	0.2678	0.2500
103.3333	-0.9896	0.5764	-2.3358	0.3908	0.3025
108.3333	-2.1822	0.1883	-0.9461	-0.0147	0.1153
65.0000	-1.3511	-0.0689	0.0261	-0.3378	-0.1933
71.6667	-0.5033	-0.2456	0.4717	-0.4547	-0.2289
66.6667	-0.4422	-0.2289	0.1789	-0.4392	-0.0222
46.6667	-0.3903	-0.2356	0.1556	-0.3778	0.0567
51.6667	-0.2819	-0.2217	0.1767	-0.3478	-0.0567
53.3333	-0.1611	-0.1683	-0.1894	-0.2906	0.1594
40.0000	-0.0778	-0.1639	-0.1578	-0.2300	0.0061
51.6667	-0.3444	-0.1317	-0.1789	-0.2261	-0.0111
113.3333	-0.2944	-0.0656	0.3583	-0.2144	-0.0944
68.3333	0.3056	-0.0778	0.2433	-0.0756	-0.2078
161.6667	1.3989	-0.0375	-0.0483	0.2342	-0.1422
75.0000	4.4811	0.0097	0.5689	2.2242	0.3550
66.6667	3.4156	0.1000	-0.2744	2.1839	0.1222
78.3333	2.0989	0.0706	-0.1657	0.4000	-0.1122
56.6667	-1.9144	0.0250	-0.5549	-0.2271	0.0794
40.0000	-0.6522	-0.0700	-0.2700	-0.6507	0.0000
55.0000	1.2250	0.0700	-0.0562	-0.2678	-0.0856
50.0000	0.2592	0.0000	0.0835	-0.4128	0.0856
63.3333	0.4392	0.0894	0.4083	-0.3017	0.0000
186.6667	1.5967	0.1261	-0.6667	-0.1050	-0.0244
268.3333	-0.2092	0.1056	-1.0989	-0.1383	0.0356
391.6667	-0.8036	0.0333	-0.1800	-0.1356	1.2511
120.0000	-0.6869	-0.0000	0.0478	-0.2056	0.9567
105.0000	-3.9725	-0.0722	-0.5833	-0.3428	-0.5942
55.0000	-2.1900	-0.0783	0.3672	-0.3700	-0.3897
51.6667	-0.9475	-0.1428	0.1783	-0.3983	-0.1350
51.6667	0.4869	-0.1061	0.1394	-0.3628	-0.0722
41.6667	0.1811	-0.1561	0.1861	-0.2617	-0.1233
53.3333	-0.8786	-0.1378	0.2067	-0.1900	-0.0700
53.3333	-0.0608	-0.1056	0.0711	-0.2056	-0.0444
43.3333	0.6756	-0.0706	0.1117	-0.1506	-0.0150
46.6667	0.3644	-0.0861	0.0700	-0.1150	-0.0917
53.3333	0.4156	-0.0889	0.1217	-0.0861	-0.0889
80.0000	1.5214	-0.0333	0.8768	0.0050	-0.2764
361.6667	1.7900	0.0444	0.7521	0.2422	0.4331
110.0000	0.9681	0.0433	1.0967	0.2044	1.0233
55.0000	0.4272	0.0456	0.1031	0.1851	-0.5817
38.3333	0.1567	0.0000	-0.3897	0.1704	-0.4094
286.6667	0.9556	-0.0500	0.3200	0.1528	-0.3167
196.6667	-0.4381	0.1461	0.9243	0.4500	1.1783
183.3333	1.0108	0.5561	0.1246	0.9572	0.2472
201.6667	-1.1444	0.6433	0.7444	0.5256	0.7811
55.0000	1.2040	0.4722	-0.7854	0.5263	0.1244
78.3333	1.3232	0.2206	-0.5368	0.3110	-0.7482
188.3333	0.4211	0.2222	-0.3833	0.2161	-0.2846
155.0000	-1.9723	0.4056	1.3336	0.0539	-0.1372
115.0000	-1.7825	0.4228	-1.5736	0.2017	-0.1681
108.3333	-1.1046	0.1511	-0.4244	0.0589	-0.1686
66.6667	-0.2950	-0.0444	-0.2044	-0.2922	-0.1578
50.0000	-0.0933	-0.2442	-0.0389	-0.5067	-0.0333
55.0000	0.0322	-0.2692	0.1694	-0.3933	0.0278
51.6667	-0.2639	-0.2717	0.0972	-0.3383	0.1750
43.3333	-0.4539	-0.2728	0.2094	-0.2633	0.1667
45.0000	-0.4989	-0.2678	0.1072	-0.2428	-0.0657
51.6667	-0.3722	-0.1956	0.1256	-0.2411	-0.0138
51.6667	-0.3856	-0.1606	0.0458	-0.2294	0.0000
55.0000	-0.1833	-0.1250	-0.0581	-0.2178	0.0000
40.0000	0.4794	-0.0817	0.0244	-0.1117	-0.0500
61.6667	1.3544	-0.0894	0.2311	0.1461	-0.0917
326.6667	1.9611	0.0222	0.7922	0.4028	-0.1261
251.6667	2.2661	-0.0667	-0.4000	0.6711	0.0778
478.3333	0.7578	0.0667	0.0933	0.3300	0.4633
156.6667	1.2767	0.0550	-0.2417	0.1411	1.4056
336.6667	0.1297	0.0606	-0.0561	0.1778	-0.0300
171.6667	-0.1675	0.1717	-0.4939	0.3011	0.9311
95.0000	0.0306	0.1572	-1.3296	0.3119	-0.3794
181.6667	-0.0350	0.0556	-0.4165	0.0125	-0.7493
320.0000	-0.7811	0.0244	3.9122	-0.0889	-0.5235
265.0000	-0.6656	0.1189	2.7025	-0.2194	0.1222
70.0000	-0.4147	-0.1006	-1.6075	-0.2889	0.2367
60.0000	-0.4225	-0.0928	-0.7994	-0.3672	-0.3389
71.6667	-2.6744	-0.1628	-0.5869	-0.4811	-0.3761
70.0000	-1.8685	-0.1672	-0.4531	-0.4700	-0.1813
73.3333	-0.8199	-0.1644	-0.2900	-0.3789	-0.0504
41.6667	-0.5183	-0.1056	0.1800	-0.2672	0.0000
51.6667	-0.1600	-0.1150	-0.2662	-0.2578	-0.0411
55.0000	-0.7028	-0.1678	-0.1804	-0.1917	0.0111
48.3333	-0.8989	-0.1394	-0.1311	-0.1650	0.0000
41.6667	-0.4089	-0.1128	-0.0768	-0.2072	-0.0389
53.3333	-0.1867	-0.0828	-0.0943	-0.1611	-0.1556
51.6667	0.0671	-0.1000	-0.0244	-0.1500	-0.0056
53.3333	0.4974	-0.0711	-0.0400	-0.0489	0.0000
58.3333	1.7267	-0.0489	0.2650	0.1761	-0.1678
85.0000	3.4167	0.1306	0.8339	2.8772	0.1206
90.0000	1.5256	0.1433	-0.0608	2.5044	-0.1894
63.3333	1.0164	0.2039	-0.0347	0.9478	-0.3006
91.6667	0.6325	0.2200	2.4656	-0.0822	-0.0728
96.6667	0.7696	0.1722	-1.8789	-0.3207	0.0000
78.3333	0.7636	0.2539	-1.3361	-0.6237	0.0244
108.3333	0.6443	0.2244	-2.0811	-0.5789	-0.1078
105.0000	0.4503	0.2111	-0.7900	-0.2344	0.0667
215.0000	0.3731	0.2517	1.6917	-0.2722	0.0839
303.3333	0.1253	0.2256	0.3822	-0.1833	0.1483
271.6667	-0.2122	0.7922	-0.4022	-0.0556	0.1444
116.6667	-0.2878	-0.0175	-1.5922	-0.1556	0.0400
106.6667	-3.8558	-0.2164	-0.2372	-0.3928	-0.1856
85.0000	-3.3203	-0.2256	0.1544	-0.4150	-0.1717
70.0000	-1.3800	-0.2364	0.2717	-0.4875	-0.0706
48.3333	-0.6008	-0.2419	-0.1211	-0.4192	-0.1172
55.0000	-0.2919	-0.2044	0.1400	-0.4022	-0.0450
51.6667	-0.5658	-0.2411	0.3189	-0.3171	0.0000
40.0000	-1.1381	-0.2144	0.0211	-0.2957	0.0212
53.3333	-0.4689	-0.1883	0.1094	-0.2378	0.1076
51.6667	-0.6261	-0.1744	0.1239	-0.1822	0.1406
103.3333	-0.4044	-0.0706	0.3292	-0.1839	-0.1239
76.6667	0.4039	0.0000	0.2175	-0.0444	-0.2414
170.0000	2.4707	0.0000	0.3222	0.2437	0.0958
53.3333	6.7115	0.0867	0.3303	3.0051	0.2967
55.0000	3.7222	0.1994	-0.2864	2.9072	0.0200
53.3333	1.9797	0.1750	-0.2622	0.8978	0.0833
51.6667	0.7986	0.1739	-0.0744	-0.1083	0.0000
81.6667	0.7556	0.2306	-0.3061	-0.3367	-0.0111
81.6667	1.0886	0.2489	-0.3578	-0.4889	0.0867
80.0000	0.9853	0.1844	-0.0911	-0.2578	0.1811
81.6667	0.0344	0.1511	0.0556	-0.2289	0.0822
105.0000	-0.2647	0.0389	0.4106	-0.2089	0.0061
265.0000	-1.6008	0.0406	0.9500	-0.3467	-0.0122
126.6667	-1.9203	0.3978	1.3375	-0.1844	0.1283
135.0000	-1.1450	-0.0494	0.2264	-0.4078	0.0278
110.0000	-1.5992	-0.1389	0.0100	-0.4667	-0.0556
53.3333	-0.7789	-0.1268	0.2100	-0.4063	-0.0333
65.0000	-0.9685	-0.1510	0.0061	-0.3999	0.1000
55.0000	-0.8060	-0.1444	0.2078	-0.3306	0.0944
55.0000	0.2511	-0.1139	0.2067	-0.2878	0.0206
38.3333	-0.3708	-0.1428	0.3028	-0.2244	-0.0011
53.3333	-1.9392	-0.0933	0.0522	-0.1522	-0.0361
53.3333	-0.9778	-0.1800	-0.1700	-0.2489	0.0222
50.0000	-0.5303	-0.1356	-0.1350	-0.2394	-0.0935
51.6667	-1.0686	-0.0611	0.1283	-0.1906	-0.2704
68.3333	0.7511	0.0000	0.3172	-0.0836	-0.1111
50.0000	1.3461	0.0000	0.1575	0.2103	0.1656
55.0000	2.2694	0.0000	-0.2614	2.6622	0.3469
40.0000	1.1667	0.1256	0.0367	2.6911	0.0447
51.6667	0.8324	0.1844	-0.2357	0.8236	-0.0933
53.3333	0.4115	0.1828	-0.4387	-0.1664	-0.0111
53.3333	0.7233	0.2378	-0.5706	-0.5022	0.0222
40.0000	0.0942	0.2144	-0.5506	-0.6892	0.0400
56.6667	0.3297	0.2597	-0.4889	-0.4425	-0.0844
50.0000	0.0622	0.1942	-0.2522	-0.4122	0.0844
65.0000	0.2528	0.1122	-0.1456	-0.4022	0.0500
245.0000	-0.0744	0.0208	-0.7429	-0.4433	0.0000
133.3333	-0.5878	0.0403	-0.7343	-0.3217	-0.0100
138.3333	-0.9375	-0.0556	-1.2200	-0.3100	0.0878
118.3333	-3.9397	-0.1083	-0.2278	-0.4161	-0.1817
56.6667	-2.5333	-0.1094	0.5139	-0.4278	-0.1306
55.0000	-1.1544	-0.1611	0.3722	-0.4578	-0.0800
41.6667	-0.7911	-0.1678	0.1115	-0.4258	-0.0244
51.6667	-0.7389	-0.1711	0.2196	-0.3769	0.1489
53.3333	-0.6256	-0.1439	0.1656	-0.2933	0.0983
55.0000	-0.5900	-0.1422	0.0861	-0.2628	0.0617
38.3333	-0.5912	-0.1472	0.1483	-0.2433	0.0200
50.0000	-0.4476	-0.1567	0.0867	-0.1822	-0.0911
66.6667	-0.2650	-0.1089	0.6222	-0.1967	-0.1111
115.0000	0.9175	0.0000	0.0269	-0.0911	-0.1556
60.0000	2.5997	-0.0500	-0.6481	0.1294	-0.1422
175.0000	6.4400	0.0294	0.3689	3.1394	0.2850
71.6667	2.8722	0.2901	1.6971	3.5022	0.0517
83.3333	1.7872	0.3504	1.1562	0.9326	-0.0067
76.6667	0.8850	0.0011	-6.0656	-0.9060	-0.5556
65.0000	-0.0711	0.1744	0.2556	-0.3528	0.2267
70.0000	0.3178	0.3394	0.7919	-0.5650	0.2146
70.0000	0.1767	0.3183	0.4108	-0.3700	0.1754
68.3333	0.0028	0.2233	0.3633	-0.2769	0.0989
81.6667	-0.1511	0.1333	-1.5476	-0.2619	-0.0325
113.3333	0.0856	0.0000	-1.9763	-0.3344	0.0525
133.3333	-0.2600	0.0800	1.5789	-0.1767	0.1000
111.6667	-0.5551	-0.0400	0.4528	-0.2817	-0.0333
100.0000	-4.3976	-0.0900	-0.0061	-0.4217	-0.2239
75.0000	-2.7489	-0.1750	0.4650	-0.4556	-0.0328
55.0000	-1.2583	-0.1461	0.3667	-0.5117	0.1228
55.0000	-1.0289	-0.1585	0.3847	-0.4272	0.1833
40.0000	-0.6047	-0.1149	0.1125	-0.3689	0.0694
56.6667	-0.3181	-0.1400	0.0222	-0.3389	-0.0244
51.6667	-0.0767	-0.1706	-0.0122	-0.2472	0.0489
55.0000	-0.5556	-0.1172	0.0100	-0.2000	0.0611
51.6667	-0.9178	-0.1406	0.0733	-0.1894	-0.0278
38.3333	-0.3883	-0.1472	0.0493	-0.1744	-0.0189
58.3333	0.5549	-0.1300	0.0296	-0.0444	-0.0633
166.6667	2.9757	0.0600	1.1522	0.1468	-0.1389
173.3333	5.6511	0.0200	-1.3513	3.2232	0.2389
85.0000	2.6856	0.0722	-1.8465	3.0211	-0.1000
96.6667	1.8717	0.1361	-0.1272	0.9606	-0.0656
88.3333	1.0567	0.1628	-3.4189	-0.7075	-0.1161
103.3333	-0.1733	0.2589	-1.6414	-0.6697	-0.1361
41.6667	0.2317	0.3089	1.3308	-0.6011	-0.1456
55.0000	0.5322	0.3489	0.6456	-0.2722	0.1233
58.3333	0.3490	0.2442	-0.4217	-0.2572	0.1581
51.6667	0.4499	0.1947	1.7167	-0.1150	0.1636
203.3333	0.1361	0.0833	1.4828	-0.1372	0.1283
161.6667	-0.0039	0.0722	4.9842	-0.2172	0.0500
98.3333	-0.6356	-0.0167	-3.6386	-0.2556	0.0000
98.3333	-4.0211	-0.0667	0.1522	-0.3244	-0.0111
71.6667	-2.8411	-0.1133	0.3911	-0.4267	0.0000
56.6667	-1.6946	-0.1600	0.4129	-0.4717	0.0000
55.0000	-1.0299	-0.1544	0.3543	-0.4206	0.0000
41.6667	-0.9772	-0.1333	0.4717	-0.3767	0.0722
58.3333	-0.4375	-0.1539	0.2256	-0.3278	0.0578
50.0000	-0.0942	-0.1239	0.1633	-0.2600	0.1267
58.3333	-0.3700	-0.1056	0.1956	-0.1981	0.0333
50.0000	-0.4103	-0.1157	0.1549	-0.2047	0.0000
51.6667	-0.2764	-0.1554	0.1840	-0.1583	0.0122
73.3333	0.6364	-0.0833	0.4339	0.0222	-0.0122
246.6667	2.3503	0.0000	0.5806	0.1811	-0.0590
95.0000	5.7611	-0.1044	-0.6439	2.4178	-0.2787
273.3333	3.1756	-0.0300	0.5039	2.4900	0.1433
90.0000	2.1503	0.1478	0.9611	1.2906	-0.0511
110.0000	1.4131	0.2289	0.0394	-0.0739	0.1006
138.3333	0.8306	0.3500	-0.9478	-0.3483	0.0783
80.0000	-0.2462	0.4422	-1.8400	-0.4914	0.0672
160.0000	-0.2588	0.4247	-0.3921	-0.4603	0.1094
75.0000	0.4472	0.3397	-1.3007	-0.2533	0.0778
70.0000	0.2970	0.1711	0.8778	-0.1689	0.1222
93.3333	-0.0569	0.0633	1.1744	-0.1297	0.1158
176.6667	-0.4182	-0.0333	1.2919	-0.1303	0.1047
126.6667	-1.1818	-0.0350	0.9992	-0.4740	0.1906
116.6667	-5.0399	-0.1050	0.5033	-0.3529	0.0889
71.6667	-2.8328	-0.0833	-0.2089	-0.2965	-0.0111
53.3333	-1.1506	-0.1156	-0.1211	-0.4656	-0.0333
58.3333	-0.9201	-0.1378	-0.2056	-0.3889	0.0333
51.6667	-0.4396	-0.1258	0.0300	-0.3542	-0.0278
56.6667	-0.4520	-0.1153	-0.0778	-0.2864	-0.1617
53.3333	-0.4577	-0.0783	-0.0722	-0.2444	-0.1094
55.0000	-0.6221	-0.1539	-0.0822	-0.2044	0.0672
55.0000	-0.0379	-0.0800	0.0244	-0.1752	0.0539
51.6667	0.3987	-0.1156	-0.0778	-0.1354	0.1111
53.3333	0.9783	-0.1333	-0.0544	0.0338	0.0444
148.3333	2.2194	-0.1089	0.4014	0.3386	0.0783
121.6667	5.8867	0.1194	1.1297	3.2904	0.3311
153.3333	2.9389	0.1967	0.0989	2.4174	0.0072
178.3333	1.5320	0.2733	-0.5272	0.9386	-0.0778
161.6667	0.7792	0.4261	-4.4850	-0.1271	-0.0789
86.6667	-0.0810	0.4622	-1.7089	-0.5707	-0.0122
75.0000	0.0011	0.2522	-0.0300	-0.5437	0.1022
88.3333	0.1545	0.3319	-0.2150	-0.2213	0.0722
103.3333	0.1275	0.1858	-1.3928	-0.5005	0.0944
91.6667	-0.4296	-0.0167	0.6522	-0.3606	0.0167
83.3333	1.1090	-0.1333	1.4219	-0.1294	0.0917
285.0000	0.1590	0.0000	3.0081	-0.1494	0.0539
120.0000	-0.2072	-0.1189	1.4989	-0.5878	0.0222
86.6667	-5.6078	-0.2489	1.3556	-0.7472	0.0222
56.6667	-4.1911	-0.1228	-0.1378	-0.0911	-0.0444
58.3333	-1.5071	-0.1250	-0.0272	-0.4122	0.0444
56.6667	-0.9939	-0.1044	0.0372	-0.4472	0.0911
58.3333	-0.6407	-0.0861	0.0672	-0.3328	0.1300
51.6667	-0.5257	-0.0828	0.0183	-0.2961	0.0722
55.0000	-0.0872	-0.1000	0.1233	-0.2417	0.0056
56.6667	1.1093	-0.0844	0.0811	-0.1556	0.0111
50.0000	0.3708	-0.0644	0.3494	-0.1111	0.0100
56.6667	-0.0520	-0.1172	0.3056	-0.0107	0.0200
50.0000	0.0569	-0.0839	0.2250	0.0829	0.0600
60.0000	1.8533	-0.0611	0.5122	0.2583	0.0000
183.3333	5.7811	0.1078	1.8556	2.9519	0.3180
143.3333	2.8376	0.2189	-0.4322	3.0819	0.1340
135.0000	1.7185	0.2979	0.3736	0.8633	-0.0501
50.0000	1.0486	0.1837	-0.7297	-0.5444	-0.0676
56.6667	0.1039	0.1306	-1.3672	-0.8206	-0.0243
56.6667	-0.1415	0.0611	-0.9019	-0.7456	0.0286
56.6667	0.4863	0.0000	-0.9736	-0.5550	0.0524
50.0000	0.1962	0.0667	-0.8233	-0.4139	0.0119
55.0000	-0.2928	-0.0222	-0.7111	-0.3550	0.0157
56.6667	-0.9159	-0.0139	-0.6903	-0.2733	0.0484
50.0000	-0.5467	-0.0306	-0.6597	-0.2800	0.0180
60.0000	-1.6506	-0.0722	-0.2806	-0.2194	-0.1012
78.3333	-4.3289	-0.1061	1.1657	-0.6472	-0.0067
63.3333	-3.0544	-0.1817	1.4993	-0.7694	-0.1242
58.3333	-1.1071	-0.1289	0.6678	-0.1193	0.1127
53.3333	-0.5458	-0.0333	-0.0644	-0.2879	0.1344
55.0000	-0.2459	-0.0778	0.0611	-0.2811	0.0000
58.3333	-0.0268	-0.0428	0.0489	-0.2081	0.0722
55.0000	-0.4566	-0.0672	-0.0711	-0.2092	0.0278
53.3333	-0.3261	-0.0542	-0.0511	-0.1856	-0.0222
56.6667	-1.7981	-0.0658	-0.1078	-0.1628	-0.0111
65.0000	-1.4644	-0.0089	0.8178	-0.1444	-0.1844
55.0000	0.4212	0.1039	0.3550	0.0722	-0.3489
56.6667	4.0509	-0.0950	-0.1450	0.4278	0.1506
61.6667	4.4401	0.0000	-0.1944	2.1851	0.2350
66.6667	2.0057	0.1339	-0.1650	1.5843	-0.1089
55.0000	2.3637	0.1517	0.2993	0.8156	0.0556
61.6667	0.7217	0.1833	0.3057	0.2789	0.0444
135.0000	0.6046	0.2011	0.4322	-0.2139	0.0700
173.3333	1.5201	0.1267	0.4358	-0.2722	0.1100
88.3333	-0.5264	0.1294	-0.0353	-0.4567	-0.0527
70.0000	0.4079	0.0939	-0.7178	-0.2122	-0.0140
78.3333	-0.1461	0.0500	-0.5369	-0.2050	0.1290
268.3333	-1.5815	0.0622	0.7086	-0.3067	0.0340
120.0000	-2.3498	0.1644	3.6678	-0.3717	-0.0202
110.0000	-2.7558	0.0111	-0.8200	-0.2989	0.1438
95.0000	-1.3699	-0.0778	0.0897	-0.2500	-0.0300
71.6667	-0.7352	0.0000	-0.1792	-0.3667	0.0654
71.6667	-0.8402	-0.1039	0.0589	-0.3631	0.0646
60.0000	-0.8925	-0.0672	0.3900	-0.2975	0.0489
51.6667	-0.5300	-0.0689	0.1039	-0.2456	0.0411
55.0000	-0.4620	-0.0822	0.1878	-0.2292	-0.0685
56.6667	-0.4445	-0.0778	0.2678	-0.2025	0.0587
56.6667	-0.3050	-0.0611	0.2906	-0.1511	-0.0676
50.0000	-0.2367	-0.0572	0.2700	-0.1381	-0.1626
71.6667	-0.0242	-0.0244	0.4228	-0.0886	-0.0500
63.3333	0.3886	0.0306	0.8467	-0.0500	0.0004
60.0000	0.6483	-0.1311	1.6822	-0.0111	-0.0208
56.6667	0.4117	-0.0967	0.2200	0.0744	0.0295
55.0000	1.3933	-0.0563	0.0738	0.1889	0.0333
53.3333	0.8956	0.0263	0.2757	0.2500	-0.0424
56.6667	1.3222	0.0600	0.2117	0.5106	0.0485
58.3333	2.0092	0.0722	-0.0600	0.7894	0.0515
53.3333	1.0697	0.1436	-0.2625	0.4408	0.1000
53.3333	0.8878	0.1386	-0.2942	0.1927	0.0000
56.6667	-0.1069	0.0856	-0.2544	-0.0277	0.0250
63.3333	-0.4147	0.0600	-0.0922	-0.0904	0.0650
126.6667	-1.0006	0.0167	0.8328	-0.2798	-0.0583
101.6667	-0.7611	0.0333	0.8983	-0.4624	-0.5282
105.0000	-1.6035	-0.1350	-0.1050	-0.2765	-0.2035
95.0000	-3.6432	-0.1008	-0.2361	-0.1729	-0.0340
68.3333	-1.5911	-0.0931	-0.1111	-0.3339	0.0580
58.3333	0.0349	-0.0356	-0.2622	-0.3324	0.3215
56.6667	0.0579	-0.0856	-0.2811	-0.2512	0.1543
51.6667	-0.2928	-0.0389	-0.2111	-0.1832	0.0693
56.6667	-0.0302	-0.0611	-0.1650	-0.1312	0.0171
56.6667	0.2387	-0.0375	-0.0061	-0.1467	0.0755
53.3333	0.2099	-0.0636	0.0022	-0.0792	0.0384
51.6667	0.0878	-0.0667	0.0000	-0.0444	-0.0083
68.3333	-0.7960	-0.0222	0.1333	-0.0437	-0.0069
110.0000	0.2981	0.1000	0.4156	0.1593	-0.3674
76.6667	1.5121	0.0350	-0.0400	0.2274	-0.2602
161.6667	2.1225	0.0450	0.4128	1.2306	-0.0143
65.0000	2.1965	-0.0100	0.8358	2.5768	-0.6271
63.3333	1.5580	0.0200	1.4825	0.3689	-0.2886
55.0000	2.1824	0.0444	-0.6900	0.1623	0.4233
56.6667	-0.0847	0.1331	-1.3249	-0.0757	0.2726
73.3333	1.3925	0.2075	-0.4162	-0.2290	0.1324
80.0000	-0.0264	0.2422	-0.6111	-0.2176	0.1145
76.6667	-0.2106	0.1772	-0.7161	-0.2349	0.1181
75.0000	-1.0211	-0.0208	1.2408	-0.5061	0.0086
91.6667	-2.8880	-0.1103	2.8275	-0.6789	0.0296
101.6667	-4.2120	0.0122	-0.1789	-0.0922	0.0637
95.0000	-0.7172	0.0244	-1.1303	-0.4450	-0.0205
85.0000	-0.2879	-0.0972	-0.5308	-0.3991	-0.1690
61.6667	-0.4283	-0.1278	-0.2894	-0.3491	0.0183
55.0000	-0.8677	-0.0750	-0.1944	-0.3057	0.1198
56.6667	-0.5531	-0.0833	-0.3189	-0.2756	0.1138
56.6667	-0.1073	-0.0389	-0.1794	-0.2410	0.1052
56.6667	-0.4635	-0.0778	-0.1089	-0.1665	0.0786
56.6667	-0.8987	-0.1100	-0.2017	-0.1771	0.0638
50.0000	-0.1321	-0.0389	-0.2728	-0.1579	-0.0217
56.6667	-0.3603	-0.0611	-0.2278	-0.1594	-0.0472
61.6667	-0.4567	-0.0500	-0.0283	-0.1031	0.0255
48.3333	0.6826	0.0500	-0.0969	-0.0069	-0.3964
58.3333	1.9763	0.0000	-0.0514	0.6350	-0.1474
51.6667	2.4300	0.0222	0.4089	1.2693	0.0700
48.3333	2.0579	0.0306	0.3236	0.1126	-0.0829
58.3333	0.4076	0.0083	0.1658	0.0428	0.0000
50.0000	0.9244	0.0817	-0.0333	0.5817	0.0000
55.0000	1.7867	0.1672	-0.2300	0.5380	0.0643
56.6667	1.3722	0.2456	-0.4172	0.3694	0.1225
56.6667	1.2944	0.1767	-0.3333	0.0458	0.0908
68.3333	0.0022	0.0333	-0.1967	-0.0815	0.0124
118.3333	-0.0136	0.0444	0.7178	-0.2523	-0.0446
208.3333	-0.6208	-0.0889	1.8244	-0.4215	-0.0573
105.0000	-2.7333	0.0889	1.6167	-0.1157	0.0119
123.3333	-1.7222	-0.0292	-2.0624	-0.2633	0.0000
100.0000	-1.9175	-0.0597	-0.4899	-0.2948	0.0000
71.6667	-1.5158	-0.0111	0.4378	-0.2772	0.0188
60.0000	-1.1500	-0.1089	0.3322	-0.3298	0.1490
56.6667	-0.4857	-0.0844	-0.2661	-0.3608	0.0833
55.0000	0.1657	-0.0417	-0.2956	-0.2636	0.1044
53.3333	0.1011	-0.0928	-0.0961	-0.2260	0.0278
58.3333	-1.2843	-0.0722	-0.1972	-0.1105	0.0167
58.3333	-1.0479	-0.0778	-0.2339	-0.1867	0.0292
50.0000	-0.6578	-0.0956	-0.2700	-0.1983	0.0042
58.3333	-0.3578	-0.0408	-0.2997	-0.1339	-0.0333
146.6667	0.7389	-0.0125	-0.0931	0.0334	-0.2022
176.6667	1.7956	-0.0222	-0.0844	0.4068	0.0339
338.3333	3.8336	-0.0861	1.1767	2.6280	0.8718
93.3333	1.5164	-0.0088	-0.2683	2.4978	0.6832
73.3333	1.2611	0.0893	0.0289	0.9084	-0.6484
355.0000	1.5231	0.1733	0.2322	-0.3710	0.0165
301.6667	0.6469	0.4400	-0.0850	-0.5535	0.8470
268.3333	0.9133	0.3711	-1.4111	-0.4144	0.2025
318.3333	0.3100	0.3733	-2.9389	-0.4579	-0.1888
201.6667	-0.1143	-0.0756	-0.9756	-0.5299	0.7209
351.6667	-0.1779	-0.0278	-1.2269	-0.4444	0.0389
231.6667	-1.1194	-0.0333	-0.1292	-0.1878	-0.0882
348.3333	-1.7236	0.1211	0.4000	-0.2675	-0.4711
208.3333	-0.8858	-0.1322	-2.8294	-0.7969	0.0462
120.0000	-4.3011	-0.1272	-0.2978	-0.3722	-1.2932
63.3333	-3.2606	-0.2089	0.3156	-0.4917	-0.6840
55.0000	-1.7400	-0.1756	0.1983	-0.4939	-0.5642
61.6667	-0.9767	-0.2003	0.1310	-0.4789	-0.0451
58.3333	-0.4239	-0.1881	0.1190	-0.3558	-0.2333
63.3333	-0.3200	-0.1222	-0.1011	-0.3000	-0.3124
60.0000	-0.3011	-0.1067	-0.2172	-0.2539	-0.1989
60.0000	0.6976	-0.0756	-0.3683	-0.1945	-0.2744
60.0000	-0.0526	-0.0861	-0.3683	-0.1569	-0.2372
56.6667	-0.0061	-0.1039	-0.3675	-0.1107	-0.2156
63.3333	-0.0685	-0.1056	-0.4464	-0.0708	-0.1789
113.3333	0.5940	-0.0556	-0.5689	0.1450	-0.2000
133.3333	1.0011	-0.0244	-0.7489	0.5486	0.1631
118.3333	0.5624	-0.0856	-0.6342	0.6898	0.2111
158.3333	1.0832	0.0672	0.3897	1.2302	0.2042
96.6667	0.8567	0.0817	1.3500	0.4956	0.1167
116.6667	0.0821	0.2186	0.3372	0.0156	0.0922
113.3333	0.0857	0.3869	-2.5172	-0.2760	0.0778
106.6667	0.5078	0.0333	-2.9000	-0.2799	-0.0010
130.0000	-0.3764	-0.1111	-0.9767	-0.2810	-0.8818
111.6667	-0.6181	-0.0789	0.2236	-0.2643	-0.6167
241.6667	-0.6744	-0.0672	0.1992	-0.2521	-0.1317
166.6667	-1.0431	0.0939	6.0656	-0.4222	0.4978
90.0000	0.3464	-0.2544	-6.1350	-0.5112	0.2311
86.6667	-2.8222	-0.1600	0.2456	-0.3692	0.0122
75.0000	-2.0369	-0.1122	0.3922	-0.3360	-0.0092
61.6667	-0.5069	-0.1311	0.9024	-0.2651	-0.0295
48.3333	-1.1517	-0.2017	1.0376	-0.2769	0.0386
53.3333	-1.3240	-0.1333	0.3400	-0.2987	0.0643
55.0000	-1.0582	-0.1817	0.2017	-0.2614	0.0905
51.6667	-0.3678	-0.0700	0.1283	-0.2348	0.0692
40.0000	-0.1422	-0.0700	0.1533	-0.2040	0.0171
51.6667	0.2444	-0.1000	0.0822	-0.1738	-0.0411
56.6667	0.8146	-0.0889	0.1336	-0.1033	0.0300
51.6667	0.9965	-0.1150	0.1003	0.0386	0.0600
93.3333	2.4089	0.0061	1.0150	0.4923	0.0914
118.3333	3.8722	0.0336	-0.0422	2.0577	0.2000
101.6667	0.7956	0.0397	1.0689	-0.3613	-0.2360
108.3333	1.1483	-0.1711	-2.4333	-0.3770	-0.5016
105.0000	0.9475	-0.1378	-0.3022	0.5986	0.0719
96.6667	0.9264	0.0236	0.6079	0.5281	0.1362
136.6667	0.9422	0.1114	-0.3846	0.1597	0.1414
88.3333	0.3046	0.0944	-0.2550	0.0432	-0.0044
93.3333	-0.2029	0.1039	0.0478	-0.0948	0.0111
143.3333	-1.2839	0.0000	-0.0117	-0.4032	0.0787
236.6667	-1.7044	0.0000	0.3178	-0.4352	0.0113
98.3333	-0.9889	0.0889	2.2378	-0.2395	-0.0300
96.6667	-1.3011	0.0111	-0.1372	-0.2114	-0.0210
246.6667	-0.6612	0.0000	0.4244	-0.2377	0.1220
203.3333	-0.3026	-0.0833	0.5189	-0.1864	1.3969
86.6667	-0.4850	-0.0778	0.4878	-0.2446	0.3195
83.3333	-0.2335	-0.1478	0.5828	-0.2316	-0.3583
61.6667	-0.0810	-0.1133	-0.0589	-0.2188	-0.2038
53.3333	-0.1358	-0.0889	0.3244	-0.1476	-0.1729
56.6667	-0.1797	-0.0833	0.0589	-0.1393	-0.0867
53.3333	-0.2617	-0.0606	0.0300	-0.1083	-0.0967
55.0000	-0.0143	-0.0550	-0.0407	-0.1321	-0.2398
51.6667	0.2371	-0.0889	-0.1071	-0.0660	-0.1060
53.3333	0.1100	-0.0411	0.0078	-0.0836	0.0410
61.6667	0.3318	-0.0600	0.0778	0.0000	0.0946
88.3333	1.3593	0.1325	1.0292	0.1990	-0.2863
70.0000	0.9956	0.0464	-0.0025	0.2130	-0.0748
148.3333	1.2472	-0.0389	0.1522	0.2326	-0.1318
103.3333	2.5506	-0.0500	-1.0981	0.4938	0.1140
206.6667	0.7244	0.0789	-1.0764	0.8337	0.0429
266.6667	0.5656	0.2956	1.4356	0.5655	0.0871
88.3333	1.2267	0.2989	-0.2619	0.0705	-0.2447
111.6667	0.5217	0.1089	-3.0714	-0.0880	-0.4295
88.3333	-0.0100	0.0278	-2.6278	-0.2330	0.1523
243.3333	-0.1928	-0.0833	0.6750	0.1676	0.0283
155.0000	-0.6162	0.0236	5.4712	-0.0785	-0.0195
115.0000	-1.2399	-0.0069	-1.5085	-0.0299	0.1988
96.6667	-2.8340	-0.0700	-0.6222	-0.3154	0.0228
68.3333	-1.6417	-0.0844	-0.1978	-0.3180	-0.1119
46.6667	-0.8632	-0.0972	0.5439	-0.3613	-0.0410
60.0000	-0.6229	-0.1317	0.1733	-0.3139	-0.1224
50.0000	-0.1209	-0.1000	0.5522	-0.2637	0.1539
55.0000	-0.1450	-0.1600	0.0683	-0.2122	0.1632
51.6667	-0.1327	-0.0889	0.0367	-0.1327	0.0495
53.3333	-0.3513	-0.0111	0.1378	-0.1308	0.0976
53.3333	-0.7915	-0.0650	0.1317	-0.1250	-0.0343
58.3333	-0.6992	-0.0150	0.1489	-0.1233	-0.1273
56.6667	0.9157	0.0550	-0.0811	0.0856	-0.2433
65.0000	2.2919	0.0472	0.5051	0.6167	-0.1122
56.6667	3.5170	0.1022	0.2188	2.1572	0.0243
51.6667	1.8673	0.1411	0.0333	2.6456	0.1397
53.3333	2.4658	0.1472	-0.0333	1.1583	-0.0145
51.6667	1.2245	0.2011	-0.0611	0.0561	0.0360
53.3333	-0.2001	0.1572	0.0061	-0.5688	0.0448
41.6667	1.3835	0.1683	-0.1000	-0.3462	0.0744
53.3333	0.0653	0.1161	-0.1550	-0.3900	0.0048
51.6667	0.4583	0.0933	-0.1033	-0.3863	0.0215
66.6667	-1.3434	0.0367	-0.3589	-0.4270	0.0833
153.3333	-0.6248	-0.0856	-0.4035	-0.4979	-0.0969
100.0000	-0.9448	0.0611	2.6985	-0.2098	0.1069
123.3333	0.2258	-0.0611	-1.1289	-0.3015	0.0700
118.3333	-2.9311	0.0000	0.3042	-0.4232	0.0581
65.0000	-3.2301	-0.0444	0.2986	-0.4132	-0.1734
46.6667	0.1669	-0.1156	0.1000	-0.4408	0.0406
55.0000	0.3217	-0.0967	-0.3900	-0.3776	-0.0507
51.6667	-1.6471	-0.1461	-0.1133	-0.2388	0.1936
53.3333	-2.1748	-0.1472	-0.1239	-0.2531	0.0631
55.0000	-0.1718	-0.0700	-0.1167	-0.2826	0.0709
51.6667	0.3838	-0.0650	-0.1567	-0.2388	-0.0469
51.6667	0.5154	-0.1050	-0.0061	-0.1833	0.0600
65.0000	0.3133	0.0444	0.4911	-0.1008	-0.1789
70.0000	0.7812	0.0556	0.4436	0.0157	-0.1997
53.3333	1.9643	0.0250	0.2386	0.2267	-0.0214
61.6667	3.0250	0.0250	0.2311	0.6474	-0.0222
65.0000	2.9472	0.0900	0.7292	1.6960	-0.0378
58.3333	-1.0104	-0.0389	-0.2081	-0.4846	-0.4244
70.0000	1.9371	-0.1011	-0.0067	0.3622	-0.1200
56.6667	0.6178	0.0000	-0.4044	0.3644	0.2964
86.6667	0.5650	0.0000	-0.3017	0.2456	0.1531
81.6667	0.0228	0.0550	-0.5106	0.1533	0.1050
83.3333	-0.3728	0.1478	-0.4456	-0.0167	0.0056
105.0000	-1.6161	0.0972	0.1292	-0.1378	0.0222
118.3333	-3.5067	0.1000	1.6775	-0.3860	-0.0778
178.3333	-1.1233	0.0444	0.3611	-0.3424	0.0556
143.3333	-0.8858	0.0125	0.6504	-0.3920	0.0444
223.3333	-1.9725	0.0319	0.0007	-0.3413	-0.0278
81.6667	-0.9861	-0.0111	-0.5567	-0.3027	-0.0222
51.6667	-0.9986	-0.0389	-0.5944	-0.3493	0.1417
56.6667	-1.0114	-0.0500	-0.5425	-0.3026	0.0183
51.6667	-0.8878	-0.1022	-0.3542	-0.2977	0.1000
51.6667	-0.3375	-0.1300	-0.3211	-0.2742	-0.0333
50.0000	0.1931	-0.1367	-0.2235	-0.2156	0.0333
51.6667	-0.1433	-0.1256	-0.0843	-0.1695	-0.0389
56.6667	-0.3651	-0.0889	-0.1150	-0.1022	-0.0583
55.0000	-0.4160	-0.0056	0.1508	-0.1078	-0.3050
58.3333	0.7065	0.0000	-0.2292	0.1289	-0.2000
50.0000	2.5240	-0.0244	0.0422	0.6390	0.2111
53.3333	3.1767	-0.0122	0.3233	1.3160	0.0936
36.6667	1.9575	0.0260	0.2828	0.7139	-0.0069
55.0000	2.2564	0.1329	0.3150	2.4119	-0.0256
51.6667	-0.2311	0.0778	-0.0622	-0.4253	0.0200
55.0000	1.2789	0.0983	-0.1067	-0.2933	0.0833
50.0000	-0.5164	0.1283	-0.0900	-0.2600	0.0411
63.3333	2.1369	0.1511	-0.1789	-0.1222	0.1411
81.6667	0.0061	0.2512	-0.4182	-0.0904	0.0444
90.0000	0.3521	0.1710	-0.6546	-0.1433	0.0389
208.3333	0.1670	0.0222	-1.3256	-0.2785	-0.0167
120.0000	-1.2147	-0.0406	2.2572	-0.3195	-0.0611
98.3333	-1.8441	-0.1683	-1.4500	-0.5741	-0.1433
118.3333	-2.3104	-0.1800	1.1022	-0.4883	-0.1378
66.6667	-2.0656	-0.1222	0.7289	-0.1464	0.0433
50.0000	-1.9839	-0.0844	-0.0564	-0.2838	0.0667
56.6667	-1.0622	-0.1089	-0.1842	-0.3358	-0.0050
51.6667	-0.8561	-0.0928	-0.0956	-0.2930	0.1761
51.6667	-0.5778	-0.1083	-0.0494	-0.2551	0.0819
36.6667	1.2656	-0.0944	-0.0711	-0.2208	0.0347
58.3333	0.4911	-0.0956	0.1333	-0.1242	-0.0333
51.6667	0.5421	-0.0367	0.2489	-0.0526	0.0556
61.6667	0.3313	0.0061	0.8586	-0.0576	-0.0611
66.6667	0.8933	0.1039	0.6486	0.1260	-0.1183
80.0000	1.5383	-0.0428	0.0200	0.2810	-0.1183
126.6667	2.2606	-0.0672	0.4211	0.6481	-0.0122
73.3333	0.3256	0.0122	0.4617	0.0573	0.0000
81.6667	-0.0722	0.0000	0.5667	-0.0225	0.0000
73.3333	0.0961	0.0408	0.7431	0.1143	0.0978
71.6667	1.9061	0.1347	1.0508	0.3464	-0.0856
61.6667	0.7917	-0.0167	0.7122	0.3550	0.1367
60.0000	-0.1840	0.0056	0.0994	0.1076	0.0167
46.6667	1.9712	0.0194	0.1786	0.4407	0.0444
48.3333	0.4222	0.1328	-0.3964	0.1119	-0.0444
75.0000	-0.2219	0.1500	-0.9444	0.0309	-0.0556
78.3333	-0.7492	0.1589	-0.4519	-0.0014	0.1500
65.0000	-0.0011	0.0556	-0.7308	-0.2345	0.0156
70.0000	-3.9603	-0.0833	-0.4094	-0.4030	-0.2450
65.0000	-2.1231	-0.0306	0.2928	-0.4042	-0.0403
53.3333	-0.8978	-0.1128	0.2883	-0.3321	0.2197
45.0000	0.1203	-0.1167	-0.0444	-0.2621	0.1800
48.3333	-0.1753	-0.0511	0.2122	-0.1677	0.0156
51.6667	0.2006	-0.1056	0.2717	-0.1648	0.0944
56.6667	-0.2956	-0.0561	0.2628	-0.1056	0.0672
48.3333	-0.5544	-0.1006	0.1733	-0.0906	0.0428
56.6667	-0.2344	-0.0367	0.1289	-0.1050	0.0444
51.6667	0.4072	0.0000	0.0444	-0.0722	0.0556
60.0000	1.1322	-0.0222	0.0333	0.0983	0.0111
56.6667	1.8811	0.1011	1.0681	0.5969	-0.1678
208.3333	3.4172	0.1033	1.8053	2.4992	-0.4733
310.0000	2.7467	-0.0611	1.1100	1.3667	-0.0906
383.3333	0.8633	-0.0067	0.6222	-0.5222	1.0676
431.6667	0.5168	0.1399	1.0110	-0.0278	0.4488
228.3333	0.2799	0.2983	-0.6713	0.0111	0.1270
343.3333	0.4412	0.3163	-0.9849	0.0000	0.0889
303.3333	0.4412	0.3163	-0.9849	0.0000	0.0889
361.6667	0.4412	0.3163	-0.9849	0.0000	0.0889
100.0000	0.4412	0.3163	-0.9849	0.0000	0.0889
95.0000	0.2036	0.1872	-0.5380	-0.0285	0.0376
125.0000	-0.3903	-0.0345	0.4088	-0.0998	0.0396
108.3333	-0.4141	-0.0273	0.4195	-0.1027	0.0605
95.0000	-0.4141	-0.0273	0.4195	-0.1027	0.0605
135.0000	-0.4141	-0.0273	0.4195	-0.1027	0.0605
73.3333	-0.4141	-0.0273	0.4195	-0.1027	0.0605
148.3333	-0.4141	-0.0273	0.4195	-0.1027	0.0605
60.0000	-0.4141	-0.0273	0.4195	-0.1027	0.0605
56.6667	-0.4141	-0.0273	0.4195	-0.1027	0.0605
51.6667	-0.4141	-0.0273	0.4195	-0.1027	0.0605
53.3333	-0.4141	-0.0273	0.4195	-0.1027	0.0605
55.0000	-0.4141	-0.0273	0.4195	-0.1027	0.0605
50.0000	-0.4141	-0.0273	0.4195	-0.1027	0.0605
58.3333	-0.4141	-0.0273	0.4195	-0.1027	0.0605
63.3333	-0.4141	-0.0273	0.4195	-0.1027	0.0605
190.0000	-0.4141	-0.0273	0.4195	-0.1027	0.0605
113.3333	-0.4141	-0.0273	0.4195	-0.1027	0.0605
201.6667	-0.4141	-0.0273	0.4195	-0.1027	0.0605
343.3333	-0.3942	-0.0204	0.3589	-0.0898	0.0861
126.6667	0.4200	0.0774	-0.3507	0.2226	0.4179
103.3333	1.3356	0.1800	-0.5317	0.3106	-0.8494
106.6667	-0.4653	0.0167	-0.5969	0.1206	-0.3981
96.6667	0.6919	-0.0000	-0.2131	0.1172	-0.1408
88.3333	0.9278	0.0222	-0.1822	0.2089	-0.2689
265.0000	-1.5889	0.0393	0.1576	-0.1294	-0.1544
120.0000	-2.0433	0.1507	0.8385	-0.1611	0.1583
96.6667	-2.6667	0.0122	-1.0822	-0.2856	-0.0956
116.6667	-1.8444	0.0092	-1.2817	-0.2778	-0.3322
88.3333	-0.7179	-0.0325	-0.6967	-0.2939	0.0206
78.3333	-0.4199	-0.0978	-0.6111	-0.3467	0.0467
60.0000	-0.0922	-0.1367	-0.6000	-0.2561	0.1744
58.3333	-0.1256	-0.1283	-0.3661	-0.1967	0.1561
51.6667	-0.3222	-0.1317	-0.3489	-0.1822	0.0300
58.3333	-0.1922	-0.1394	-0.2789	-0.1500	0.0000
51.6667	-0.0692	-0.1061	-0.1783	-0.1372	0.0150
50.0000	-0.0153	-0.1178	-0.0833	-0.1017	-0.0500
66.6667	0.0933	-0.0700	0.2311	-0.0722	-0.1633
60.0000	0.5353	0.0367	0.0122	0.0278	-0.3678
56.6667	0.6469	0.0622	0.0828	0.0644	-0.1256
51.6667	-0.0011	0.0389	-0.0122	0.0700	-0.1383
55.0000	0.1685	0.0111	-0.0878	0.1832	-0.0550
51.6667	2.0660	0.0000	-0.0250	0.4896	-0.0194
56.6667	-0.4728	0.0000	-0.0100	0.0878	-0.0361
61.6667	2.1511	0.0000	0.3744	0.5781	0.0933
56.6667	1.7739	0.0978	-0.8165	0.6692	0.1611
58.3333	-0.0967	0.1828	-0.4724	0.3878	0.1111
73.3333	-0.1604	0.1128	-0.1122	0.1600	0.0200
156.6667	0.0260	0.1067	-0.5200	0.0333	0.0350
380.0000	-0.4871	0.0967	0.8369	-0.1033	0.0350
123.3333	-0.9619	0.6867	1.1075	0.0161	0.1611
120.0000	0.7279	-0.1033	-2.4700	-0.3583	-0.0122
105.0000	-2.5656	-0.0939	-0.7303	-0.3578	-0.1878
68.3333	-2.3985	-0.1250	-0.2319	-0.4011	-0.0511
63.3333	-0.7215	-0.1817	0.0350	-0.4400	0.0606
58.3333	0.1189	-0.1400	0.1283	-0.3128	0.1600
50.0000	0.1022	-0.1617	-0.0564	-0.2244	0.0550
56.6667	-0.2333	-0.1389	0.0097	-0.1583	-0.0856
55.0000	-0.2467	-0.1367	-0.0122	-0.1467	0.0122
53.3333	-0.1233	-0.1189	-0.0800	-0.1522	0.0107
53.3333	-0.1017	-0.1333	0.0078	-0.0733	-0.0229
106.6667	-0.0100	-0.0500	0.2217	-0.0667	-0.1394
71.6667	0.2224	0.0000	0.0424	0.0111	-0.3578
161.6667	0.5349	0.0111	-1.2407	0.0439	-0.2150
56.6667	0.5678	0.0444	-0.1511	0.2317	-0.1222
38.3333	0.2758	0.0444	-0.1133	0.1000	-0.0689
66.6667	0.6986	0.0042	-1.1776	0.1800	-0.1128
101.6667	1.4444	-0.1042	-1.5679	0.2772	0.1650
128.3333	1.3272	0.0500	0.2800	0.5267	0.1222
118.3333	1.0318	0.1422	0.1128	0.5489	0.0389
150.0000	-0.0139	0.1422	-1.1528	0.2717	0.0700
141.6667	0.1315	0.0344	-1.3978	0.0478	-0.0200
141.6667	0.0742	-0.0011	0.1644	0.0178	-0.0200
203.3333	-0.5419	0.1183	1.0928	0.0700	-0.0200
136.6667	-1.0342	0.2000	1.6439	-0.1517	0.0928
123.3333	0.5781	0.0389	-0.4189	-0.1750	0.1850
96.6667	-3.1583	-0.0250	-0.3081	-0.3489	-0.1844
76.6667	-1.9500	-0.0889	-0.3208	-0.3938	-0.1256
61.6667	-1.0547	-0.1011	-0.2778	-0.4185	0.0222
58.3333	-0.4406	-0.1806	0.1194	-0.3178	0.0150
53.3333	-0.4144	-0.1250	0.0867	-0.2844	0.1583
53.3333	-0.8209	-0.1322	0.0244	-0.1922	0.0167
56.6667	-1.5339	-0.0906	-0.0367	-0.1939	0.1039
48.3333	-0.9533	-0.1583	-0.0275	-0.2211	-0.0764
55.0000	-0.1158	-0.1244	-0.0253	-0.2167	-0.0386
55.0000	0.3147	-0.0878	-0.0378	-0.2194	-0.2189
55.0000	1.4989	-0.1194	-1.3700	-0.1267	-0.4583
65.0000	1.9950	-0.1017	0.6533	0.1369	0.0583
83.3333	1.9583	-0.0111	0.4778	0.3014	-0.0150
90.0000	2.1814	-0.0111	-0.2772	1.3300	0.1172
78.3333	1.9231	0.0344	0.5039	1.7828	0.0644
50.0000	1.3000	-0.0122	-1.6900	0.4433	-0.0233
60.0000	0.2862	0.0489	-0.3544	0.0244	0.0722
71.6667	0.0726	0.1722	-0.2769	-0.1522	0.0953
80.0000	0.6556	0.1989	-0.0642	-0.0899	0.0292
80.0000	1.0342	0.2789	0.3856	0.0665	0.0000
231.6667	-0.0001	0.2007	-0.1685	-0.1494	-0.0124
118.3333	0.5687	0.2104	-0.5660	-0.2078	0.0862
156.6667	0.0874	-0.0019	-0.1312	-0.3245	-0.2456
118.3333	-0.4383	-0.0506	-0.0669	-0.2046	-0.0789
190.0000	-0.6122	-0.0701	0.3966	-0.1017	0.0125
56.6667	-0.6122	-0.0701	0.3966	-0.1017	0.0125
53.3333	-0.6122	-0.0701	0.3966	-0.1017	0.0125
53.3333	-0.6122	-0.0701	0.3966	-0.1017	0.0125
53.3333	-0.6122	-0.0701	0.3966	-0.1017	0.0125
55.0000	-0.6122	-0.0701	0.3966	-0.1017	0.0125
50.0000	-0.6122	-0.0701	0.3966	-0.1017	0.0125
56.6667	-0.6122	-0.0701	0.3966	-0.1017	0.0125
50.0000	-0.6122	-0.0701	0.3966	-0.1017	0.0125
56.6667	-0.6122	-0.0701	0.3966	-0.1017	0.0125
61.6667	-0.6122	-0.0701	0.3966	-0.1017	0.0125
100.0000	-0.1734	-0.0643	0.3536	0.2271	-0.0408
156.6667	3.0881	-0.0228	0.7572	2.8060	-0.1907
276.6667	2.7665	0.0014	1.0190	1.8316	0.1072
265.0000	1.3733	0.0153	-0.3579	0.2410	0.8331
243.3333	0.9433	0.1961	-0.2433	-0.3176	0.4369
221.6667	0.6200	0.2422	-0.8056	-0.5929	0.6867
75.0000	0.9358	0.1561	-0.3956	-0.4947	0.1422
68.3333	1.2625	0.0000	-0.2922	-0.4139	-0.4422
61.6667	0.9678	0.0000	-0.0689	-0.3182	-0.2417
495.0000	0.3032	0.0828	1.1706	-0.1044	-0.2000
440.0000	-0.2555	0.1072	1.3733	-0.2276	0.9715
215.0000	-0.4127	-0.0333	-1.5156	-0.4984	0.7124
223.3333	-0.9875	0.0222	0.9425	-0.1164	0.5444
91.6667	-2.8714	0.0722	1.0881	-0.1974	-0.5821
76.6667	-2.4658	0.0489	0.0644	-0.2971	-0.9218
70.0000	-1.5164	0.0000	-0.1233	-0.3862	-0.0267
65.0000	-0.8692	-0.0794	-0.0717	-0.3391	-0.0600
60.0000	-0.4897	-0.1028	0.1517	-0.2910	0.0750
58.3333	-0.1739	-0.1028	-0.0678	-0.2666	0.0000
50.0000	-0.2557	-0.0817	0.1286	-0.1717	-0.0200
58.3333	-0.3215	-0.0556	0.0825	-0.1436	-0.0700
58.3333	-0.2367	-0.0778	0.0833	-0.1226	-0.0111
58.3333	-0.3822	-0.1022	0.0767	-0.1114	-0.0167
63.3333	0.8089	0.0306	0.3767	0.0279	-0.3744
111.6667	1.6261	0.0350	0.0722	0.1757	-0.4967
130.0000	2.5917	-0.2000	1.8600	0.0363	0.0722
251.6667	3.4678	-0.1311	-0.0322	1.9745	0.2044
251.6667	1.7000	0.2033	0.8533	2.1315	0.7704
310.0000	0.5767	0.4256	0.0244	0.2234	0.8396
185.0000	0.9050	0.4706	-0.3258	-0.1260	0.8294
265.0000	0.9078	0.4856	-0.0103	-0.0719	-0.1644
101.6667	-0.0289	0.3272	-1.1894	-0.1501	0.0450
76.6667	0.7122	-0.0444	-0.9613	-0.2666	-0.1578
135.0000	-0.1406	-0.0122	0.5724	-0.1548	-0.2867
180.0000	-1.6978	0.0456	0.5333	-0.2278	-0.7889
430.0000	-3.4144	-0.0333	-0.1833	-0.5079	-0.3411
