Time	Pump	Flow	Press	Temp1	Temp2	Vib
1	1492.4427	69.7765	9.3573	94.0899	85.2099	0.1285
2	1505.2928	70.0320	9.4380	94.1480	84.8207	0.2239
3	1526.5489	70.9092	9.4213	94.2399	84.9178	0.2951
4	1536.5068	70.7553	9.3849	94.4871	84.8556	0.2812
5	1558.9104	71.0759	9.3711	94.1305	85.2394	0.2170
6	1558.3432	71.5077	9.3645	94.4976	85.0604	0.1056
7	1582.9572	72.8413	9.4206	94.0204	85.0726	0.0076
8	1608.7674	73.5184	9.5069	94.3189	84.8826	-0.1583
9	1619.2099	74.4227	9.5348	94.7755	85.0955	-0.1026
10	1642.6192	75.2263	9.6218	94.6292	85.6219	-0.0271
11	1632.2279	76.1308	9.8112	95.2720	85.7674	0.1671
12	1645.1748	76.9808	9.8605	95.7944	85.7771	0.2105
13	1652.1799	77.7559	9.9196	96.1017	85.7442	0.3328
14	1658.3045	77.6308	10.0177	96.7428	85.5804	0.3176
15	1670.2509	77.7885	10.0831	97.3077	85.4572	0.1789
16	1676.5780	78.0533	10.1755	97.7178	85.5691	-0.0123
17	1683.6874	78.8720	10.3547	98.3112	85.6416	-0.0916
18	1705.6016	78.9064	10.3688	98.4685	86.3033	-0.2101
19	1721.7127	79.5266	10.4219	99.0665	86.6264	-0.2666
20	1741.3214	80.0850	10.4559	99.5849	87.0620	-0.1361
21	1743.4108	81.5353	10.6002	99.9810	88.0093	-0.0319
22	1752.4285	82.7563	10.6247	100.6349	88.5320	0.2032
23	1772.6688	82.8361	10.6736	100.9288	88.7534	0.2171
24	1780.6321	83.0262	10.7811	101.8141	88.8676	0.3134
25	1791.6183	83.6670	10.8524	103.1113	89.7667	0.2949
26	1794.3488	84.0037	10.8014	103.1782	90.9358	0.1789
27	1797.8676	84.1331	11.0003	103.5274	91.4576	0.0657
28	1805.8582	85.0586	11.0705	104.5471	91.7115	0.0496
29	1803.0098	85.1876	11.2235	105.7535	92.3512	-0.0867
30	1822.6906	86.2307	11.2512	106.5880	92.6434	0.0596
31	1816.6491	86.3650	11.3998	107.4774	93.3056	0.1926
32	1798.4819	85.9928	11.3777	108.7919	94.3056	0.3995
33	1816.5996	85.4240	11.3021	109.7095	94.7917	0.5747
34	1820.0969	85.7855	11.3034	110.1330	95.6278	0.4432
35	1827.5373	86.6298	11.4201	110.6421	96.4071	0.3977
36	1830.3196	86.2220	11.4617	111.1908	97.1265	0.3259
37	1838.2320	86.1300	11.4282	112.0078	97.8566	0.1425
38	1833.7871	86.1867	11.3996	112.6751	98.3593	0.0537
39	1846.9293	86.4848	11.4339	112.8999	98.8921	-0.0092
40	1848.0354	86.8687	11.4279	113.0019	99.3451	0.1698
41	1856.6477	87.0857	11.4043	113.8393	99.8303	0.3303
42	1867.5018	87.3062	11.4901	113.6321	100.0988	0.4253
43	1859.8242	87.6553	11.5583	113.8319	100.8474	0.4771
44	1857.6336	88.2557	11.5493	114.2894	101.1219	0.4733
45	1866.0067	88.1647	11.6642	114.3822	101.0721	0.4333
46	1871.1425	88.2759	11.6825	114.6834	101.7376	0.2592
47	1873.8883	89.7164	11.6235	115.2395	101.8281	0.1468
48	1871.1228	89.7153	11.7247	115.5518	102.6069	0.1507
49	1890.4539	89.6291	11.8612	116.2891	102.6001	0.1661
50	1893.0417	89.4028	11.9100	116.7350	103.2110	0.1648
51	1905.3438	89.5787	11.9546	116.6334	103.6781	0.2520
52	1906.2285	90.1500	11.9422	117.1342	103.9181	0.4207
53	1889.5781	89.9330	11.9388	117.8549	104.0298	0.6100
54	1896.0769	90.4956	11.9696	117.6562	104.7699	0.5816
55	1907.9437	90.2910	12.0491	117.5775	104.9653	0.5079
56	1907.4998	90.5148	12.0954	117.9869	104.9489	0.3921
57	1894.3516	91.2714	12.0247	118.6365	104.7549	0.2401
58	1888.6620	91.2856	12.0468	118.8410	105.1254	0.1656
59	1882.6316	90.7039	12.0451	118.9766	105.5815	0.2471
60	1901.4614	90.9479	11.9680	119.4697	105.5199	0.3800
61	1909.9034	91.0074	12.0838	119.4775	105.9554	0.4482
62	1915.8982	91.2175	12.0991	119.5926	106.4153	0.4840
63	1920.8071	91.0071	12.0727	119.0515	106.6735	0.6640
64	1915.0346	90.8504	12.0979	118.4465	106.6865	0.6491
65	1907.2798	91.8646	12.0776	118.8519	106.3626	0.6168
66	1894.8738	91.7566	12.0685	118.7369	105.6288	0.4329
67	1886.5928	91.5135	12.1352	118.3511	106.0634	0.2099
68	1889.1890	91.5170	12.1659	118.4288	105.6175	0.1117
69	1872.4993	91.3381	12.2587	118.8014	106.0421	0.1096
70	1889.7402	90.7488	12.2141	118.9760	106.0650	0.1428
71	1898.3869	90.8723	12.1205	119.5528	106.2310	0.2632
72	1924.1030	91.0369	12.1096	119.7962	106.3601	0.4846
73	1921.1404	91.1343	12.1307	119.6938	106.7999	0.6088
74	1927.8257	90.9747	12.1509	120.5133	106.8039	0.6032
75	1931.0006	90.1682	12.1895	120.7367	107.3346	0.5544
76	1929.3439	90.2738	12.0535	120.6690	107.2614	0.4535
77	1924.7948	91.1019	11.9908	120.5486	107.5912	0.3286
78	1921.7610	91.4996	12.0222	120.8001	107.9016	0.2128
79	1920.5872	90.6225	12.0173	121.2763	108.0114	0.1825
80	1930.2177	91.0370	12.0891	120.8084	108.1694	0.2683
81	1920.1643	90.9092	12.1467	121.0324	108.3570	0.4126
82	1923.3127	91.0993	12.0743	121.3820	108.8265	0.6378
83	1907.9618	91.1480	12.0010	120.7844	108.8902	0.6814
84	1887.8838	91.3834	12.0767	121.0954	108.1418	0.6401
85	1875.7290	91.0572	12.1509	120.8734	108.4560	0.5333
86	1877.4016	91.6609	12.1052	120.7885	108.7822	0.3195
87	1866.6996	91.1321	12.1206	120.6989	108.4643	0.2346
88	1865.5440	90.4709	12.1648	121.2546	108.7546	0.2548
89	1860.7450	90.1784	12.1524	121.7622	108.5928	0.2575
90	1849.3956	89.7734	12.1703	122.0108	108.2631	0.2576
91	1866.8689	89.6110	12.1159	121.6366	108.5142	0.3236
92	1857.0188	89.2555	12.0709	121.5933	108.7350	0.4325
93	1857.6381	89.7136	12.0624	121.7186	108.6994	0.5475
94	1861.2295	89.3381	12.0296	121.7216	109.2621	0.5871
95	1851.9689	88.9125	12.0261	121.5833	109.1076	0.4956
96	1851.5682	89.1370	11.8911	121.4575	108.6446	0.3880
97	1851.3687	88.2867	11.9742	120.9870	108.6837	0.1810
98	1843.7278	88.3375	11.8684	120.8038	108.6168	0.0865
99	1836.6215	88.3805	11.8546	120.8224	108.7828	-0.0172
100	1835.4137	88.7812	11.8689	120.2421	108.2356	0.1022
101	1836.8817	88.0439	11.8004	119.9356	108.4273	0.2382
102	1847.5040	88.5119	11.7272	120.1116	108.0759	0.3646
103	1837.1632	88.3827	11.7253	119.8352	108.5415	0.4456
104	1834.6425	88.8214	11.6833	119.4107	108.4730	0.4773
105	1830.2014	88.3509	11.6807	119.1191	108.5138	0.4764
106	1832.6686	87.4121	11.7405	118.0874	107.8865	0.1554
107	1829.2157	87.7834	11.7923	118.0158	106.9960	0.1064
108	1827.5934	87.5198	11.7138	118.5969	106.6782	0.0611
109	1831.8622	87.5464	11.7445	118.2300	106.5582	0.0430
110	1837.1807	88.0787	11.7276	118.3200	106.3013	0.1333
111	1850.3415	88.7170	11.6645	117.9839	106.2504	0.2564
112	1845.6359	88.2205	11.7076	117.5081	106.5923	0.3033
113	1862.1701	87.8851	11.7948	117.6454	107.1116	0.4394
114	1858.0510	88.4606	11.7373	117.6396	106.8839	0.3974
115	1867.2759	88.5633	11.7583	117.7695	107.1430	0.3122
116	1859.7997	88.6227	11.8142	117.5803	107.1330	0.2031
117	1875.9381	88.2810	11.8347	117.0364	107.1595	0.1002
118	1883.9278	88.8109	11.7508	117.1529	106.7623	0.0033
119	1882.1970	89.1735	11.7546	117.0719	106.6746	0.0731
120	1894.3168	89.6596	11.8560	116.7554	106.4268	0.1512
121	1889.7765	89.7723	11.8967	116.9290	106.0891	0.3221
122	1902.4402	89.9615	12.0330	117.8451	106.0262	0.5691
123	1909.4208	89.8526	11.9772	117.5393	105.6338	0.6504
124	1906.9410	90.4916	11.9455	118.0125	105.5630	0.6013
125	1914.6459	90.6297	11.9846	117.9884	105.8379	0.4860
126	1904.9216	91.0403	12.0140	118.3963	105.5127	0.4547
127	1890.8257	91.5529	12.0867	118.9574	105.6336	0.3132
128	1914.4480	91.6343	12.1549	118.5553	105.6227	0.2483
129	1912.3767	91.6856	12.1431	118.8635	106.0690	0.2212
130	1918.2695	91.3250	12.1726	119.3576	106.4274	0.3746
131	1921.9015	91.7937	12.1229	119.3689	106.0651	0.4765
132	1927.0023	91.9599	12.1775	119.7005	106.4259	0.5340
133	1927.8976	92.5166	12.2596	120.5003	106.5217	0.6339
134	1925.4049	92.2181	12.2836	120.8971	106.9547	0.5664
135	1933.8070	91.8893	12.2524	121.0556	107.7188	0.5004
136	1940.2434	92.2387	12.2709	121.1763	108.2486	0.4091
137	1930.1568	92.9105	12.2664	121.7325	108.5622	0.3711
138	1931.0464	92.9126	12.3326	121.5307	108.9210	0.3340
139	1947.7365	93.0882	12.3541	121.9767	109.0850	0.2952
140	1955.3152	93.1791	12.3462	121.9560	109.1544	0.3713
141	1954.7599	92.6274	12.3777	122.5284	109.5917	0.5337
142	1952.1082	93.3544	12.3330	122.8919	109.8897	0.6492
143	1949.0073	93.0885	12.2629	122.8143	109.9280	0.7388
144	1942.4945	94.0644	12.2463	123.3654	110.0679	0.7150
145	1951.2007	93.9423	12.2438	123.5382	110.1396	0.6310
146	1954.7290	94.0717	12.3568	123.6787	110.4623	0.4343
147	1953.7163	94.0007	12.3242	123.6250	110.8646	0.3164
148	1946.8537	93.9347	12.3942	123.9825	111.3144	0.2368
149	1938.1703	93.6564	12.5192	124.1886	111.2367	0.3077
150	1934.1943	93.5879	12.5685	124.4218	111.2388	0.4494
151	1912.4286	93.7061	12.5453	124.4516	111.3736	0.5893
152	1890.5189	92.6841	12.5906	124.0594	111.1875	0.6640
153	1883.4403	92.9558	12.4198	124.0549	111.6308	0.7138
154	1876.8982	92.1286	12.3834	124.3127	111.4377	0.6270
155	1857.7646	91.3965	12.2801	124.1935	111.1927	0.5233
156	1844.8407	90.8500	12.1570	124.0806	111.6617	0.2993
157	1829.4005	90.8614	12.1996	123.6869	111.4691	0.1300
158	1805.2089	89.7149	12.1720	123.4320	111.1252	0.0428
159	1803.8825	89.7720	12.2327	123.1640	111.4690	0.0363
160	1777.3027	88.2314	12.1629	123.1294	111.4618	0.1101
161	1768.4033	87.6866	12.0690	122.4048	111.3219	0.2013
162	1757.0257	86.8532	11.8637	122.3620	111.1165	0.4110
163	1743.9371	85.5519	11.8615	121.8168	111.1616	0.3978
164	1738.7818	84.1580	11.8267	121.3491	111.5296	0.4092
165	1732.4634	83.6318	11.6687	121.1322	111.1504	0.3398
166	1724.8430	83.5580	11.5044	120.7675	110.9354	0.2110
167	1707.9357	83.0660	11.4078	119.9276	111.0135	0.0860
168	1717.2410	82.9236	11.3512	119.5337	110.0589	-0.0721
169	1693.4105	82.9162	11.3144	118.3979	109.4843	-0.1946
170	1682.2192	82.2323	11.1838	117.6561	109.1090	-0.1552
171	1676.8576	81.1724	11.1774	116.2934	108.5196	0.0972
172	1665.1459	80.7618	11.1164	115.5964	107.6186	0.2565
173	1672.3459	80.6687	10.9764	115.0205	107.2636	0.3008
174	1669.8905	80.5691	10.9390	114.0193	106.2109	0.2892
175	1671.1530	80.2151	10.8207	113.5792	105.1309	0.1839
176	1665.5518	80.0129	10.7859	112.8467	103.9773	-0.0110
177	1668.1836	79.9086	10.6722	111.6639	103.4162	-0.0414
178	1658.1009	80.7065	10.5843	110.9752	102.9504	-0.1311
179	1647.2976	80.3016	10.6470	110.8011	102.2405	-0.1708
180	1639.5708	80.7126	10.5364	110.5246	101.3793	0.0150
181	1638.3995	80.6857	10.5797	110.0381	100.5330	0.1728
182	1630.8776	80.1362	10.6862	109.5380	100.2248	0.2337
183	1637.5051	79.6325	10.6221	109.0161	100.2720	0.2002
184	1627.7938	79.6354	10.6432	108.5098	99.3217	0.2024
185	1620.2254	79.6502	10.5992	108.4553	99.1286	0.1320
186	1626.9841	78.8969	10.6459	107.8903	98.3871	0.0829
187	1622.7484	78.9185	10.5042	107.4743	98.1108	0.0596
188	1613.6488	78.6998	10.5450	107.0007	97.7653	0.0224
189	1610.7169	78.6231	10.5736	106.8786	97.3327	-0.0578
190	1599.0104	78.1302	10.5760	106.9308	96.8615	0.0208
191	1597.1320	77.9777	10.5050	106.5309	96.3090	0.1106
192	1582.4419	77.9561	10.4443	106.5166	96.2253	0.1939
193	1594.3492	77.9830	10.4513	105.9892	96.1189	0.2989
194	1589.4199	78.0219	10.4762	106.0847	95.9756	0.2107
195	1582.5548	78.0730	10.4141	106.0247	96.0720	0.1192
196	1588.7495	76.9257	10.4291	105.6958	96.1167	-0.0282
197	1573.0578	76.6592	10.3803	104.9725	96.3845	-0.1285
198	1569.4480	76.5241	10.3939	104.8521	95.9618	-0.1922
199	1576.8169	76.4337	10.2933	104.2359	95.4970	-0.2053
200	1582.5847	75.6911	10.2917	103.8395	95.0715	-0.1475
201	1589.9334	76.1049	10.1318	103.4308	94.7179	-0.0338
202	1592.4469	76.2615	10.1208	103.1896	94.5104	0.2194
203	1598.4796	76.2487	10.1558	103.2059	94.2144	0.2956
204	1595.6133	76.2145	10.1110	102.4795	93.7819	0.2543
205	1595.3493	76.6084	10.1457	102.4151	93.6055	0.1630
206	1595.2788	76.6952	10.2138	102.0528	93.5919	-0.0577
207	1577.7122	77.4834	10.1632	102.2942	93.1307	-0.1893
208	1588.1379	77.2220	10.1257	102.4350	92.3533	-0.2205
209	1605.4084	77.5617	10.1754	102.8679	92.4741	-0.2542
210	1611.3512	77.5412	10.2071	102.6339	91.9034	-0.1298
211	1610.5401	76.5880	10.2303	102.0839	92.4711	-0.0576
212	1608.9409	77.0414	10.2302	102.0095	92.0565	0.0554
213	1599.1534	77.3322	10.1961	102.0700	91.8261	0.1675
214	1593.7690	77.4599	10.2177	102.1363	91.6248	0.1765
215	1588.9786	77.3686	10.1969	102.0520	92.0098	0.0877
216	1576.2990	76.8882	10.3530	102.5723	92.1524	-0.0601
217	1591.1266	76.2902	10.3205	102.7697	92.1376	-0.1123
218	1599.9000	76.2913	10.3098	103.1968	91.9124	-0.2353
219	1593.2737	77.1895	10.3277	103.0231	92.7432	-0.2659
220	1583.6400	76.6231	10.3186	103.1990	93.1168	-0.2477
221	1574.2748	76.9088	10.2538	103.3177	93.1787	-0.0142
222	1577.3504	76.6904	10.2194	103.4285	93.2149	0.1657
223	1560.1284	75.8015	10.2306	103.5814	93.0871	0.2861
224	1548.9132	76.0734	10.3469	103.2345	92.9273	0.2279
225	1550.5771	75.4234	10.2688	103.4477	93.2986	0.2077
226	1559.3629	75.4864	10.1854	103.4560	93.3778	0.0257
227	1569.1440	75.3026	10.2289	103.4336	93.7505	-0.0505
228	1569.8540	76.1136	10.1845	103.2773	94.1156	-0.0966
229	1573.7704	76.6263	10.1970	102.5348	93.9805	-0.1173
230	1578.2188	77.1243	10.2957	103.1168	94.3164	0.0288
231	1575.8119	76.4406	10.3013	103.5670	94.4091	0.1486
232	1571.7533	76.0161	10.2144	103.4392	94.1744	0.3509
233	1573.3644	75.9705	10.1863	102.9300	93.7378	0.3921
234	1575.9702	76.4115	10.1663	102.9480	93.9441	0.3596
235	1565.8385	76.6580	10.2327	102.9445	93.3824	0.2860
236	1575.2831	75.9067	10.2426	102.6867	92.7928	0.1210
237	1584.2180	75.8438	10.1154	102.4034	92.5547	-0.0746
238	1567.6131	75.9912	10.1452	102.2281	92.6716	-0.2509
239	1580.3159	75.9078	10.0870	102.1617	92.5021	-0.1853
240	1586.6474	75.4976	10.1083	101.5528	92.3879	-0.0718
241	1580.2239	75.8391	10.0859	101.0079	92.4223	0.0733
242	1570.9826	75.6908	10.0859	101.3066	92.5916	0.1970
243	1558.5689	75.1734	9.9945	101.4685	92.0054	0.2751
244	1544.1237	74.9050	10.0443	101.4446	91.3182	0.2084
245	1541.7681	74.3019	10.0114	101.6930	91.1420	0.0873
246	1541.6814	74.4077	10.0079	101.1573	91.2589	-0.0210
247	1540.8526	74.6708	9.8473	101.0269	91.3403	-0.1134
248	1521.4701	74.7075	9.8495	100.9692	91.2900	-0.1593
249	1511.6966	74.8226	9.8700	100.8004	90.9449	-0.2134
250	1506.3942	74.2540	9.8592	101.0031	91.1520	-0.1355
251	1509.6776	73.4443	9.8711	100.4942	91.0449	-0.1056
252	1502.7214	73.3813	9.8789	100.1703	91.1086	0.0489
253	1508.4711	73.2420	9.8152	100.2632	91.3436	0.1652
254	1510.1948	73.1407	9.7983	99.4954	91.0294	0.2732
255	1513.4759	72.6388	9.8394	99.1453	90.4390	0.1748
256	1510.7202	72.8493	9.8167	98.6589	89.9341	0.0319
257	1506.1538	73.1313	9.8030	98.1587	89.7898	-0.1124
258	1505.6241	73.0272	9.7738	98.1143	89.4551	-0.1948
259	1499.4413	72.4818	9.8210	97.7918	89.3416	-0.2406
260	1519.5047	72.8767	9.7631	98.2354	89.3440	-0.1639
261	1519.0082	72.5828	9.6735	98.1708	89.1606	-0.0204
262	1513.6844	72.7052	9.7609	97.8861	89.1531	0.0861
263	1519.4910	72.7316	9.7666	97.2378	89.0463	0.1871
264	1516.1854	72.5982	9.7971	97.1891	88.8270	0.1284
265	1539.0502	72.8238	9.8175	97.3439	88.4586	0.0657
266	1544.5476	73.0961	9.8443	97.3398	88.6843	-0.0774
267	1539.0724	72.8532	9.7521	97.7584	88.8553	-0.1495
268	1532.5231	72.7324	9.7301	97.8442	88.2461	-0.2264
269	1529.5057	73.1884	9.7461	97.6705	88.1076	-0.1868
270	1539.4647	73.2553	9.8072	97.2468	88.0259	-0.0939
271	1525.8783	73.4562	9.8745	97.0467	87.2905	0.0389
272	1528.9709	72.9323	9.8202	97.2163	86.9388	0.2038
273	1521.4098	73.4433	9.8233	96.5747	87.2855	0.1728
274	1527.5256	72.5959	9.8201	96.7888	87.2268	0.2350
275	1532.7953	72.4154	9.6849	97.4368	87.1451	0.1894
276	1534.5685	72.9479	9.6235	97.3509	87.6644	0.0169
277	1540.1130	73.3783	9.7214	96.8586	88.1789	-0.1081
278	1529.2351	73.9960	9.7282	96.8059	87.8342	-0.2054
279	1516.1888	74.2892	9.8213	96.5894	87.9222	-0.3162
280	1508.9652	74.1009	9.8039	96.7061	87.2191	-0.2251
281	1495.2845	73.7785	9.7483	96.8371	87.7331	-0.0339
282	1494.1369	73.0840	9.8244	96.7390	87.6168	0.1179
283	1502.4426	72.8760	9.8984	97.7604	87.8441	0.2099
284	1505.3186	72.8417	9.8602	98.1431	88.2135	0.1782
285	1519.7749	72.9931	9.7881	98.3484	87.9592	-0.0276
286	1525.6192	73.4603	9.7657	98.1218	87.7825	0.0128
287	1523.1715	73.5490	9.8083	98.0048	88.3929	-0.1563
288	1529.8932	73.1598	9.8061	98.3077	87.9800	-0.2059
289	1544.7521	72.7083	9.7900	98.0918	88.0629	-0.1928
290	1538.0285	74.0213	9.7056	98.0671	87.2550	-0.1926
291	1545.9678	73.8153	9.8420	98.1865	87.3317	-0.0647
292	1555.2315	74.6740	9.8028	97.8574	87.7270	0.1119
293	1549.7933	74.2238	9.8487	98.4070	87.3588	0.2651
294	1543.2384	74.3553	9.8518	98.5749	87.2147	0.2674
295	1549.4454	74.2833	9.8536	98.7585	87.3733	0.0587
296	1558.5519	74.3466	9.8812	98.0098	87.8991	-0.0271
297	1552.5998	74.6809	10.0206	98.0319	88.3324	-0.0392
298	1572.1556	74.6239	9.9944	98.2391	88.5417	-0.2423
299	1571.4476	74.8815	10.0321	98.8400	88.4928	-0.1958
300	1579.3626	74.8086	9.9344	99.1151	88.5599	-0.1417
301	1582.9385	74.7066	9.9584	98.7763	88.3688	0.0664
302	1580.5722	75.2109	9.9558	98.6619	88.5780	0.1915
303	1596.8820	76.0050	9.9712	98.7567	88.7734	0.1893
304	1603.3301	75.4695	9.9558	99.0463	89.2053	0.2090
305	1613.8908	75.5911	9.9614	99.2225	89.1341	0.1728
306	1605.5638	76.7008	9.9586	99.0212	88.8993	0.0619
307	1598.0376	77.4820	10.0221	98.9163	88.8977	-0.0953
308	1592.9313	77.6917	10.1448	99.3038	89.2955	-0.1413
309	1588.9755	76.8385	10.2052	99.3096	89.2243	-0.1689
310	1599.0820	76.7980	10.3086	99.8862	88.6305	-0.0320
311	1597.1233	76.6875	10.2135	100.3816	89.2068	0.0120
312	1608.8487	76.2359	10.3019	100.8083	89.3121	0.0766
313	1608.7988	76.5319	10.2076	101.2840	89.2170	0.2556
314	1611.4323	76.2368	10.2337	101.4389	89.4446	0.2187
315	1605.9999	76.1347	10.2234	101.6184	89.4472	0.1218
316	1620.8173	76.2315	10.1987	101.4107	89.6776	0.0256
317	1622.4414	77.0810	10.1381	101.3752	90.0725	-0.0857
318	1623.6909	77.4469	10.1863	101.5177	90.4990	-0.0977
319	1621.6463	77.1430	10.1713	101.5321	90.5577	-0.1710
320	1623.5487	77.0062	10.0968	102.0347	90.7340	-0.1322
321	1622.0755	77.3147	10.0527	101.9034	91.1224	-0.0549
322	1626.6433	78.0362	10.1555	101.6326	90.7577	0.2171
323	1645.8495	78.6881	10.1992	101.7274	91.1800	0.2943
324	1657.0885	78.8456	10.2362	101.6097	91.8602	0.3452
325	1664.5668	78.7773	10.2864	101.7904	91.3999	0.2943
326	1666.5766	79.3142	10.3598	101.8181	92.0787	0.0703
327	1668.8053	79.3665	10.4738	102.3138	91.9528	-0.1025
328	1666.3420	78.8515	10.4885	102.1541	91.8834	-0.0820
329	1672.8151	79.0684	10.5364	103.0443	92.0041	-0.1563
330	1680.2991	79.7781	10.5525	103.3691	91.9323	-0.1009
331	1682.3872	80.0045	10.5693	103.9121	92.0168	-0.0155
332	1675.8230	80.3252	10.5553	104.0563	91.9019	0.0953
333	1696.9611	80.2411	10.7082	104.2575	92.8787	0.1777
334	1695.8887	80.2148	10.7416	104.5181	93.1072	0.2009
335	1693.8375	81.4023	10.7660	105.1737	92.6006	0.1302
336	1693.6558	81.6947	10.6719	105.8568	92.6484	-0.0025
337	1687.7937	81.5744	10.8106	106.5183	93.0944	0.0220
338	1681.1042	80.8685	10.8280	106.5883	94.0566	-0.1788
339	1695.5540	80.5468	10.8627	107.0700	94.4419	-0.0945
340	1711.9700	80.9478	10.8476	107.3520	95.1471	-0.0227
341	1732.2694	80.0516	10.8772	107.0733	95.6576	0.0460
342	1727.3474	81.1246	10.8113	107.7138	96.0162	0.1660
343	1730.8954	81.0142	10.7984	107.8001	95.9682	0.2710
344	1716.9073	81.6940	10.8159	107.4322	96.2693	0.2389
345	1717.6719	81.6148	10.7933	107.5976	96.3378	0.1849
346	1707.6095	82.5304	10.7820	107.8325	96.0852	0.1032
347	1717.9249	82.2548	10.8393	107.2837	96.2115	0.0663
348	1719.0581	82.0761	10.9285	107.4928	95.8653	-0.0844
349	1707.7109	82.9448	10.9104	107.7610	96.2939	-0.0740
350	1700.4800	82.2469	10.9285	108.1575	96.4721	-0.0126
351	1698.2164	81.7513	10.8868	108.5149	96.9203	0.1212
352	1703.4720	81.6168	10.8515	108.8677	97.7177	0.2233
353	1709.0305	81.9828	10.8941	109.0636	98.2278	0.2452
354	1723.2062	81.8947	10.9318	109.1713	98.4617	0.3092
355	1729.9943	81.6115	10.8378	109.1512	98.5610	0.2969
356	1736.6816	81.5060	10.8681	109.0710	98.1839	0.1402
357	1742.2511	81.7630	10.9418	108.6782	97.6306	-0.0195
358	1750.0819	82.3966	10.9924	108.3164	97.1448	-0.1526
359	1739.0084	82.6978	11.1006	108.7427	96.9350	-0.0608
360	1739.5516	82.4369	11.0342	109.1467	96.6427	-0.0264
361	1734.9819	82.7725	11.0751	108.9831	97.6179	0.1125
362	1731.6190	82.6185	11.0304	109.1009	97.6563	0.3186
363	1725.2816	82.4782	11.0792	109.4436	97.3034	0.3966
364	1726.5522	82.3545	11.0334	109.5407	97.1807	0.3785
365	1716.1897	82.4350	11.0154	109.7136	97.8319	0.1753
366	1713.1011	82.7343	10.9934	109.6100	97.5838	0.0298
367	1727.1591	82.4827	11.0168	109.7498	98.0113	-0.0806
368	1723.2575	82.8838	10.9933	109.3077	98.6943	-0.0376
369	1721.6600	83.1390	11.0622	109.3024	98.4500	-0.1405
370	1728.1112	83.8952	11.0643	109.7514	98.4077	-0.0393
371	1716.0187	83.7376	11.0770	110.1298	99.1189	0.1387
372	1712.3455	83.3177	11.1647	110.2940	99.2260	0.2342
373	1712.1325	82.5062	11.1275	110.7540	99.8767	0.4277
374	1698.9343	81.6143	11.0670	110.8209	99.6929	0.3058
375	1691.4413	81.8057	11.0592	110.3611	99.6571	0.2915
376	1686.5421	81.6889	11.0003	110.5793	99.5982	0.1005
377	1691.8044	81.1950	10.9004	110.7653	99.8145	-0.0956
378	1682.6361	81.5355	10.8678	110.6861	99.6389	-0.1975
379	1673.8048	81.2837	10.9054	110.8948	99.4800	-0.1813
380	1682.2329	81.1663	10.9074	110.8464	99.5644	-0.0591
381	1681.1025	81.4414	10.8781	110.2205	100.0191	0.0431
382	1683.1334	81.5509	10.8845	110.0477	100.3719	0.1454
383	1684.3485	81.9880	10.9699	109.5457	99.7539	0.3241
384	1688.6982	81.6607	10.9846	109.9552	99.4527	0.3037
385	1691.8543	81.4367	10.9407	109.6260	99.8882	0.2049
386	1703.4024	81.9881	10.9157	109.2176	99.3153	0.0543
387	1711.6276	82.0035	10.9431	108.8261	99.4638	0.0053
388	1694.3522	81.8868	10.9839	108.8490	99.0532	-0.0120
389	1702.0096	82.1198	10.9029	109.1386	98.0594	-0.0572
390	1704.6207	81.7692	10.9204	109.2712	97.6259	0.0004
391	1701.3119	81.9445	10.9382	109.3266	97.5355	0.1625
392	1699.6720	82.3177	10.9018	109.9199	97.2354	0.2224
393	1713.3916	81.6805	10.9373	109.6740	97.6787	0.3398
394	1712.4919	81.8185	10.9440	109.3288	98.1182	0.2841
395	1721.8745	81.6859	10.9531	109.2339	98.9873	0.2671
396	1731.0572	82.3573	10.9878	108.6353	98.8267	0.0748
397	1715.2157	82.8254	11.1113	109.0555	98.5284	-0.0659
398	1716.8659	82.0944	11.1708	109.7111	98.6005	-0.0629
399	1710.8642	82.5158	11.0629	110.0168	98.8964	-0.0788
400	1705.5552	82.0630	11.1366	110.7110	99.2477	-0.0036
401	1695.9023	81.5950	11.1572	111.1455	99.1112	0.1587
402	1696.5690	81.5361	11.0728	111.2198	98.7649	0.2428
403	1686.5544	81.4537	10.9926	111.6131	99.6470	0.3635
404	1684.3542	81.3941	10.9496	111.2940	100.0412	0.3940
405	1687.5373	81.1700	10.9041	110.8781	100.2461	0.3105
406	1698.0236	81.2061	10.8553	110.9807	100.2645	0.2429
407	1695.5226	80.9700	10.8990	110.1737	100.3635	0.0524
408	1689.7705	80.6162	10.8789	110.3068	100.6856	-0.1018
409	1686.1785	80.8988	10.8690	109.9441	100.1635	-0.1450
410	1678.0781	80.9181	10.8054	109.3357	100.1481	-0.0283
411	1670.7672	80.9774	10.7490	109.0774	99.8307	0.1192
412	1681.0748	80.4084	10.6958	108.5800	99.2768	0.1986
413	1680.0242	80.4088	10.7605	108.6731	98.9226	0.2839
414	1688.9811	80.6616	10.8181	108.4666	98.1098	0.2811
415	1682.5350	80.9877	10.8068	108.1422	98.3781	0.2187
416	1679.7731	80.8417	10.8007	108.3769	98.1525	0.1386
417	1682.8301	80.7157	10.8128	108.3666	97.7868	-0.0066
418	1695.8394	80.6882	10.8106	108.1906	97.4166	-0.1637
419	1710.6608	80.1751	10.7523	108.2803	97.6624	-0.0388
420	1712.8194	79.7088	10.7223	108.5018	97.3479	-0.0345
421	1716.9070	80.8387	10.7247	107.9210	97.5945	0.0865
422	1711.5942	80.4780	10.6295	108.1893	97.7226	0.2805
423	1716.0703	80.4691	10.5863	107.6012	98.3945	0.3580
424	1701.4226	80.8281	10.6212	106.9503	97.7219	0.3476
425	1717.5245	80.5840	10.6603	107.2791	97.4842	0.2823
426	1720.4694	81.6398	10.6052	107.2838	96.4426	0.0566
427	1699.0206	81.5217	10.7551	106.7697	96.1963	-0.0999
428	1701.6963	81.5740	10.7917	107.0954	95.9557	-0.1181
429	1701.8339	81.1514	10.7968	107.8463	96.4623	-0.1062
430	1702.4123	81.3666	10.7676	107.2173	96.6912	0.0344
431	1717.8509	81.7023	10.8244	107.3366	96.5619	0.1383
432	1740.1556	82.3386	10.8747	107.5137	96.3493	0.1992
433	1744.8008	81.9544	10.8738	108.0145	95.9639	0.3863
434	1735.7140	82.7148	10.9347	107.8921	96.0271	0.3495
435	1736.3504	83.2586	10.9732	107.9983	96.1406	0.2262
436	1736.3171	83.2766	11.1428	108.2842	97.1241	0.0952
437	1735.3474	82.8457	11.2012	108.5061	96.6170	-0.0563
438	1741.8905	83.0519	11.1366	109.4559	97.1314	-0.1789
439	1732.8723	83.3903	11.1956	110.0884	98.1718	-0.2347
440	1723.9327	83.2799	11.0963	110.4517	98.8080	-0.1010
441	1727.1726	82.9452	11.0482	110.3260	99.2042	0.1186
442	1724.0447	82.3924	11.1183	110.1899	99.3422	0.2927
443	1719.4426	82.4935	11.0540	109.9798	99.0727	0.3790
444	1723.9562	82.2743	11.0002	109.8282	99.4439	0.3110
445	1717.9041	81.7851	10.9913	109.9483	99.3543	0.2689
446	1708.2567	82.1226	11.0142	109.5268	99.2610	0.0729
447	1724.4221	83.1435	10.9988	109.4726	99.4944	-0.0721
448	1705.1985	83.3274	11.0127	109.9172	99.3122	-0.1759
449	1709.8751	83.6737	10.9649	109.8471	99.2240	-0.1241
450	1713.0746	83.5884	11.0692	109.5470	99.6630	0.0371
451	1719.0379	83.4937	11.1769	109.1503	99.5571	0.1298
452	1712.8637	84.0390	11.1718	109.2131	99.2306	0.2635
453	1697.8991	83.3245	11.2069	109.4793	99.0501	0.4222
454	1695.5198	82.2959	11.1640	109.8323	99.0744	0.3003
455	1692.6392	82.2551	11.0376	110.0761	99.2127	0.1644
456	1686.4616	81.7032	11.0177	110.2276	99.5291	0.0360
457	1695.8009	81.8463	10.9400	109.7707	98.9936	-0.0488
458	1673.1349	81.4345	10.8631	109.6431	99.0918	-0.2434
459	1673.0890	81.9695	10.8611	109.4788	99.2482	-0.1961
460	1672.4284	81.9945	10.8551	108.9829	99.6596	-0.1300
461	1662.6125	81.3435	10.9761	108.7374	99.3686	0.0825
462	1646.5756	80.7197	10.9722	108.6098	98.9891	0.2329
463	1658.7449	80.0764	10.8449	108.1882	98.5114	0.3415
464	1666.9229	79.9658	10.7410	108.3416	97.8511	0.2734
465	1654.9853	80.3737	10.7349	107.8697	98.3790	0.1782
466	1646.5371	80.4256	10.7311	107.9610	98.0933	-0.0102
467	1637.2746	80.1738	10.7262	107.7367	98.0094	-0.1274
468	1653.5993	80.0448	10.7546	107.2866	97.9070	-0.1103
469	1662.8768	79.6922	10.7705	107.4008	97.4384	-0.0759
470	1658.1050	79.3364	10.6676	107.2738	97.6320	-0.0517
471	1670.9452	79.2629	10.6284	107.2581	97.5226	0.0164
472	1673.0249	79.2303	10.5633	106.8962	97.1795	0.2533
473	1682.3621	79.0459	10.5814	106.5483	96.3432	0.2500
474	1692.6088	79.7932	10.5731	106.4410	96.2924	0.2933
475	1688.2334	79.9256	10.4908	106.2797	96.5990	0.2361
476	1685.0826	79.9946	10.5796	106.5078	96.3292	0.1490
477	1688.7952	79.9219	10.5945	106.1686	95.8956	-0.0329
478	1689.7641	80.2174	10.5956	105.9815	96.3981	-0.2034
479	1690.9335	80.4866	10.5584	105.6327	96.1982	-0.1700
480	1686.8994	79.9668	10.6145	105.3729	95.9103	0.0276
481	1697.1010	80.3238	10.6428	105.0440	95.6995	0.0777
482	1703.7434	80.4787	10.6890	105.3307	95.3978	0.2859
483	1704.2518	80.4568	10.7640	105.8031	94.9218	0.3223
484	1717.1814	80.8988	10.7503	106.4101	94.8547	0.3554
485	1712.9695	80.8508	10.7027	106.2539	94.6491	0.2224
486	1708.3838	82.3023	10.6829	106.3331	94.8054	0.0338
487	1703.1869	81.7850	10.7721	105.9041	94.9719	-0.2400
488	1712.7552	81.7599	10.8441	106.6046	94.8994	-0.1627
489	1713.0108	82.1475	10.8698	106.4881	95.3364	-0.1701
490	1706.5367	82.0422	10.8526	106.8757	95.3315	-0.1317
491	1711.2131	81.6894	10.9073	107.4193	95.1739	0.0690
492	1716.7362	81.9869	10.9430	108.1110	95.4291	0.2069
493	1700.4110	81.7961	10.9628	108.7291	95.2354	0.3180
494	1681.6041	82.1495	11.0339	108.5484	95.4390	0.3581
495	1680.7819	81.6592	11.1129	109.1209	95.5951	0.2284
496	1693.8649	81.7048	11.0407	109.3747	96.3964	0.0492
497	1686.5690	80.8361	10.9246	109.1646	96.5615	0.0172
498	1698.1040	80.3117	10.8313	109.2704	97.1054	-0.0502
499	1700.2860	81.4589	10.7275	109.0936	96.9436	-0.0267
500	1708.3734	81.5692	10.8351	108.8764	97.5873	0.0741
501	1708.2943	81.6556	10.8995	108.4334	97.6402	0.1085
502	1705.3935	82.1084	10.8968	108.8057	97.2470	0.0733
503	1699.3249	82.4272	10.8924	108.6272	97.4830	0.2412
504	1690.1756	82.2229	10.8723	108.6172	97.5435	0.3080
505	1687.5785	81.5521	10.9387	109.0289	97.8279	0.1873
506	1697.1112	81.0364	10.8808	109.3313	98.0247	0.0634
507	1698.3279	80.6515	10.9379	109.1777	98.3069	0.0559
508	1699.0240	80.0441	10.9013	109.4447	98.1613	-0.0071
509	1695.7644	80.7444	10.9234	109.7675	97.8519	-0.0026
510	1699.4095	81.4356	10.8870	109.4762	98.1164	0.0606
511	1691.2165	81.5165	10.9062	109.6163	98.0177	0.1829
512	1699.8712	82.0106	10.7897	109.1811	97.9956	0.2841
513	1689.1903	81.4067	10.8826	108.9595	97.9295	0.3325
514	1686.4685	81.5631	10.8916	109.2029	98.3027	0.4460
515	1672.2569	81.7468	10.8220	108.9282	97.4840	0.3341
516	1665.1424	81.4421	10.8050	109.2254	97.3802	0.0267
517	1680.1244	80.8801	10.8107	108.8126	97.2164	-0.1132
518	1663.1862	79.9916	10.8173	108.6124	97.7113	-0.1099
519	1659.6675	79.6838	10.7182	108.7340	97.6471	-0.1617
520	1660.9507	79.3209	10.7133	108.4250	97.8636	-0.0515
521	1673.6988	80.0474	10.6253	108.5050	97.7443	0.0819
522	1676.8870	80.1988	10.6856	107.7134	97.8410	0.2277
523	1673.3495	79.7413	10.8082	106.9909	97.7101	0.3264
524	1678.2139	80.6664	10.8329	106.7659	97.8070	0.3730
525	1679.4162	80.8884	10.7490	106.9600	97.3772	0.3010
526	1675.3351	81.2717	10.8077	107.1624	97.4667	0.1279
527	1676.8157	80.6569	10.7710	107.4795	97.3898	-0.0137
528	1676.7221	80.0537	10.6237	107.8625	97.3463	-0.1482
529	1673.9470	79.2091	10.6132	107.6913	97.2311	-0.0796
530	1665.2879	79.0723	10.6464	107.7142	97.2554	-0.0397
531	1670.5317	78.6268	10.6223	107.4615	96.8103	0.1153
532	1688.1776	78.5994	10.6531	107.0313	97.0783	0.3101
533	1689.3140	79.2911	10.7072	106.9970	96.9910	0.4076
534	1686.8210	79.8981	10.7397	107.1745	96.9330	0.3219
535	1698.1340	80.3808	10.6906	106.9037	96.9784	0.1539
536	1699.0632	80.2006	10.7859	107.0872	96.8030	0.0708
537	1699.1144	79.6285	10.7460	107.3086	96.7225	0.0526
538	1695.3892	80.1642	10.6788	107.4958	97.2323	-0.0750
539	1692.7846	80.4037	10.7453	107.2454	97.4569	-0.0655
540	1679.9396	80.6862	10.7804	107.5565	96.9464	-0.0838
541	1680.6486	80.7062	10.7251	107.7622	96.7950	0.0899
542	1689.3325	80.2743	10.6565	107.8321	96.7663	0.2654
543	1689.1356	80.3189	10.7055	107.5730	96.5973	0.3338
544	1689.4153	80.8161	10.8154	107.2137	96.5835	0.3521
545	1681.0749	80.4709	10.7928	107.6414	96.3471	0.2488
546	1677.4880	80.1643	10.7546	107.6244	96.6477	0.0801
547	1689.6743	80.7928	10.6814	107.6839	96.6123	-0.0778
548	1681.9982	81.0182	10.7682	107.4818	97.0149	-0.1232
549	1681.5935	80.5886	10.7209	108.1003	96.8104	-0.1053
550	1682.1572	81.1424	10.6982	108.2062	97.4163	0.0492
551	1677.0587	80.7614	10.7204	108.3101	97.5805	0.1274
552	1677.6574	80.5631	10.7907	108.4962	97.3698	0.3446
553	1679.0850	80.4943	10.7270	108.0631	97.7280	0.4075
554	1691.1519	80.0599	10.7950	107.9553	98.1469	0.3702
555	1696.2104	81.1404	10.6795	107.4351	97.8678	0.2160
556	1698.1226	81.4252	10.7441	107.0937	97.7999	0.0568
557	1693.6746	81.7860	10.7362	106.9282	97.3260	-0.0928
558	1696.1967	81.4571	10.8542	107.0530	97.2318	-0.0741
559	1705.8235	81.5909	10.8844	107.0147	96.8426	-0.0942
560	1701.7382	81.6470	10.8765	107.2760	96.6485	-0.0692
561	1705.4031	81.3443	10.8651	107.2216	96.6613	0.0410
562	1707.8828	81.1602	10.8082	107.5801	96.7630	0.1314
563	1710.3012	80.7059	10.8939	107.1299	96.6576	0.2520
564	1704.6715	81.7262	10.8769	107.0670	96.3313	0.2501
565	1706.1343	81.4494	10.8567	107.2483	96.2602	0.2039
566	1698.5460	81.5754	10.8773	107.7379	96.2414	0.1423
567	1703.5903	81.4711	10.7649	107.6595	95.6365	-0.0352
568	1712.6953	81.5744	10.8016	108.0106	96.2762	-0.0602
569	1715.2108	81.6381	10.7726	108.0261	96.2118	-0.1497
570	1712.3789	82.2028	10.9094	108.0334	96.5013	-0.1430
571	1710.4288	82.3754	10.9237	108.0694	97.1505	0.0154
572	1715.0428	82.2658	11.0456	107.6607	97.4920	0.2226
573	1698.3738	82.0812	11.0201	107.9787	96.9637	0.2499
574	1700.2174	82.2853	10.9990	108.0432	96.7850	0.3499
575	1715.2525	81.5898	11.0478	108.5768	96.5971	0.2563
576	1712.7350	81.4806	11.0088	109.1704	96.4207	0.0274
577	1714.0861	81.3626	11.0224	109.2643	97.1291	-0.0135
578	1704.5042	81.7813	10.9585	109.3498	97.2214	-0.1044
579	1705.2706	81.6252	10.8998	109.1697	96.9659	-0.0245
580	1702.5670	81.6653	10.8643	109.1218	96.9204	0.0468
581	1699.2597	81.5675	10.8319	109.3877	96.3297	0.0489
582	1708.1728	81.6201	10.8319	109.5584	96.7487	0.1850
583	1695.0493	81.5553	10.8860	108.9556	96.8877	0.3692
584	1700.1096	81.2765	10.8551	109.3328	96.9075	0.3865
585	1701.6517	80.6215	10.8286	109.0694	97.0480	0.3102
586	1715.4353	81.1029	10.8496	108.8344	96.9011	0.1964
587	1723.6410	81.2409	10.7896	109.1371	96.9814	-0.0968
588	1718.0219	81.8814	10.8513	108.6765	96.8897	-0.1611
589	1714.6936	81.6266	10.8245	108.9365	97.0503	-0.1273
590	1718.9342	82.1715	10.8301	108.7944	96.8877	-0.0332
591	1713.2532	82.4496	10.8920	108.8202	97.1455	0.1618
592	1716.3332	82.3091	10.9119	109.0145	97.5437	0.3496
593	1727.5200	82.6167	11.0191	109.0087	97.8036	0.3283
594	1731.8011	82.0537	10.9635	109.2951	97.8590	0.3531
595	1717.3476	83.0296	10.9415	109.7613	98.3296	0.2301
596	1703.6091	83.1909	10.9421	109.5754	98.3646	-0.0063
597	1694.9717	82.7631	11.0253	109.6768	98.0190	-0.0452
598	1699.8049	82.0799	11.0275	109.9839	97.6357	-0.2052
599	1693.7567	82.3562	10.9769	110.5493	97.8162	-0.1147
600	1678.1903	82.0625	10.9865	110.4057	98.0314	-0.0432
601	1666.7586	81.9947	11.0697	110.3511	98.8282	0.1037
602	1660.1278	81.8694	11.0581	109.9006	98.9914	0.2093
603	1652.6667	81.3870	11.0544	110.3122	99.1380	0.2619
604	1651.8948	80.3608	11.0630	110.5352	99.0465	0.2280
605	1629.8144	79.7266	10.8885	110.2698	99.4944	0.1228
606	1613.6202	78.7488	10.8553	109.4377	99.4649	0.0076
607	1600.3709	78.1609	10.7884	109.4678	99.7847	-0.2144
608	1584.9324	78.6959	10.6967	109.1004	99.5173	-0.3031
609	1571.4240	78.1916	10.6216	109.1173	99.1768	-0.2073
610	1577.6732	78.1347	10.5534	109.0294	98.9992	-0.1039
611	1561.1420	77.8089	10.5770	108.6695	98.2592	-0.0932
612	1540.3630	77.3505	10.5562	108.4667	98.4028	0.1528
613	1544.6516	76.4232	10.4810	107.7370	98.2077	0.2075
614	1524.5682	75.3241	10.3728	107.2723	98.2499	0.1927
615	1525.9510	74.9044	10.3121	107.0057	97.8128	0.2573
616	1512.0777	73.6509	10.2468	106.5832	97.3195	0.0852
617	1513.5078	73.3501	10.1238	105.8275	96.6344	-0.0980
618	1505.3789	73.5841	9.9892	105.1594	96.4714	-0.1129
619	1500.8791	73.1562	9.9323	104.3971	96.4792	-0.2013
620	1509.6312	73.3154	9.7858	103.1784	95.2813	-0.0479
621	1487.3801	73.0071	9.8034	102.6438	94.3222	0.0589
622	1488.9700	72.7907	9.7659	101.9737	94.1733	0.2221
623	1487.8751	72.5182	9.7459	101.6218	93.8342	0.3621
624	1485.2876	71.8216	9.7024	100.8969	92.7793	0.3181
625	1494.4338	71.7590	9.6919	100.1996	92.5871	0.1927
626	1482.4738	72.1781	9.6653	99.7050	91.9807	0.0474
627	1470.6867	71.9647	9.6229	98.9994	91.0871	-0.0237
628	1455.8893	71.9561	9.6140	98.5754	90.4158	-0.1648
629	1444.9067	71.6007	9.5878	98.4751	89.7908	-0.2318
630	1443.4570	71.4083	9.5400	98.2246	89.8233	-0.1263
631	1447.6076	70.8350	9.5260	97.4511	89.1952	0.0722
632	1449.2127	71.0208	9.4618	96.9770	88.4256	0.1883
633	1441.4822	70.5391	9.4721	97.0709	88.5672	0.2787
634	1428.4426	70.5020	9.4525	96.6066	88.7510	0.2114
635	1434.9953	70.5915	9.4101	96.3659	88.5970	0.1137
636	1430.6165	70.5328	9.4212	96.2242	88.0566	-0.0967
637	1426.5535	70.9245	9.4238	96.1633	87.6931	-0.1719
638	1445.6006	70.6160	9.4206	95.7962	87.6006	-0.2219
639	1438.7331	69.7501	9.5126	95.7531	87.2944	-0.2888
640	1437.7438	69.5632	9.4826	95.3913	87.0009	-0.1319
641	1441.6840	68.9495	9.4089	95.6418	86.8554	-0.0315
642	1435.1110	69.3353	9.2315	95.8840	86.9333	0.0901
643	1426.2605	69.5126	9.1659	95.4905	87.1625	0.1239
644	1434.0415	68.7852	9.2480	94.9179	87.0903	0.2206
645	1442.4764	68.3697	9.1354	94.8372	86.5072	0.1365
646	1451.3888	69.2038	9.1323	95.0058	86.5257	-0.0272
647	1453.4317	69.3936	9.1102	94.3694	86.2222	-0.1332
648	1452.6448	69.3139	9.0892	93.1865	85.8142	-0.2888
649	1453.9012	70.1597	9.0870	92.2025	85.1422	-0.2264
650	1449.6712	70.3409	9.1526	91.8480	84.4938	-0.0523
651	1446.2530	69.5637	9.2471	91.9196	83.9236	0.1273
652	1430.3161	69.7380	9.2624	91.5249	83.6337	0.2542
653	1439.4588	69.5230	9.3488	91.8645	82.9637	0.1841
654	1440.0464	69.4062	9.3215	91.6299	82.9891	0.2503
655	1445.9246	69.1538	9.3001	92.1229	83.0995	0.1305
656	1443.6039	69.4681	9.2597	92.0426	83.3408	-0.0527
657	1441.7070	69.5086	9.2096	92.5673	82.9987	-0.1436
658	1443.8051	69.1555	9.2575	92.4169	82.8263	-0.2341
659	1442.7820	69.5404	9.2882	92.1973	83.0117	-0.2233
660	1433.8902	69.3269	9.2408	92.3428	82.9597	-0.1190
661	1415.5038	68.4186	9.2958	92.8585	82.9292	0.0296
662	1410.1752	68.4520	9.2056	92.7085	82.8642	0.1374
663	1422.3886	68.3557	9.1235	92.4998	83.5129	0.2402
664	1430.8445	68.1141	9.1352	91.9688	83.6430	0.2909
665	1431.9149	68.4310	9.1823	91.7699	83.8814	0.1063
666	1428.5906	68.5859	9.1881	91.6653	83.8128	0.0002
667	1427.3117	68.3706	9.1845	92.3714	83.6374	-0.1942
668	1419.2394	69.0579	9.1155	92.5092	83.2890	-0.2806
669	1433.1313	69.1627	9.1914	92.8238	82.8669	-0.3178
670	1417.7746	68.8406	9.1825	92.5832	82.8454	-0.2391
671	1416.4582	68.8155	9.2137	92.1535	82.7699	-0.0735
672	1432.6677	68.5712	9.2058	91.8328	82.3622	0.1025
673	1429.7661	69.0496	9.2243	91.8286	82.0765	0.2392
674	1425.1164	68.9164	9.2281	91.9245	82.2939	0.3062
675	1416.8898	69.1483	9.2066	92.5462	82.5712	0.2077
676	1410.1030	69.1341	9.1636	92.2407	82.3494	0.0237
677	1414.6168	68.9986	9.2413	92.0920	82.5185	-0.1027
678	1429.7141	68.6472	9.2407	92.0687	82.7914	-0.1379
679	1439.4550	68.8897	9.1443	92.6026	82.7742	-0.1040
680	1435.8005	68.6296	9.1655	91.9742	82.6887	-0.0229
681	1442.8876	69.1033	9.1583	91.4406	82.5357	0.0225
682	1443.5198	69.1755	9.2054	91.6071	82.5666	0.1807
683	1436.8588	68.2325	9.1935	91.8439	82.2121	0.2852
684	1444.7171	68.6603	9.1878	91.8601	82.0551	0.3105
685	1452.2087	68.9089	9.1947	91.8293	82.3185	0.2204
686	1460.1021	69.2362	9.2344	92.2552	82.1836	-0.0013
687	1462.4281	69.2831	9.3088	91.8510	82.1431	-0.2116
688	1450.5395	68.6102	9.2088	91.8178	81.7223	-0.2806
689	1448.6104	68.4010	9.1904	91.6253	82.4358	-0.2836
690	1450.6247	68.6097	9.2479	91.2235	81.5858	-0.1964
691	1438.2307	68.5424	9.1855	91.9433	82.1050	0.0063
692	1441.3542	68.6695	9.1243	91.9030	81.7755	0.1807
693	1442.1459	68.7243	9.1558	91.9959	81.8573	0.2416
694	1448.5003	68.8404	9.2264	92.4185	82.7422	0.2370
695	1444.1440	69.1376	9.2257	93.3579	82.9090	0.2007
696	1455.1875	69.3001	9.2949	93.1375	83.0896	0.0209
697	1450.0536	69.2361	9.3541	92.9866	82.9231	-0.0987
698	1451.3825	69.2323	9.2937	92.8058	82.7489	-0.2656
699	1447.3335	69.3509	9.2727	93.0402	83.0245	-0.2426
700	1440.4547	70.0193	9.2249	93.1503	82.8337	-0.1369
701	1461.6229	69.3161	9.3565	92.4959	83.1727	-0.0113
702	1459.3181	69.2261	9.3950	92.6590	83.3083	0.1478
703	1456.6969	69.2395	9.4034	92.8505	83.2872	0.2433
704	1465.0931	69.0931	9.4262	93.3940	83.1414	0.2054
705	1470.6831	69.2548	9.2559	93.1828	83.0143	0.0737
706	1464.3696	69.6311	9.2865	93.4873	83.5288	0.0563
707	1460.4893	70.2375	9.2988	92.9930	83.5033	-0.1173
708	1451.3649	69.6230	9.2850	92.5676	83.1936	-0.2870
709	1453.5088	69.4809	9.2180	93.1919	83.1792	-0.1859
710	1452.4645	69.1130	9.1880	93.3152	83.2158	-0.2361
711	1456.4643	68.8007	9.1186	93.3194	83.2470	-0.0215
712	1456.1661	68.1833	9.1670	92.8435	83.6081	0.1516
713	1452.4079	69.0546	9.0943	92.3701	84.0653	0.1881
714	1448.4176	69.3824	9.0872	92.0704	83.4248	0.2513
715	1446.9208	69.2943	9.1831	92.0664	82.7183	0.2750
716	1447.7162	70.2341	9.2068	92.7076	82.6833	0.0671
717	1446.8447	69.5672	9.2557	93.1477	82.9471	-0.1388
718	1449.6560	69.2887	9.2523	93.0117	83.2602	-0.2331
719	1450.0049	69.5957	9.3510	92.7498	83.6296	-0.2634
720	1457.7898	69.8206	9.3425	92.8063	83.3911	-0.1645
721	1454.7189	70.0020	9.2797	92.8868	83.8843	0.0554
722	1451.3438	69.9785	9.3584	93.4859	83.6519	0.1893
723	1450.5127	69.9622	9.3352	93.8819	83.8236	0.2645
724	1439.8802	70.2749	9.3096	93.8932	83.8955	0.1704
725	1449.0875	70.0243	9.2702	93.7471	83.8718	0.2067
726	1446.3695	69.5995	9.3318	93.7901	83.6089	0.0511
727	1435.6083	69.8543	9.2953	93.9029	83.3552	-0.1444
728	1432.8980	70.4743	9.2266	94.3661	83.3228	-0.2192
729	1433.0093	70.0424	9.2350	94.2555	83.8528	-0.2051
730	1449.4770	69.6269	9.2618	93.7052	84.3858	-0.1295
731	1459.7369	69.6624	9.2649	93.4897	84.7686	0.0662
732	1449.8270	70.3691	9.3103	93.2994	84.5881	0.1160
733	1438.6855	70.2235	9.3376	93.4130	84.8457	0.1787
734	1427.7146	69.7290	9.3426	92.9911	84.9136	0.1720
735	1431.2491	68.5540	9.3777	93.3483	84.8731	0.1543
736	1428.8257	68.4853	9.2436	93.4915	84.6326	0.1093
737	1428.3154	68.1513	9.1982	93.5231	84.9798	-0.0491
738	1440.9200	68.8973	9.2330	93.3332	84.6411	-0.2202
739	1440.7605	69.0592	9.2733	93.2786	84.4452	-0.3051
740	1438.4904	69.7711	9.2644	93.4132	84.8358	-0.2421
741	1434.9636	70.0473	9.1823	93.0421	84.9229	-0.0177
742	1426.4939	69.7572	9.2301	93.1359	85.0594	0.1030
743	1426.7875	69.8442	9.2377	93.0451	84.6633	0.2975
744	1412.2859	69.7783	9.2642	93.0986	84.0586	0.3285
745	1411.8102	69.6012	9.2317	92.7570	84.3526	0.1529
746	1408.5207	68.7307	9.2108	92.7820	84.5572	0.0186
747	1421.7201	68.5834	9.2604	92.4384	84.9592	-0.0633
748	1430.1666	67.6403	9.1436	92.2454	84.4599	-0.1711
749	1426.6682	67.4525	9.1431	92.0024	84.9224	-0.2128
750	1402.7883	67.0923	9.0597	92.2797	84.3656	-0.1713
751	1382.9984	67.0058	8.9955	92.3541	83.7839	0.0001
752	1357.3281	66.7472	9.0672	91.9509	83.2345	0.1656
753	1359.1497	66.6469	9.0150	91.8339	82.8500	0.2373
754	1351.5682	66.7425	8.9781	91.8019	82.9751	0.2658
755	1344.9380	66.3882	8.9629	91.8372	82.9919	0.2244
756	1339.5053	65.9764	8.9473	91.7565	82.8624	0.0508
757	1339.3583	65.1125	8.9037	90.9507	82.8968	0.0381
758	1333.9246	64.7651	8.9164	90.7398	82.4868	-0.1330
759	1323.8759	64.4576	8.8918	90.6753	82.3669	-0.1330
760	1300.2627	63.9045	8.8550	90.4102	82.0317	-0.0448
761	1287.7394	63.4876	8.7530	90.1656	82.1421	0.1845
762	1276.4353	62.6609	8.7145	89.8821	81.6637	0.3393
763	1265.4067	61.9119	8.6305	89.2296	81.7925	0.4173
764	1252.4236	61.2997	8.4995	88.3759	81.1549	0.3691
765	1238.3997	60.9254	8.3948	88.1818	80.8670	0.2676
766	1230.8068	60.2755	8.3620	87.5074	81.2686	0.0695
767	1211.3220	60.4155	8.1949	86.5400	80.7851	0.0281
768	1202.2415	59.8514	8.2681	85.5972	79.8672	-0.1027
769	1202.1922	60.1630	8.2587	84.9633	79.1837	-0.0548
770	1184.3262	60.0965	8.1795	84.3886	78.4258	0.1110
771	1175.6459	60.5248	8.0961	84.0951	77.7674	0.3536
772	1177.2537	59.9244	8.0392	83.0543	77.7527	0.4664
773	1158.7355	59.0382	8.1028	82.4527	77.2026	0.4589
774	1150.9167	58.3064	8.0213	82.4550	76.5381	0.4822
775	1139.0438	57.5291	7.9362	81.7204	75.4603	0.4348
776	1129.2264	56.3214	7.9073	80.8908	74.9068	0.3210
777	1122.9237	56.2748	7.8010	80.6785	74.5192	0.0943
778	1127.7514	55.5678	7.7302	80.3082	73.7113	0.0327
779	1121.5138	54.7221	7.6374	80.4316	73.9782	0.0936
780	1103.4289	54.3581	7.5059	79.3734	74.1942	0.1729
781	1092.5797	54.2889	7.3775	78.8806	73.4686	0.3676
782	1088.9098	54.2168	7.3177	78.5205	72.3343	0.4620
783	1103.8013	53.6163	7.2996	77.3125	72.4363	0.5865
784	1108.9152	53.6960	7.1707	76.7739	71.7119	0.6288
785	1106.0860	53.3226	7.1286	75.8040	71.0792	0.5890
786	1097.9278	53.5020	7.0818	74.8483	70.4640	0.4420
787	1111.5840	53.2795	7.1002	74.8344	70.0789	0.2494
788	1115.2501	53.1777	7.0825	74.1067	69.3692	0.1584
789	1104.2901	53.4919	7.0765	74.0968	69.1106	0.2229
790	1111.5094	53.0234	6.9988	73.4554	68.7502	0.2659
791	1112.7701	53.2521	6.9845	72.8068	68.2531	0.4673
792	1098.5317	53.6270	7.0201	72.6756	67.0043	0.6454
793	1092.5801	52.8377	7.1266	71.7935	66.4264	0.7646
794	1096.0758	52.9877	7.1284	71.8597	66.0807	0.6885
795	1090.4106	53.3258	7.1445	71.6849	65.5751	0.5356
796	1081.1490	52.6840	7.1062	71.2256	65.8517	0.4793
797	1077.8528	52.4210	7.0445	70.8418	65.7954	0.2777
798	1082.1836	52.1865	6.9887	70.7962	65.7324	0.2159
799	1073.5370	52.5248	6.9938	70.5902	65.5646	0.1023
800	1065.9232	52.1436	6.9142	70.0689	65.3164	0.2545
801	1059.0366	51.4266	6.9768	69.8232	64.6641	0.5061
802	1046.4710	51.4312	6.9515	69.3662	64.1507	0.7157
803	1047.8936	50.8509	6.9077	69.3643	62.7766	0.7651
804	1050.4678	50.5180	6.9012	69.3585	62.8644	0.7694
805	1050.1165	49.5101	6.8187	68.8069	62.8735	0.6666
806	1035.8389	48.8779	6.7827	69.0726	62.8805	0.5190
807	1012.6447	49.3736	6.7099	68.5443	62.7392	0.4412
808	1009.6584	49.3489	6.7193	68.2097	62.8155	0.3096
809	1008.5618	48.2880	6.6379	68.0526	62.4900	0.3770
810	1007.0791	47.8181	6.5700	67.8205	61.6955	0.4782
811	1019.3596	47.7359	6.5307	67.7081	61.8382	0.6394
812	1011.0072	47.6774	6.4668	67.4563	61.3508	0.6639
813	1024.9576	48.0874	6.4628	67.1943	61.7919	0.8192
814	1012.6423	48.0402	6.4964	66.7302	61.0395	0.8218
815	1014.1263	47.7632	6.4573	66.7445	60.4994	0.7895
816	1005.9799	48.2070	6.3934	66.6424	60.0416	0.5184
817	996.9905	48.6317	6.3728	66.1728	59.7395	0.3900
818	1006.3838	48.6597	6.3959	65.4692	59.4827	0.3368
819	1000.4289	48.7301	6.4486	64.9066	59.3664	0.4028
820	986.7979	48.3982	6.4113	65.1968	59.1501	0.5223
821	997.2788	48.7003	6.3991	65.5201	59.1807	0.6007
822	999.5353	48.6976	6.4365	65.4666	58.8412	0.7888
823	1007.1428	48.5211	6.4821	65.2591	59.0017	0.8622
824	1005.8792	48.1408	6.4860	65.3962	58.8003	0.8923
825	997.1154	49.0208	6.4601	65.2774	59.1650	0.7437
826	993.1667	49.2745	6.4527	65.1245	59.3648	0.6280
827	1002.8236	49.3495	6.4274	64.9833	58.8134	0.5614
828	1016.2471	49.6235	6.4168	64.9650	58.7563	0.4364
829	1015.9126	48.5934	6.4220	64.5339	58.9726	0.4582
830	1009.6552	48.8930	6.3655	64.2889	58.6655	0.5671
831	1000.2996	48.4356	6.4674	63.6937	58.8631	0.6801
832	1000.4897	48.5159	6.4692	63.3916	58.4237	0.8037
833	1011.1615	48.8581	6.4981	64.0420	58.0440	0.9687
834	1018.9880	48.5517	6.5194	64.0788	57.8814	1.0006
835	1024.0234	48.7132	6.5792	64.5096	57.0551	0.7567
836	1031.4562	47.9443	6.5326	64.7619	57.0731	0.6751
837	1031.7172	48.4679	6.6135	64.7179	57.5076	0.5727
838	1038.8142	48.8828	6.5921	64.3616	58.0132	0.4441
839	1026.0254	49.0828	6.5771	64.4254	57.6966	0.4120
840	1034.8675	49.0889	6.6111	64.2416	57.9918	0.5685
841	1037.3554	49.1941	6.5596	64.7875	57.7809	0.6798
842	1022.8324	49.2209	6.6187	64.5784	57.5270	0.7077
843	1031.0356	49.0258	6.6189	64.8908	57.2286	0.7396
844	1027.6395	48.7134	6.6023	64.9476	57.6242	0.7840
845	1036.8141	49.2875	6.5919	64.8958	57.4895	0.6863
846	1039.6307	49.7004	6.5097	64.7769	57.4274	0.5142
847	1030.6885	49.7471	6.5213	65.3141	56.9460	0.4213
848	1032.6685	49.2321	6.6055	65.6091	56.5538	0.3902
849	1012.5059	48.7120	6.5785	65.0310	57.0134	0.3783
850	1027.7418	48.4534	6.6227	65.6771	57.1739	0.4853
851	1021.2554	48.5213	6.6230	64.9951	57.9535	0.6846
852	1029.8071	49.0599	6.4872	64.9231	58.0492	0.7879
853	1036.7145	48.9919	6.4362	64.8224	58.4493	0.8235
854	1031.7693	49.3301	6.4998	64.7454	58.8587	0.8666
855	1012.6211	50.0297	6.5451	65.2184	58.6212	0.8011
856	1029.8797	49.8180	6.4825	65.3465	58.7267	0.6436
857	1031.3799	49.1813	6.4543	65.3513	58.4242	0.4516
858	1050.5921	49.3301	6.4324	64.9654	58.7507	0.2929
859	1039.7284	49.8047	6.3983	64.5466	59.1729	0.3069
860	1029.3956	50.2376	6.5162	64.3056	58.9772	0.3947
861	1029.4931	50.2282	6.5817	63.9544	58.7043	0.5547
862	1032.3865	50.1469	6.6306	64.3186	59.0241	0.7188
863	1019.7175	50.2012	6.6364	65.0490	58.6213	0.8360
864	1020.4314	50.4114	6.5908	65.5045	58.3582	0.8717
865	1018.8734	49.7670	6.6341	65.6052	58.1983	0.8090
866	1020.3234	49.4007	6.5509	66.1607	58.5206	0.5941
867	1029.6914	49.9867	6.5618	66.2220	58.8412	0.4215
868	1026.6676	49.9976	6.6724	66.8599	58.6275	0.2602
869	1034.8588	50.0382	6.5780	66.4802	59.2923	0.2255
870	1032.7298	49.3210	6.6472	65.9389	59.8746	0.3695
871	1032.7957	49.1448	6.6791	66.0504	59.7147	0.5344
872	1034.6993	48.9552	6.6675	66.4384	59.6140	0.7117
873	1036.2478	49.6106	6.6163	66.4062	59.7853	0.7616
874	1043.9196	49.7045	6.5910	66.7009	59.8891	0.8302
875	1037.4904	49.4774	6.6285	65.9906	60.1771	0.7005
876	1049.2048	49.8016	6.5869	65.9297	60.0712	0.5231
877	1042.0747	50.2936	6.6027	66.0706	59.9788	0.3552
878	1050.0846	49.8703	6.7003	66.2323	59.5709	0.3088
879	1046.1534	50.3814	6.6733	66.6913	58.9154	0.3069
880	1035.9566	50.5673	6.6674	66.9675	59.3338	0.3627
881	1034.3051	50.7166	6.6878	66.7058	59.8034	0.5275
882	1041.6849	49.7721	6.7114	66.5096	60.1293	0.6415
883	1049.0358	49.6957	6.7057	66.5776	60.4782	0.7493
884	1047.8758	49.7813	6.6713	66.8147	60.2673	0.7563
885	1043.1619	50.2614	6.7423	67.2092	59.9123	0.7225
886	1045.3063	49.6798	6.7777	67.3897	60.1438	0.4971
887	1032.5460	49.6821	6.7983	67.2165	60.6986	0.2905
888	1043.8334	50.0849	6.6649	67.4031	60.6623	0.3181
889	1039.8655	49.8950	6.6181	66.5789	60.5681	0.3161
890	1045.6752	50.1707	6.6812	66.3211	60.5698	0.3155
891	1054.9765	49.5271	6.6523	65.6811	60.3524	0.3353
892	1062.0121	49.7295	6.6765	65.8819	60.1196	0.4677
893	1057.2847	50.7532	6.6717	65.4557	60.2297	0.6322
894	1068.3916	50.2392	6.5959	65.6141	59.6044	0.7431
895	1071.6603	51.0658	6.6286	65.7961	59.7356	0.7269
896	1079.0203	50.5683	6.6263	65.3823	59.8158	0.5472
897	1075.7187	50.2756	6.7158	65.7464	59.6251	0.4078
898	1073.2784	51.1770	6.6732	65.8643	59.3817	0.2239
899	1075.3269	51.7613	6.6819	66.4217	59.3368	0.2150
900	1112.3833	52.0192	6.7786	66.9324	59.2138	0.3216
901	1135.7746	52.4188	6.7984	67.0883	59.3441	0.4256
902	1169.4450	53.4416	6.8838	67.2050	59.5448	0.4629
903	1194.5830	54.3032	6.9542	67.4934	59.9352	0.5918
904	1211.9585	54.8257	7.1057	67.5843	60.3247	0.5225
905	1237.1191	55.6204	7.2314	68.0726	60.6996	0.3666
906	1253.1483	57.0007	7.3298	68.7176	60.8556	0.1638
907	1273.8090	58.6388	7.4289	69.4083	60.8278	0.0063
908	1297.1607	59.3582	7.5087	70.1147	61.3266	-0.1413
909	1300.6072	60.4863	7.6420	70.5997	62.0367	-0.1370
910	1309.9492	61.1311	7.7718	71.6127	61.9516	-0.0892
911	1327.6732	61.6673	7.9750	72.4153	62.3444	0.0886
912	1345.4702	61.7384	8.1079	73.8417	62.6148	0.1769
913	1364.0553	63.2761	8.1120	75.0232	63.2457	0.3358
914	1381.4154	63.8876	8.1895	76.2604	64.0796	0.2676
915	1384.9842	64.2004	8.2596	77.2798	65.1089	0.1880
916	1414.8057	64.0649	8.2766	77.9716	66.0491	0.0041
917	1423.4650	65.0757	8.3651	78.2854	66.7692	-0.1039
918	1442.7801	65.7254	8.4958	79.1141	67.7289	-0.1947
919	1464.2180	66.1839	8.5369	80.1970	68.1546	-0.2044
920	1474.5649	67.3735	8.6565	81.6514	68.8247	-0.0716
921	1476.9218	67.7508	8.7506	82.0790	69.9307	0.1388
922	1481.0900	68.0938	8.8434	83.0765	70.7986	0.2354
923	1498.5978	68.7383	8.9301	83.7663	71.4629	0.3868
924	1501.1270	69.2688	9.0004	84.4860	72.3188	0.3136
925	1509.2491	70.0879	9.1019	85.6156	72.9401	0.1556
926	1513.6965	70.9309	9.1115	86.5555	73.4679	-0.0168
927	1518.3474	71.5501	9.2906	86.7263	74.8155	-0.0972
928	1530.7341	71.2573	9.3719	87.6780	75.2374	-0.2181
929	1534.0268	72.0016	9.3884	88.6778	75.4561	-0.1974
930	1540.4657	72.8300	9.4437	89.6242	76.6652	-0.0582
931	1532.5464	72.5442	9.5245	90.4444	77.4818	0.0693
932	1540.2362	73.0685	9.6068	91.1183	78.4907	0.1301
933	1545.4179	73.0452	9.5946	91.9274	79.2413	0.2576
934	1550.6691	73.3636	9.7657	92.6424	79.7642	0.2556
935	1560.7731	73.1533	9.7431	93.2242	80.9449	0.1474
936	1562.0535	73.4841	9.7314	93.5381	81.1732	0.0881
937	1557.9577	74.0966	9.7635	93.8192	81.2946	0.0243
938	1561.8549	73.7059	9.7363	94.2812	82.2623	-0.2179
939	1571.5256	73.7133	9.7429	94.7983	83.0205	-0.1990
940	1572.0123	73.9680	9.6959	94.9087	83.4492	-0.1964
941	1592.2660	75.1366	9.7212	95.5827	83.6999	-0.0911
942	1611.0802	75.2573	9.8489	96.2181	84.3954	0.1485
943	1614.4999	76.0836	9.8572	96.3476	84.7730	0.2772
944	1611.7014	76.1103	10.0574	95.8817	84.9129	0.2967
945	1605.2996	77.1314	10.1147	96.5130	84.5034	0.1223
946	1605.7756	76.8861	10.1652	97.1193	84.7378	-0.1210
947	1606.1596	77.2445	10.1599	98.3864	86.0107	-0.1614
948	1607.7002	77.3538	10.1854	98.7067	86.3438	-0.2584
949	1600.4317	77.2415	10.3158	99.3347	87.2588	-0.2741
950	1606.9769	76.9909	10.3016	100.6986	87.5932	-0.0420
951	1599.8073	77.3588	10.2712	101.1983	88.1259	0.1142
952	1601.1895	77.5342	10.2943	101.6681	88.6143	0.2627
953	1605.2637	77.1887	10.3107	102.1925	89.3627	0.2930
954	1613.9074	76.8637	10.2658	102.0317	90.0326	0.2036
955	1615.5354	77.0226	10.2498	102.0185	90.1850	0.1282
956	1616.1490	77.6380	10.2385	102.0775	91.0500	-0.0148
957	1621.9047	78.2424	10.1824	101.8084	91.7149	-0.1307
958	1623.0409	77.7703	10.3387	101.6990	91.8753	-0.1991
959	1628.9884	77.6525	10.2709	102.3018	91.4432	-0.1562
960	1639.0149	78.8088	10.2815	102.0802	91.1896	-0.1017
961	1625.9464	78.9237	10.3585	102.1001	91.5050	-0.0391
962	1627.0312	78.5877	10.3556	102.6705	91.7409	0.1097
963	1622.8504	79.0762	10.4116	102.6223	91.6438	0.1472
964	1618.4415	79.0526	10.4102	103.2770	91.0322	0.2765
965	1601.9652	78.8436	10.4853	103.6573	90.8633	0.3054
966	1598.3167	78.3965	10.5846	103.8369	91.1673	0.0885
967	1611.7923	77.6560	10.5525	103.9012	91.3610	-0.1004
968	1625.8463	77.1907	10.4495	103.8604	91.5197	-0.1312
969	1628.4588	76.8654	10.4172	104.1688	91.6451	-0.1215
970	1626.3430	77.0572	10.4351	104.7455	92.3932	-0.1018
971	1636.2887	77.7401	10.4627	104.8052	93.1450	0.1376
972	1630.8833	77.4403	10.4088	105.0355	93.5358	0.2572
973	1631.7190	77.4344	10.4075	105.1504	94.0753	0.2463
974	1636.9622	77.7655	10.4100	104.9504	94.2969	0.2831
975	1633.7010	78.4269	10.3090	105.1331	94.2044	0.1698
976	1628.8409	78.0607	10.2918	104.8681	94.2933	-0.0163
977	1638.6856	77.4268	10.3220	104.3363	94.1278	-0.1187
978	1639.0392	77.1139	10.3102	104.3201	94.4410	-0.2451
979	1658.9812	77.3094	10.2787	104.0607	94.5276	-0.1930
980	1661.2442	78.0149	10.2962	103.6389	93.9445	-0.0769
981	1672.0251	77.9751	10.3735	103.6120	94.0237	-0.0140
982	1671.5630	78.9448	10.3914	102.9011	94.8031	0.1375
983	1680.6896	79.1520	10.4493	102.8009	94.4478	0.2779
984	1675.3393	79.2147	10.4280	103.1514	94.0622	0.3932
985	1684.0442	79.4499	10.4151	103.1312	93.9754	0.2612
986	1685.3912	80.2597	10.4490	103.0281	93.4623	0.0981
987	1678.7188	80.2685	10.5796	103.9973	93.7802	-0.0259
988	1675.5787	80.5184	10.6747	103.6010	93.7148	-0.1252
989	1689.5512	80.1468	10.6481	104.5418	93.7171	-0.2549
990	1687.9723	80.2691	10.5599	105.3499	93.3054	-0.1556
991	1684.8807	80.2496	10.6730	105.8716	93.4422	-0.0633
992	1675.2859	80.9838	10.7186	105.8050	93.3307	0.2144
993	1673.7495	81.4040	10.7730	105.5404	93.1797	0.3645
994	1680.3654	81.7310	10.6643	105.6638	93.7555	0.3247
995	1689.7109	82.0283	10.7627	105.4145	94.5868	0.2197
996	1691.5929	81.6455	10.8188	105.5737	94.6444	0.0339
997	1681.3632	81.5012	10.7995	106.3215	94.4334	-0.1162
998	1675.8129	80.8371	10.9616	106.2340	94.2045	-0.2148
999	1683.4266	80.6022	10.8915	106.8347	94.8937	-0.2720
1000	1672.6205	80.4727	10.8863	107.2490	95.2691	-0.1987
1001	1672.0805	80.5441	10.8758	107.5903	95.4311	-0.0812
1002	1664.2857	79.9737	10.9000	108.1771	95.7529	0.1674
1003	1666.8998	79.9247	10.8544	108.1597	96.6933	0.2721
1004	1674.3840	80.3831	10.8402	108.3337	96.5636	0.2661
1005	1672.1209	80.3526	10.7612	108.3781	96.7761	0.1237
1006	1665.0350	80.8908	10.7520	107.9603	96.8883	0.0056
1007	1664.6890	80.5003	10.8803	107.1502	97.2669	-0.1488
1008	1657.4902	79.8390	10.9205	107.2316	97.1171	-0.2030
1009	1664.0842	79.4858	10.8226	107.7613	97.1708	-0.2200
1010	1669.4228	80.0757	10.7432	107.7964	97.2881	-0.1349
1011	1666.0978	80.5103	10.7940	107.8096	97.0447	0.0621
1012	1663.5927	80.0461	10.7865	107.5091	96.8775	0.2215
1013	1662.8219	80.3596	10.8114	107.5269	96.9092	0.4280
1014	1664.4902	80.0570	10.7979	107.3652	96.2431	0.3269
1015	1659.0565	79.4560	10.7436	107.3482	96.5088	0.1342
1016	1652.4447	79.1043	10.6864	107.6190	96.5075	0.0379
1017	1660.3299	78.8551	10.5849	107.5131	96.4337	-0.1512
1018	1673.7510	78.6405	10.6478	107.4587	96.3438	-0.3197
1019	1669.6571	79.2039	10.6716	107.3651	96.7126	-0.2529
1020	1674.3320	78.3878	10.6525	107.2444	96.3387	-0.1718
1021	1690.9068	78.5485	10.6163	107.3046	96.4869	0.0080
1022	1687.2464	79.6558	10.5311	107.4669	96.7979	0.2409
1023	1698.8437	79.9570	10.5967	107.6153	96.4526	0.2799
1024	1704.7511	80.8060	10.6316	107.9779	96.0487	0.3624
1025	1710.6771	80.5353	10.6721	107.3561	96.3821	0.2663
1026	1699.7751	81.2503	10.7203	107.1024	96.7778	0.0636
1027	1691.4476	81.3856	10.7491	107.1055	96.7020	-0.0896
1028	1701.7738	80.9699	10.7687	106.9017	96.9265	-0.1330
1029	1698.4538	80.9759	10.8130	106.3898	96.6694	-0.1755
1030	1696.4745	81.1665	10.8482	106.9996	96.8474	-0.1363
1031	1695.5486	81.1600	10.8657	107.6431	96.9280	0.0652
1032	1695.0843	81.1206	10.8118	107.9522	96.6058	0.2078
1033	1715.2574	81.2226	10.7767	107.0310	97.0000	0.2961
1034	1706.1402	80.9425	10.8482	107.3925	96.9787	0.2922
1035	1698.9590	80.8957	10.7621	106.8167	97.1921	0.2978
1036	1696.9900	80.1090	10.7657	107.0316	97.1668	0.1442
1037	1698.0090	79.6948	10.7130	107.0552	97.1271	0.0571
1038	1692.1966	80.3895	10.6698	107.2880	96.7380	-0.0493
1039	1689.9560	80.9702	10.6375	107.4845	96.3202	-0.0324
1040	1688.0344	81.2464	10.6536	107.8195	96.8763	-0.0285
1041	1702.7443	80.9905	10.7483	107.1780	97.2130	0.0729
1042	1697.7741	81.4733	10.6680	107.0714	98.0016	0.2573
1043	1693.7507	80.8026	10.6858	106.5552	97.7901	0.3953
1044	1685.3755	80.6066	10.7303	107.0378	97.2874	0.4159
1045	1668.3688	80.8443	10.7412	107.1461	97.1302	0.2809
1046	1653.3095	80.3410	10.6736	106.5037	97.0723	0.1928
1047	1648.9739	79.1974	10.7073	106.0086	96.9639	0.1168
1048	1651.9870	79.1865	10.7723	106.2281	97.0185	-0.0716
1049	1662.4299	79.4542	10.7416	106.4298	96.8051	-0.0176
1050	1634.5804	79.8457	10.6594	106.7871	96.8785	0.0224
1051	1616.5169	78.8676	10.5275	106.8285	96.7730	0.1569
1052	1588.0686	78.0761	10.4404	106.5331	96.5397	0.2864
1053	1562.1790	78.3940	10.4659	106.1237	96.2219	0.3128
1054	1544.5901	78.2195	10.5156	105.4925	95.8323	0.2891
1055	1509.7813	77.1133	10.4932	105.1682	95.8611	0.1679
1056	1503.2769	76.3895	10.4389	104.5563	95.8531	-0.0112
1057	1472.9573	75.3386	10.2953	104.1516	95.2461	-0.0731
1058	1434.4223	74.4674	10.2305	104.0905	95.2718	-0.2228
1059	1401.6111	73.7098	10.1257	103.5143	95.0688	-0.3349
1060	1378.3316	71.3936	10.0129	103.0175	94.7119	-0.1723
1061	1361.5234	70.1051	9.9198	102.0992	93.7624	-0.0020
1062	1342.4896	68.7362	9.7044	101.7723	93.3907	0.1170
1063	1330.2863	67.6443	9.5597	100.9255	93.0713	0.2232
1064	1310.7935	66.4583	9.3314	100.2468	92.6692	0.3479
1065	1281.7997	64.8803	9.1325	98.8599	92.2255	0.3227
1066	1270.8975	64.3385	8.9696	97.5683	91.7771	0.1079
1067	1262.9864	64.3421	8.7420	96.3074	91.1428	0.0359
1068	1231.8963	62.7770	8.8080	95.3095	90.5585	-0.0457
1069	1213.7624	62.7346	8.7094	94.3064	89.5520	-0.0163
1070	1204.2841	61.6558	8.7113	93.6012	88.2549	0.1726
1071	1195.4698	60.3006	8.5573	92.6162	87.1892	0.3387
1072	1184.3534	59.6895	8.3262	92.1330	86.7882	0.3748
1073	1168.4344	58.6817	8.2532	91.1355	85.7483	0.4029
1074	1169.8765	57.5881	8.1518	90.1003	85.6286	0.4616
1075	1158.8833	57.0965	8.0048	88.9587	84.7261	0.3715
1076	1154.4068	56.6240	8.0214	87.3522	83.4617	0.1562
1077	1141.0819	55.6388	7.8315	86.1307	82.8465	0.0391
1078	1133.1637	54.7841	7.8633	85.5024	81.4551	-0.0639
1079	1143.1229	54.3446	7.7247	84.6446	80.1587	-0.0469
1080	1133.9325	53.9396	7.5963	83.0818	79.2946	0.1823
1081	1134.0833	54.2266	7.5108	82.4206	78.1047	0.3238
1082	1138.1889	54.8684	7.4934	81.2203	77.2933	0.4746
1083	1137.5127	54.6733	7.4699	79.8311	76.0066	0.5824
1084	1125.0119	55.5460	7.3766	79.0934	75.1156	0.5832
1085	1105.8114	55.4390	7.3436	78.0286	74.6607	0.4408
1086	1092.6797	54.2332	7.4317	77.6762	74.3631	0.3694
1087	1072.5262	54.2818	7.3630	77.6727	73.4082	0.2690
1088	1086.8069	53.9056	7.3352	76.9711	72.8496	0.1906
1089	1080.4082	53.4550	7.2903	76.3254	71.8499	0.2978
1090	1081.6391	53.0230	7.2718	76.0871	70.7619	0.2661
1091	1055.9753	53.1203	7.1694	75.5379	70.5575	0.4164
1092	1054.2007	52.4612	7.2230	75.4646	69.6293	0.6126
1093	1054.5458	52.0621	7.1761	74.8865	69.4734	0.6642
1094	1063.6665	51.4506	7.1603	74.0133	68.9308	0.5847
1095	1055.9091	51.3640	7.1008	73.6054	68.0088	0.5675
1096	1049.3730	51.2400	7.0495	72.9058	67.7292	0.4480
1097	1050.9619	50.9984	7.0298	73.1901	67.5807	0.3183
1098	1059.8865	50.9609	6.9993	72.2437	67.2531	0.2513
1099	1064.4449	50.8786	7.0853	71.4076	66.9670	0.3771
1100	1068.7230	50.3938	7.0675	71.3452	66.4866	0.4298
1101	1076.6105	50.3929	7.0251	71.0893	66.1807	0.5175
1102	1078.8920	50.5856	6.8906	70.4604	65.4820	0.6548
1103	1068.7108	51.7907	6.8994	69.8777	65.0841	0.7284
1104	1078.2008	52.2488	6.8984	69.4942	64.6066	0.8385
1105	1066.4159	51.9606	6.9309	69.8434	64.3897	0.7462
1106	1057.7748	51.2655	6.8897	69.3802	64.5978	0.4926
1107	1061.0773	51.0651	6.8640	69.5042	64.1352	0.3465
1108	1055.9682	51.3992	6.8075	69.3245	63.6424	0.2689
1109	1063.2547	51.3941	6.9352	68.2404	62.8514	0.2251
1110	1070.2279	51.6830	6.9478	68.8126	62.4681	0.2386
1111	1068.2076	51.9456	6.8782	69.0509	62.0630	0.3973
1112	1061.2948	52.1059	6.8364	69.2988	62.1827	0.4623
1113	1050.9067	51.7113	6.9162	69.5314	62.1494	0.6958
1114	1058.6761	51.7380	6.8574	69.1533	61.9993	0.6607
1115	1071.6742	51.2823	6.9683	69.0485	62.0323	0.5363
1116	1062.2636	51.4634	6.9510	68.6172	61.6068	0.3946
1117	1064.8660	51.6702	6.9728	68.9298	61.6407	0.2049
1118	1052.4400	51.7727	6.9239	69.4513	61.5657	0.1236
1119	1051.1714	51.0193	6.9070	69.9743	62.0568	0.1535
1120	1042.0170	51.1638	6.9135	69.8031	62.0493	0.3635
1121	1044.5844	51.2899	6.9445	69.5364	62.3051	0.4799
1122	1041.7123	51.3048	6.9503	69.8069	62.4758	0.6030
1123	1038.1225	51.4403	6.8982	69.7438	62.4944	0.6590
1124	1048.3802	51.4204	6.9701	69.5315	62.7755	0.6993
1125	1048.2578	51.1634	6.9726	69.8189	62.8394	0.5642
1126	1050.2847	50.7550	6.9454	70.1196	62.7779	0.3287
1127	1059.7965	50.4013	6.9168	69.9012	63.0475	0.2120
1128	1075.9933	50.2277	6.9192	69.9682	62.6810	0.0901
1129	1060.8543	51.1628	6.8625	70.0402	62.7668	0.2643
1130	1060.3612	50.9013	6.7414	69.0643	63.2191	0.3330
1131	1040.6405	50.7706	6.7963	69.1778	63.5088	0.5421
1132	1041.6132	51.1956	6.8327	68.8231	62.8598	0.7062
1133	1020.3286	51.3398	6.8157	68.7789	62.1717	0.7063
1134	1014.6669	50.6203	6.7299	69.1155	62.6400	0.6936
1135	1021.8074	50.6653	6.6927	69.0601	62.3105	0.6903
1136	1002.5699	50.3297	6.6810	68.6313	62.7575	0.6005
1137	1011.9928	49.3597	6.7338	68.4457	62.6598	0.5292
1138	1006.8432	49.3419	6.6151	68.5052	62.6263	0.3993
1139	1013.8687	49.0605	6.4771	67.8709	62.2799	0.3985
1140	1017.8432	48.3850	6.4402	68.0637	62.3952	0.4970
1141	1013.6830	48.5459	6.4428	67.0886	62.3945	0.5987
1142	1006.8707	48.2131	6.4835	67.0216	62.1987	0.8294
1143	1011.7312	47.5444	6.4702	66.8341	61.3707	0.8748
1144	1009.4737	48.3016	6.3879	65.9172	61.1257	0.9231
1145	988.7657	47.8988	6.4369	65.4040	60.6590	0.8729
1146	984.2760	47.7293	6.3632	65.1663	60.2706	0.7340
1147	996.3838	46.6275	6.4674	64.4792	60.3467	0.6405
1148	1004.6978	47.1725	6.3938	64.3005	59.5221	0.5193
1149	1008.2203	47.3702	6.3111	64.3380	59.0103	0.4808
1150	1012.7180	47.9082	6.3593	64.5301	58.9140	0.4910
1151	1020.0644	48.1015	6.3653	64.3350	58.0629	0.5407
1152	1028.2914	47.8251	6.3822	64.5789	57.9800	0.7666
1153	1037.1612	47.9004	6.3165	64.1381	57.6292	0.7983
1154	1048.9983	49.0188	6.3162	64.1844	57.7109	0.7380
1155	1050.2249	49.2923	6.3443	63.6991	57.7296	0.6207
1156	1047.7438	48.9012	6.3667	64.2031	57.7955	0.4598
1157	1039.1966	50.2266	6.4965	64.0633	57.8558	0.3478
1158	1038.8324	50.0951	6.4722	63.7321	57.5662	0.2618
1159	1036.4421	49.5691	6.5416	63.5095	57.3308	0.2956
1160	1041.7107	49.9899	6.5397	64.1677	56.6517	0.3352
1161	1036.9241	49.6961	6.5063	63.8233	56.4395	0.5190
1162	1029.9853	49.5167	6.5175	64.9196	56.8123	0.6727
1163	1034.2874	49.2255	6.5272	64.8156	57.3379	0.8086
1164	1043.8155	49.7211	6.5480	64.6790	57.4196	0.7735
1165	1028.0986	49.6239	6.6160	64.5715	57.6943	0.6609
1166	1022.0428	49.8290	6.6229	65.0113	57.4482	0.5421
1167	1014.1193	49.7529	6.6302	65.1120	57.5146	0.4229
1168	1011.5406	49.1805	6.6222	65.4934	57.4095	0.4019
1169	1003.9113	49.5135	6.6539	65.5468	57.3603	0.3831
1170	1002.5175	49.7639	6.6794	65.4089	57.6389	0.4530
1171	996.1840	49.2185	6.7074	65.5533	57.7867	0.6851
1172	984.2346	48.6067	6.6102	66.0075	58.0072	0.7650
1173	985.1670	48.0853	6.6151	66.3129	58.3693	0.8181
1174	973.4901	48.0871	6.5922	66.1413	58.9516	0.8193
1175	975.9119	47.5150	6.4866	66.0392	59.0124	0.8124
1176	971.0447	47.5849	6.4570	66.0270	59.3369	0.6814
1177	979.8461	46.8840	6.3864	65.9009	59.4441	0.4367
1178	976.2718	46.3012	6.3363	65.6218	59.5780	0.4123
1179	974.7099	46.2884	6.1478	64.9284	59.7046	0.3339
1180	973.3174	46.8544	6.1552	65.1224	59.4151	0.4886
1181	975.0134	46.2647	6.1795	64.5908	59.0838	0.6994
1182	969.8716	45.7424	6.2081	63.9890	58.7800	0.7852
1183	969.7630	45.4191	6.1511	63.4841	58.4642	0.9244
1184	968.3011	45.4546	6.1903	62.7226	58.2822	0.8704
1185	970.8171	46.0044	6.1154	62.7996	57.7167	0.8149
1186	956.0007	46.6138	6.1565	63.0103	57.4719	0.7307
1187	948.0324	46.9836	6.1978	62.8451	56.8587	0.6506
1188	949.3863	47.2104	6.3144	62.3545	57.1120	0.5988
1189	956.2461	45.8653	6.3981	62.1916	57.2157	0.5932
1190	941.9278	45.8763	6.3272	62.5157	56.9680	0.5877
1191	945.4790	45.8038	6.1664	62.4271	56.9009	0.7560
1192	946.4912	44.7792	6.1056	62.4743	56.5523	0.9659
1193	943.7707	44.3713	6.0607	63.1303	56.8834	0.9927
1194	940.5097	44.4774	5.9980	63.1812	57.2164	1.0179
1195	953.3721	45.1595	5.9985	63.2890	57.3937	0.9392
1196	952.3089	45.5597	6.0175	63.0514	56.7042	0.7800
1197	963.1728	46.0607	5.9531	62.5825	56.4449	0.5706
1198	976.7712	45.9034	6.0284	61.5048	55.8348	0.5553
1199	986.4673	46.4325	6.0756	61.2246	56.1093	0.5028
1200	995.8935	46.9301	6.1117	60.8935	55.7410	0.5420
1201	1004.6726	47.3654	6.1600	61.2525	55.4592	0.5831
1202	1019.9972	47.9400	6.1678	61.6112	55.4189	0.7019
1203	1049.6780	48.0823	6.2075	61.8612	55.6955	0.7838
1204	1065.6540	48.5785	6.2988	61.8284	55.5934	0.6840
1205	1084.1951	49.6569	6.3197	62.2199	55.1953	0.5622
1206	1101.2493	50.0169	6.4333	62.5028	55.0535	0.3756
1207	1129.0093	50.8961	6.5453	62.6848	54.6054	0.2285
1208	1129.5104	51.0009	6.6322	62.8338	55.0815	0.1138
1209	1135.1466	50.6221	6.7241	63.3892	55.3048	0.1372
1210	1147.1896	52.3970	6.7993	63.8933	55.6548	0.2195
1211	1150.4866	53.1274	6.8478	64.6289	56.3320	0.3691
1212	1164.1722	53.7937	6.9086	65.5388	57.2559	0.3941
1213	1167.0119	55.1598	6.9482	66.0826	57.7189	0.5328
1214	1173.7223	55.0091	6.9812	66.5891	58.1678	0.4427
1215	1171.2152	54.9549	7.0906	67.1308	58.5236	0.3059
1216	1186.6697	54.8847	7.0924	68.2770	59.1430	0.1957
1217	1189.6493	55.1539	7.0289	68.3319	59.2028	0.0730
1218	1179.7852	54.9593	7.1482	68.5035	59.6905	0.0557
1219	1185.6730	55.0405	7.2630	68.6728	60.3123	-0.0063
1220	1187.4060	55.4102	7.2338	69.5932	60.8776	0.0347
1221	1194.6252	55.8826	7.2664	70.1845	61.1874	0.1875
1222	1201.3023	56.6043	7.3442	70.5419	61.4950	0.2447
1223	1215.3347	56.7771	7.4250	70.5722	61.2217	0.4118
1224	1234.7906	57.3179	7.4862	72.0401	61.3392	0.3796
1225	1235.6234	58.3945	7.5006	72.6022	61.5200	0.2427
1226	1237.6174	58.8457	7.5557	72.5086	62.0849	0.1546
1227	1251.7277	59.2145	7.6406	73.0210	62.5020	-0.0110
1228	1265.2885	59.9803	7.7371	73.5329	63.6784	-0.1134
1229	1256.0223	59.6843	7.8186	73.6973	63.9057	-0.0823
1230	1255.3986	60.1938	7.8354	74.3884	64.4381	-0.0331
1231	1267.2667	59.3382	7.9061	74.8885	64.6687	0.0789
1232	1254.9983	59.7342	7.9440	75.6403	64.8857	0.2874
1233	1253.9399	59.6851	7.9516	76.3811	65.1641	0.4372
1234	1250.1316	60.0463	7.9314	76.4053	66.4435	0.4555
1235	1249.5718	59.7567	7.9210	77.1845	67.0725	0.4048
1236	1250.0588	59.6370	7.8563	77.6238	67.5534	0.1880
1237	1251.2972	59.1675	7.9611	77.7631	67.8745	-0.0214
1238	1258.5618	60.1296	7.8682	77.9177	68.3705	-0.0773
1239	1267.0965	60.0248	7.8978	78.0217	68.9738	-0.0797
1240	1265.9762	60.1283	7.9258	78.2752	69.3497	-0.0339
1241	1259.1490	60.1561	7.9257	78.8722	69.4224	0.1201
1242	1258.8456	60.2053	7.9917	79.5911	69.7618	0.3654
1243	1250.0462	60.9360	7.9377	79.5488	69.9668	0.4197
1244	1256.3272	61.2615	8.0564	79.8020	69.9661	0.3561
1245	1254.0658	60.8810	8.0779	80.0953	69.9992	0.2495
1246	1268.0711	59.9805	8.0920	80.2827	70.6179	0.0751
1247	1266.4531	60.5126	8.0393	80.5125	70.8823	-0.0776
1248	1266.3392	60.7847	8.0427	80.7445	70.9689	-0.1847
1249	1275.0856	61.0502	8.0167	80.8880	71.3575	-0.1764
1250	1276.2488	60.5588	8.0271	81.1277	71.6640	-0.0402
1251	1272.2194	61.6523	8.0286	80.9123	71.7020	0.1422
1252	1264.0217	61.3942	7.9952	80.7045	71.2885	0.3307
1253	1263.6986	61.9271	8.0191	80.6535	72.0506	0.3812
1254	1264.6645	61.5230	8.1731	80.5114	72.5384	0.4256
1255	1277.8805	61.7192	8.1663	80.3719	73.1695	0.3230
1256	1272.9013	61.8871	8.1701	80.3399	73.4301	0.1651
1257	1267.6994	61.1542	8.2440	80.5258	72.7972	-0.0042
1258	1280.2110	61.0975	8.1333	80.9073	73.1948	-0.0084
1259	1269.9618	60.9605	8.1511	80.7274	73.5274	0.0231
1260	1278.1963	61.0684	8.1203	80.8751	73.0934	0.0569
1261	1288.1750	61.2363	8.0860	81.4098	73.2092	0.1620
1262	1283.5501	61.3161	8.1343	81.9928	73.3820	0.2967
1263	1271.1007	60.8821	8.1964	81.9083	73.4296	0.4010
1264	1264.4813	60.6062	8.1892	82.2057	74.0709	0.4564
1265	1270.9347	61.3528	8.0822	82.5314	74.0598	0.3533
1266	1275.9659	61.5376	8.0863	82.4979	73.9507	0.2569
1267	1277.8807	61.4466	8.1101	81.9111	74.5022	0.0440
1268	1275.9784	61.5526	8.1073	82.1665	74.8301	-0.0417
1269	1273.2354	61.1742	8.0828	81.7703	74.4754	-0.0286
1270	1267.4338	60.7230	8.1290	81.6219	74.2606	0.0324
1271	1260.0902	60.8316	8.0317	81.6418	73.8740	0.2427
1272	1258.8586	61.2343	8.0208	81.7291	73.6959	0.3108
1273	1248.3398	60.6413	8.0318	81.4384	73.9018	0.4077
1274	1262.0152	60.4818	8.0681	80.8809	73.8344	0.4533
1275	1260.3828	61.0388	8.0636	81.0138	73.1088	0.3366
1276	1263.7243	61.1312	8.1574	80.8854	73.4078	0.1375
1277	1267.9386	61.1134	8.1986	81.0379	73.0831	-0.0097
1278	1280.4835	61.4680	8.2078	81.7458	73.1648	-0.1725
1279	1270.0919	60.9361	8.2782	82.0544	73.5163	-0.1774
1280	1279.8047	60.8262	8.1718	82.0847	73.0565	-0.0699
1281	1274.8144	60.8502	8.1143	82.0053	73.0429	0.1167
1282	1279.6122	60.1882	8.2290	81.5734	72.8015	0.2464
1283	1283.6984	60.3668	8.1776	81.5001	73.4500	0.3178
1284	1280.3673	60.8952	8.1225	81.3180	72.9461	0.3268
1285	1287.3656	60.9089	8.1654	81.0363	73.2000	0.2596
1286	1289.9021	60.6764	8.2250	81.3496	73.6132	0.1447
1287	1285.8094	60.4453	8.1975	81.8473	73.3200	-0.0469
1288	1279.4376	60.1472	8.0532	81.6033	72.9734	-0.1837
1289	1263.3116	60.7431	8.0136	81.0702	73.2901	-0.1594
1290	1274.6258	60.9455	7.9947	80.9062	73.2840	-0.0293
1291	1284.4371	60.5601	8.1162	80.5767	73.4091	0.1590
1292	1279.8098	61.4292	8.1351	80.6721	73.4816	0.2319
1293	1281.6589	61.4809	8.2192	80.7580	72.8264	0.3737
1294	1284.3196	61.2270	8.2050	80.6062	73.4882	0.3306
1295	1281.6056	61.5340	8.2110	80.9119	73.3754	0.2678
1296	1287.6913	61.4604	8.2256	81.5030	73.5773	0.0974
1297	1285.2736	61.5112	8.1483	82.0906	73.0748	-0.0609
1298	1287.7850	61.3544	8.1289	82.2263	73.8598	-0.1616
1299	1299.4703	61.3564	8.1241	82.1513	73.7858	-0.0845
1300	1298.1909	61.2492	8.0960	81.7815	73.9827	-0.0568
1301	1305.7646	61.5233	8.0843	81.7069	74.0759	0.0524
1302	1326.2979	61.4193	8.0463	81.7738	74.0688	0.2023
1303	1326.1705	61.8581	8.0647	81.8499	74.3455	0.2634
1304	1338.3980	62.4304	8.0915	81.9438	74.3829	0.2831
1305	1343.8822	63.8172	8.1620	81.4225	74.1876	0.1994
1306	1332.8787	63.7505	8.2070	81.0089	74.3377	0.1132
1307	1306.5988	64.0901	8.2818	80.8180	74.4050	-0.0251
1308	1307.2948	63.4683	8.3718	81.3637	74.2955	-0.0951
1309	1312.7395	62.6337	8.3443	82.0118	74.1523	-0.0770
1310	1314.4394	62.8912	8.4095	82.0672	73.9332	0.0401
1311	1316.9273	62.7921	8.4338	82.5367	73.5884	0.1747
1312	1306.3456	63.2461	8.3146	82.5826	73.5067	0.3631
1313	1307.8871	63.9186	8.3040	82.1287	73.8672	0.2954
1314	1306.2430	63.4847	8.4732	82.0356	73.7106	0.3271
1315	1291.9486	63.5459	8.3989	82.1190	73.5444	0.1361
1316	1293.9537	63.2822	8.3996	81.8517	73.6883	0.0618
1317	1292.5991	63.3202	8.3926	82.4259	73.6936	-0.0666
1318	1293.6290	62.8972	8.4691	82.6051	73.7292	-0.1691
1319	1296.5165	62.8391	8.4334	82.9300	73.9238	-0.1446
1320	1291.2568	62.2612	8.4343	82.9215	73.7722	-0.0457
1321	1297.7942	62.0215	8.4103	82.7123	73.7015	0.2023
1322	1305.1613	62.6187	8.3770	82.6433	73.7594	0.2960
1323	1294.5748	62.7732	8.3222	82.8598	74.4643	0.3880
1324	1306.9720	62.5447	8.3184	83.2834	74.7977	0.3198
1325	1306.6628	63.1047	8.3793	83.3931	74.9921	0.2077
1326	1313.2702	62.2270	8.3427	82.8456	74.7999	0.0964
1327	1321.8286	62.0913	8.3789	82.5525	74.6719	0.0304
1328	1324.6350	61.9943	8.2062	83.0986	75.0428	-0.0966
1329	1316.8092	62.1657	8.1029	82.5633	75.1938	-0.1688
1330	1318.5436	62.2147	8.1067	81.8798	74.8157	-0.0467
1331	1311.7158	62.2052	8.1362	81.1648	74.7873	0.1358
1332	1316.3138	62.6931	8.2159	81.6036	73.9565	0.3325
1333	1311.3649	62.6096	8.2918	81.8047	73.8902	0.3396
1334	1321.8371	61.9651	8.3606	82.2408	74.1095	0.2741
1335	1335.2440	62.2809	8.4218	82.6304	74.4141	0.2972
1336	1320.7821	62.7352	8.3966	83.5689	74.9874	0.1329
1337	1332.2737	63.4866	8.4488	83.4237	74.6068	-0.0612
1338	1329.1838	63.6481	8.4403	83.3951	74.6785	-0.1974
1339	1326.7728	63.6644	8.4078	82.9765	74.2093	-0.2344
1340	1321.3832	63.7601	8.4762	83.3018	74.3119	-0.1143
1341	1329.4231	63.9067	8.4182	83.5524	74.3473	0.1340
1342	1334.9388	63.9293	8.3798	84.0947	73.9670	0.2551
1343	1318.1703	63.2885	8.3700	84.7650	74.4446	0.3396
1344	1309.0942	63.6273	8.4088	85.0482	75.0660	0.3328
1345	1290.4128	63.3887	8.4160	85.5684	75.3035	0.2580
1346	1301.1615	62.5203	8.3741	85.4318	75.5839	0.1512
1347	1291.3103	62.7173	8.3184	84.7281	76.1734	0.0323
1348	1293.7061	63.0491	8.3700	84.8392	76.3281	-0.1828
1349	1300.6751	63.1462	8.3703	85.0149	76.4847	-0.1743
1350	1314.4960	62.8601	8.3342	84.9333	76.9000	-0.0472
1351	1329.4976	62.6356	8.3525	83.9017	77.2839	0.0222
1352	1346.2162	63.4915	8.3666	83.8511	76.8929	0.2028
1353	1363.5565	64.0887	8.4244	83.9738	76.6850	0.3571
1354	1374.1563	64.4056	8.4317	84.0732	76.3272	0.4005
1355	1379.9831	65.0754	8.4859	83.8493	76.0365	0.1900
1356	1399.1112	64.6914	8.5173	83.9997	75.7368	-0.0397
1357	1403.4802	65.6021	8.4906	85.0535	76.4142	-0.2144
1358	1411.8460	66.1005	8.5166	85.1491	76.0062	-0.1069
1359	1427.0751	66.0343	8.5517	85.1953	76.0201	-0.1522
1360	1449.4400	67.2566	8.5775	85.0975	76.5299	-0.0821
1361	1461.2469	67.9775	8.7413	84.5461	76.3893	0.0148
1362	1475.8853	68.6030	8.7893	84.9157	75.8332	0.2286
1363	1479.6871	68.8578	8.9319	85.8272	75.5707	0.3068
1364	1484.8323	68.8120	8.9698	86.1239	75.4671	0.3419
1365	1509.1557	69.7632	8.9960	87.1492	75.9054	0.1563
1366	1521.5789	70.2344	9.0877	87.0629	76.9438	0.0625
1367	1539.2706	70.4487	9.0802	87.8309	77.7051	-0.1127
1368	1551.0003	71.4384	9.1798	88.2252	77.9109	-0.1023
1369	1544.0211	71.6354	9.2970	88.0710	77.9167	-0.0998
1370	1548.3547	73.0366	9.4211	88.8637	78.1888	-0.0699
1371	1563.2256	73.0111	9.5628	89.4408	77.6533	0.0341
1372	1566.7257	73.8021	9.5442	90.3967	78.1942	0.1592
1373	1569.8524	74.5194	9.5993	90.5063	78.8273	0.1765
1374	1578.9129	74.4062	9.6427	91.4286	79.6741	0.2221
1375	1574.8708	74.4536	9.7184	92.0439	80.4575	0.2243
1376	1571.8533	74.6577	9.7926	92.9564	81.0200	0.0345
1377	1577.0396	74.7449	9.7907	93.2783	81.6452	-0.0630
1378	1578.4626	74.6853	9.7362	94.5184	81.8342	-0.1913
1379	1588.7398	74.6288	9.7853	94.8230	82.1301	-0.2214
1380	1600.2401	74.9659	9.7930	95.4838	82.3716	-0.1472
1381	1601.6652	75.3670	9.9147	96.1799	83.5337	-0.0217
1382	1609.5439	75.8159	10.0367	96.2195	84.3664	0.2126
1383	1604.8294	75.1780	10.0319	97.3844	84.8269	0.2514
1384	1610.7998	76.2357	9.9756	97.8806	85.5124	0.2455
1385	1601.4821	76.8707	9.9576	98.7424	86.0269	0.1749
1386	1601.3822	76.7232	9.9987	98.5038	86.4556	0.0103
1387	1595.2728	77.3620	10.0446	98.4612	86.6348	-0.1443
1388	1597.6818	77.3252	10.1176	98.8925	87.1725	-0.1202
1389	1597.6458	76.5168	10.1278	99.8132	87.5617	-0.2404
1390	1605.3666	76.2847	10.1212	99.9209	88.0049	-0.0377
1391	1612.2595	76.7925	10.1945	99.9310	88.1436	0.0916
1392	1604.9502	77.3458	10.3234	100.1517	88.6531	0.2719
1393	1611.4781	77.5358	10.4496	100.7748	88.8980	0.3015
1394	1598.6874	77.7964	10.4780	100.5348	88.8819	0.2507
1395	1614.1915	78.0212	10.5081	101.1404	89.1774	0.1821
1396	1614.1270	78.1018	10.4426	101.8409	89.8998	0.1490
1397	1632.2660	77.6907	10.4019	102.0188	90.2483	0.0767
1398	1630.5836	77.6184	10.4167	102.0793	90.4533	-0.0043
1399	1620.2180	77.8373	10.4167	102.3193	91.0282	-0.0468
1400	1626.2404	78.5412	10.4178	102.7342	91.1806	0.0034
1401	1641.9325	78.9649	10.4124	103.1465	91.2796	0.1145
1402	1643.4335	79.6533	10.3985	103.7157	91.5819	0.2251
1403	1646.4098	80.2881	10.4874	103.5830	92.4341	0.2723
1404	1641.7600	80.1440	10.5868	103.9144	92.2397	0.2248
1405	1629.4518	79.6434	10.6167	104.3612	92.4180	0.0913
1406	1630.4322	79.2137	10.5238	104.3285	92.8642	0.0025
1407	1636.9792	78.8541	10.4989	104.3372	93.3541	-0.0961
1408	1641.4449	78.7360	10.5094	104.6415	93.7346	-0.2040
1409	1642.8485	78.6764	10.4800	104.4190	94.3254	-0.1049
1410	1656.3317	78.5111	10.4169	104.7077	94.0865	-0.0654
1411	1662.3496	78.9569	10.4764	104.4917	93.8956	0.1683
1412	1663.2200	78.9977	10.4824	104.7464	94.1580	0.2082
1413	1679.0236	79.5575	10.4864	104.3070	94.8967	0.2875
1414	1681.7610	79.7017	10.4748	104.1191	94.8254	0.3352
1415	1678.4949	80.2407	10.5326	104.3260	94.2629	0.2853
1416	1673.6188	80.7486	10.6161	104.8567	93.7373	0.0937
1417	1689.6093	79.5795	10.6820	104.7832	93.2134	-0.0665
1418	1684.1179	80.6286	10.6507	104.8148	93.4797	-0.2066
1419	1671.9278	81.3424	10.7280	105.9171	93.9134	-0.1675
1420	1675.6674	81.3927	10.8467	105.7409	94.6729	-0.0822
1421	1682.7644	81.3640	10.8678	106.1963	94.2573	-0.0108
1422	1673.8231	81.7108	10.8279	106.3740	94.4203	0.1975
1423	1669.3126	81.7050	10.9028	106.5952	95.0807	0.2750
1424	1668.2644	81.7652	10.9115	107.1627	95.5717	0.2716
1425	1659.4462	81.5051	10.8971	107.9571	96.5340	0.1913
1426	1664.5706	80.9752	10.9297	108.5206	96.8860	0.0667
1427	1674.9954	80.8383	10.8385	108.3375	96.9797	-0.0802
1428	1684.0693	81.4578	10.8022	108.5083	96.7707	-0.2213
1429	1684.2021	81.5134	10.8520	107.9000	97.3484	-0.1566
1430	1692.0434	82.0339	10.8721	107.7633	97.4571	-0.0402
1431	1692.7160	81.3545	10.9332	108.5147	97.0104	0.1589
1432	1687.9619	80.7540	10.8947	108.2752	97.0772	0.2880
1433	1679.4240	80.1780	10.7697	108.6019	97.2641	0.3550
1434	1690.4771	79.9412	10.8138	108.6949	97.1882	0.3161
1435	1683.0484	79.8067	10.8097	108.0486	97.1190	0.1923
1436	1686.2933	80.1205	10.7847	108.0166	96.8800	0.0800
1437	1678.6268	79.8174	10.7733	108.2029	96.7980	-0.1138
1438	1686.1126	80.2432	10.8217	108.4558	96.8107	-0.1354
1439	1675.9097	80.4388	10.7425	108.4527	96.6025	-0.1625
1440	1669.3508	79.5772	10.7503	108.2240	96.9658	-0.0718
1441	1667.9592	78.8798	10.7119	108.2829	96.8074	0.0218
1442	1661.3988	79.4051	10.6425	107.9583	97.4251	0.1179
1443	1661.9920	79.4240	10.6751	107.8931	97.6997	0.1952
1444	1660.1977	79.3163	10.5592	107.8186	98.0960	0.2817
1445	1670.4374	79.3211	10.5477	107.1677	97.5649	0.1047
1446	1671.2047	79.4466	10.5527	106.4411	97.4649	-0.0863
1447	1657.0711	79.4017	10.5147	106.0286	97.2668	-0.1448
1448	1651.0466	79.7343	10.4528	105.6810	96.7861	-0.3237
1449	1649.3873	79.2276	10.5980	105.1824	96.8254	-0.2509
1450	1645.0334	78.9483	10.6415	105.7291	96.4695	-0.0807
1451	1643.3148	78.5994	10.5599	105.9539	96.0970	0.1135
1452	1633.1701	78.8538	10.5238	106.0345	95.2903	0.1559
1453	1625.3983	78.6099	10.5362	106.1655	95.4719	0.2616
1454	1619.0621	78.8061	10.5166	106.1545	95.1945	0.2700
1455	1601.9114	77.6617	10.6540	105.9913	95.5828	0.0664
1456	1606.9974	76.6604	10.5074	105.8997	95.8487	-0.0174
1457	1589.1313	77.3234	10.3829	105.6828	95.4795	-0.1212
1458	1583.9138	77.9273	10.3492	105.1902	94.7664	-0.2990
1459	1591.3006	77.4922	10.4158	104.9067	94.4131	-0.2297
1460	1599.4684	77.3233	10.3548	104.5385	94.4827	-0.1187
1461	1602.4215	77.1259	10.4071	104.8506	94.3241	-0.0403
1462	1616.1715	76.6810	10.2934	104.7744	94.4487	0.1208
1463	1618.5681	76.6768	10.2103	104.6171	94.8199	0.1153
1464	1619.2762	76.4491	10.1679	104.4494	94.2161	0.1881
1465	1622.4972	76.6424	10.1258	104.1592	94.2642	0.0099
1466	1621.8741	76.7940	10.1635	103.5693	94.1650	-0.0746
1467	1625.6916	77.7593	10.1947	103.3635	93.4383	-0.2096
1468	1613.7988	76.7660	10.1670	103.2637	93.8463	-0.1620
1469	1614.7926	77.0491	10.2028	103.1125	93.5313	-0.2198
1470	1617.4502	76.7426	10.2658	102.6129	93.3644	-0.0170
1471	1618.4721	76.3943	10.2675	102.8967	92.7862	0.1152
1472	1630.5615	76.4460	10.2031	102.6130	92.7643	0.2755
1473	1623.8321	77.0912	10.2855	101.9231	93.1706	0.3395
1474	1619.9312	77.3752	10.3065	101.8252	93.1489	0.3271
1475	1620.2435	76.8472	10.2212	101.6094	92.8249	0.3122
1476	1613.3650	77.1248	10.2863	101.5454	92.7748	0.1741
1477	1627.9506	77.4111	10.3281	101.6893	92.0369	0.1004
1478	1640.4794	76.9763	10.2615	102.2160	91.7644	-0.0480
1479	1643.7925	77.1520	10.2831	101.9230	91.3646	-0.1146
1480	1636.7615	77.5487	10.2490	101.7490	91.7263	-0.0560
1481	1642.8151	77.3887	10.2276	101.7494	91.6722	0.0594
1482	1646.7341	77.4086	10.2905	102.0324	91.7793	0.2958
1483	1647.9867	78.1020	10.2682	102.3896	91.6184	0.3500
1484	1628.7563	79.1364	10.3365	102.3280	91.1676	0.3070
1485	1636.7477	78.4456	10.3252	102.3872	91.1927	0.1325
1486	1633.7396	78.6746	10.3157	102.2268	91.2880	-0.0307
1487	1647.0544	78.7299	10.3534	102.2170	91.2589	-0.1427
1488	1624.9851	78.8566	10.3629	102.3195	91.4832	-0.2117
1489	1633.2557	78.5585	10.4472	102.4200	91.7650	-0.3139
1490	1632.9886	78.5012	10.4551	102.5937	91.4505	-0.1420
1491	1627.8090	78.7920	10.4267	102.7599	91.5397	0.0306
1492	1622.1309	79.0217	10.5070	103.2816	91.6226	0.1381
1493	1608.4549	79.1958	10.4590	103.3493	91.8481	0.2563
1494	1616.5779	78.4594	10.4690	103.9864	92.2681	0.2118
1495	1621.5230	78.3475	10.4373	104.3361	92.7165	0.1851
1496	1638.7125	78.6749	10.4328	104.7992	93.1481	0.0687
1497	1645.1596	78.3123	10.4540	103.8948	93.8506	-0.1326
1498	1633.1559	77.9521	10.4195	103.7464	93.5915	-0.2631
1499	1636.8357	77.4702	10.4344	103.2963	94.2800	-0.2385
1500	1617.2901	78.0805	10.3513	103.1612	93.9041	-0.0512
1501	1600.4375	78.3006	10.4062	102.4894	94.1520	0.1351
1502	1577.0585	78.2998	10.4219	102.5374	93.6446	0.3037
1503	1559.6589	77.6583	10.4321	102.4368	92.9324	0.2787
1504	1542.5817	77.0872	10.3989	102.4489	92.7957	0.1887
1505	1522.7578	75.8522	10.3602	103.0197	92.7199	0.1277
1506	1517.9093	75.5959	10.2874	103.0699	92.6506	-0.0680
1507	1501.2370	74.7404	10.2656	103.2546	92.3821	-0.1446
1508	1472.7386	74.7234	10.1598	102.7389	92.4796	-0.2029
1509	1455.8696	74.0711	10.0684	102.4632	92.9110	-0.1846
1510	1441.6008	73.4775	9.9541	102.4637	92.6790	-0.0292
1511	1434.6992	72.2819	9.9361	102.0805	92.0509	0.0443
1512	1406.2771	71.4972	9.8586	101.8645	92.1319	0.1897
1513	1408.7893	71.0176	9.6695	101.8967	92.0403	0.2805
1514	1400.6336	70.2204	9.5595	101.2402	91.9444	0.3254
1515	1378.6672	70.0169	9.4823	100.5009	92.0826	0.2263
1516	1378.7694	69.4785	9.4346	99.5050	91.6319	0.0868
1517	1361.8347	68.9698	9.3293	98.7913	90.5162	-0.0321
1518	1364.9150	68.5154	9.3215	98.1686	90.2360	-0.1984
1519	1351.8920	68.1411	9.2720	97.1027	90.1508	-0.1733
1520	1355.0872	67.5914	9.2502	96.5074	90.0425	-0.1005
1521	1332.8521	67.1819	9.2140	96.2834	89.1894	0.0123
1522	1316.3551	66.2749	9.1226	95.4138	88.9721	0.2068
1523	1313.7222	65.3482	9.0482	94.5680	88.6402	0.3341
1524	1315.8681	64.9028	8.9054	94.3447	88.0140	0.3327
1525	1311.7476	64.1816	8.8120	94.2882	87.5168	0.1808
1526	1314.9705	64.6063	8.7322	93.8406	87.2054	0.0565
1527	1307.0945	64.6173	8.7056	92.4204	86.6393	0.0500
1528	1295.4472	63.8771	8.7485	91.2528	85.3694	-0.0534
1529	1298.0167	63.0226	8.7234	90.7900	84.0252	-0.1195
1530	1290.6011	62.4804	8.5069	90.0747	84.1800	-0.0618
1531	1276.1235	63.1140	8.3913	89.7668	83.1507	0.0935
1532	1276.0638	62.6824	8.3975	88.8547	82.6067	0.3072
1533	1267.7780	61.9137	8.3064	88.2807	81.7379	0.4058
1534	1268.2178	61.9189	8.2966	87.4938	80.9990	0.3171
1535	1272.3875	61.4187	8.1781	86.3656	80.7542	0.1739
1536	1264.3243	60.9228	8.1595	85.6119	79.6840	0.1477
1537	1270.9610	60.8116	8.1612	84.8280	78.9140	0.0932
1538	1274.5136	61.2599	8.1231	83.8863	78.0170	-0.0087
1539	1260.9788	61.5318	8.1966	83.8189	77.4758	-0.0144
1540	1262.7358	61.7773	8.2825	83.4053	77.0405	0.0127
1541	1257.1658	62.2612	8.1149	82.9376	76.6388	0.0921
1542	1253.0465	61.4471	8.1903	82.9111	75.5565	0.2855
1543	1258.2730	60.6316	8.1140	83.1716	75.3867	0.4062
1544	1256.7351	60.5475	8.1499	82.8462	75.5615	0.3164
1545	1260.7354	60.1508	8.0888	82.6728	75.2594	0.3787
1546	1260.7024	60.9470	8.0623	82.4949	75.2085	0.3015
1547	1251.8445	61.4599	8.0824	82.3514	74.9708	0.0659
1548	1244.1341	61.1334	8.0598	82.3679	74.7997	-0.0739
1549	1246.6068	60.8017	7.9841	82.1339	75.2195	-0.0816
1550	1244.5319	61.1859	7.9317	81.5728	74.8884	-0.0230
1551	1238.8288	60.6861	8.0451	81.2080	74.4783	0.0708
1552	1236.9532	60.7673	7.9102	80.7305	74.5735	0.1639
1553	1230.2330	60.8094	8.0737	80.3986	74.2805	0.3164
1554	1243.9966	60.3056	8.1186	80.0890	73.3920	0.3432
1555	1243.2402	60.4359	8.1280	79.9119	73.2486	0.2970
1556	1241.5084	60.2720	8.1106	80.1284	73.3573	0.0988
1557	1248.9234	60.2054	8.1567	80.0432	72.9788	-0.0582
1558	1249.9623	60.9376	8.1152	79.9112	72.8840	-0.0922
1559	1242.9627	60.4598	8.0869	80.0939	72.5620	-0.0303
1560	1237.6591	60.5394	8.0400	79.7361	72.1854	0.0370
1561	1228.7504	60.3386	8.0362	79.8061	72.4505	0.2758
1562	1233.1751	59.6537	8.0459	79.9659	72.2921	0.4085
1563	1242.1045	59.2225	7.9447	80.7164	72.2394	0.5141
1564	1246.9217	59.3422	7.8648	80.9215	72.5837	0.4166
1565	1235.0105	59.8247	7.7985	80.4873	72.2712	0.1827
1566	1220.6985	59.5714	7.7896	80.2296	72.4300	0.1598
1567	1225.4626	59.6161	7.8485	79.8220	72.4529	-0.0757
1568	1228.1750	59.1465	7.8346	79.5807	72.2542	-0.0451
1569	1234.2180	58.8405	7.8477	79.6764	72.8079	-0.0649
1570	1239.3162	58.8960	7.8824	79.6858	72.2034	0.0030
1571	1258.1912	58.7047	7.9019	79.5585	72.4224	0.1391
1572	1255.2307	59.0366	7.8685	79.2304	73.0029	0.2723
1573	1257.2296	59.4930	7.9077	79.4642	72.3473	0.3221
1574	1251.4056	59.5972	7.9343	79.5362	72.1864	0.3824
1575	1250.3979	60.1977	7.9204	79.2849	71.9175	0.3287
1576	1253.5795	60.5516	7.9500	79.4573	71.6344	0.2102
1577	1242.0792	60.9631	8.0361	79.6481	71.7521	0.0945
1578	1248.6275	60.6563	8.1121	79.2110	71.8082	-0.0085
1579	1253.2709	60.8664	7.9952	79.4393	71.8708	-0.0239
1580	1261.1644	60.9391	8.0808	79.7586	71.5023	0.0591
1581	1254.8679	61.2052	8.0445	79.9633	71.5142	0.1614
1582	1255.0338	60.6846	7.9799	79.7589	72.2083	0.2772
1583	1248.0311	60.4631	7.9845	80.3643	72.3609	0.3633
1584	1257.2525	60.3031	7.9946	80.1225	72.5692	0.4114
1585	1259.0964	59.8771	7.9220	80.0264	72.0217	0.2502
1586	1242.2656	59.9504	7.8986	79.9348	72.1739	0.1378
1587	1251.9106	59.5366	7.9018	79.6826	71.9644	0.0428
1588	1252.5018	59.6138	7.9265	79.9707	71.9146	-0.0969
1589	1241.9824	59.6764	7.9552	79.6256	71.4293	-0.1662
1590	1228.8566	60.3215	7.9815	79.4681	71.6398	-0.0481
1591	1232.3528	60.5005	8.0268	79.6517	71.8959	0.1178
1592	1222.6932	59.9609	7.9791	79.9965	71.5740	0.3649
1593	1229.9788	59.5677	7.9648	79.8972	71.9761	0.4560
1594	1241.1759	59.4831	7.9689	79.0671	71.4599	0.4490
1595	1230.9345	59.6171	7.9864	78.8095	71.0416	0.3475
1596	1230.6717	59.2093	8.0002	79.0782	71.1894	0.2293
1597	1218.6299	59.1165	7.9732	79.4103	71.5502	-0.0150
1598	1214.8737	58.6056	7.8924	79.5272	71.5230	-0.1017
1599	1207.5742	57.8542	7.8259	79.5028	71.8214	0.0362
1600	1206.9032	57.7673	7.8485	79.8694	72.1140	0.0891
1601	1194.3722	57.2673	7.7988	80.1366	72.0732	0.1849
1602	1200.1581	57.0843	7.6776	79.1852	71.7903	0.3804
1603	1188.7430	57.2146	7.7749	79.1720	71.6917	0.4088
1604	1180.1358	57.6797	7.7066	79.3141	72.0460	0.4565
1605	1188.8589	57.2342	7.7281	78.9371	72.3356	0.3909
1606	1178.7128	56.9855	7.7027	78.6161	72.2566	0.3217
1607	1190.4145	57.0692	7.6947	78.4691	72.2048	0.2111
1608	1189.8975	57.8423	7.6870	78.6187	72.0876	-0.0024
1609	1207.0885	57.5611	7.6763	78.0719	71.8832	-0.0067
1610	1214.9090	57.8814	7.7893	77.5294	71.3742	0.1535
1611	1220.1147	57.7918	7.8205	77.5696	70.8740	0.1922
1612	1223.8426	57.6281	7.7800	77.4595	70.8408	0.3734
1613	1219.8356	57.7662	7.6961	77.2983	70.4585	0.4246
1614	1207.4677	57.6732	7.6954	77.4374	70.4922	0.4210
1615	1213.7671	58.1566	7.6753	77.7571	70.2006	0.4191
1616	1223.6644	57.9087	7.6858	77.4624	69.5664	0.1922
1617	1237.7420	58.3754	7.7094	77.1500	69.8412	0.0066
1618	1230.3716	58.2031	7.7100	77.6371	69.8373	-0.0852
1619	1227.0777	58.7845	7.6937	77.4863	69.8991	-0.0567
1620	1230.1752	58.8342	7.6890	77.8643	70.0467	0.0810
1621	1222.6631	59.0072	7.7433	77.3757	70.0352	0.2100
1622	1230.7715	58.5195	7.8082	77.5259	70.3385	0.3708
1623	1218.3503	57.9811	7.7571	77.4173	70.0546	0.4636
1624	1216.8670	57.9534	7.7464	77.8086	69.8717	0.4837
1625	1209.0093	57.9239	7.7307	77.3843	69.9444	0.3942
1626	1212.2998	57.2944	7.6822	77.2267	69.5506	0.1775
1627	1198.7149	56.9985	7.6541	77.3603	69.0443	0.0874
1628	1207.4540	56.3180	7.6407	77.5566	69.4003	0.0894
1629	1214.5129	56.3300	7.6742	77.3286	69.4975	0.0648
1630	1226.8234	56.9154	7.6428	76.9646	70.1047	0.0335
1631	1235.8093	56.8769	7.6298	76.6515	69.9773	0.2162
1632	1223.5801	57.2502	7.5798	76.5262	69.5229	0.3328
1633	1230.1302	57.3652	7.5537	76.7768	68.6335	0.4712
1634	1221.3981	58.1615	7.5664	76.4029	68.8933	0.3685
1635	1230.7736	58.5445	7.6578	76.0666	69.0170	0.2876
1636	1221.5683	58.0557	7.6927	76.4389	69.0421	0.1060
1637	1227.8038	58.5412	7.5832	76.2891	68.9440	0.0523
1638	1215.4762	58.4329	7.5846	75.9411	68.7613	-0.0680
1639	1220.6839	57.9719	7.6469	76.6436	68.6022	0.0089
1640	1229.4144	58.2938	7.7183	76.5877	68.6512	0.0668
1641	1230.4983	58.3102	7.7824	76.7293	68.7892	0.2286
1642	1224.3609	58.4580	7.8372	76.8800	68.9482	0.3667
1643	1235.9737	58.9823	7.8714	77.3660	68.8975	0.4268
1644	1223.1412	59.5269	7.8917	77.8085	69.0767	0.4670
1645	1219.0475	59.0618	7.8805	78.1316	69.4407	0.3380
1646	1219.0919	58.5816	7.9147	78.2698	69.8800	0.3145
1647	1217.4330	58.4584	7.8956	78.2201	70.1588	0.0455
1648	1207.5446	58.7053	7.8994	78.5133	70.2383	0.0835
1649	1209.5018	58.9665	7.9662	78.3051	70.8547	0.0346
1650	1217.8606	58.6991	7.8350	78.1358	70.5050	0.2202
1651	1224.0997	58.3042	7.9308	78.3050	70.6850	0.3053
1652	1225.3944	58.5779	7.8699	78.6732	70.2601	0.3358
1653	1219.2915	58.0445	7.8833	78.5311	70.1588	0.3763
1654	1240.5127	57.9572	7.8845	79.0443	70.0110	0.3792
1655	1257.5533	57.7638	7.8627	78.7187	70.3399	0.3564
1656	1273.7326	58.9223	7.8030	78.7067	70.6464	0.2096
1657	1291.2437	59.6257	7.8618	78.2984	71.2483	0.0137
1658	1280.8678	60.5706	7.7470	78.6197	71.0959	-0.1002
1659	1285.3725	61.2272	7.8736	78.8953	70.9077	-0.1209
1660	1292.5699	61.5210	7.9585	78.6890	70.7642	-0.1015
1661	1296.3627	61.7289	8.0721	78.5056	70.8248	0.1680
1662	1284.4189	61.6738	8.1503	78.7994	70.6273	0.2628
1663	1278.9530	61.6350	8.1894	79.2102	70.3813	0.4437
1664	1274.1751	61.7302	8.2496	79.2852	70.6160	0.3877
1665	1277.0711	61.9969	8.2063	79.9635	71.0976	0.2306
1666	1283.5113	62.2405	8.2471	80.6069	70.6173	0.1005
1667	1281.6263	61.8101	8.2204	80.6590	70.8756	-0.0325
1668	1282.7113	60.9867	8.2898	81.4474	71.4106	-0.0792
1669	1298.6797	60.8578	8.3131	80.9951	71.2456	-0.1958
1670	1303.8494	61.4890	8.1732	81.3306	71.4275	-0.0632
1671	1311.3648	62.2610	8.1246	81.6669	71.8248	0.0661
1672	1315.1916	62.2327	8.0773	81.8653	72.0809	0.2066
1673	1314.8981	62.3525	8.0918	81.2839	72.5099	0.3527
1674	1320.2725	61.9715	8.2358	81.5219	72.6901	0.3809
1675	1314.3066	62.9242	8.2274	81.7957	73.0844	0.3347
1676	1322.1463	63.2095	8.3275	81.9929	72.7420	0.1302
1677	1320.2946	63.7855	8.4184	82.3746	72.9491	-0.0686
1678	1324.1220	63.9654	8.4498	82.4779	73.8442	-0.1984
1679	1331.5196	63.9303	8.5537	82.6688	73.6580	-0.1974
1680	1344.0639	64.2258	8.5146	83.0554	74.1300	-0.0884
1681	1348.3095	64.2564	8.5905	83.0418	74.4463	0.0693
1682	1351.9648	63.6355	8.5375	83.3176	74.7363	0.2106
1683	1349.4143	63.2854	8.4486	83.5810	74.1821	0.2645
1684	1350.3385	63.3908	8.3635	83.8021	74.6327	0.2727
1685	1355.6132	63.5554	8.4006	83.1602	74.8413	0.2439
1686	1355.1832	63.8495	8.4131	83.2664	75.0668	0.0995
1687	1352.2362	64.2656	8.4714	83.6195	74.8248	0.0052
1688	1359.8984	64.7283	8.5360	83.3944	75.1999	-0.1129
1689	1346.7986	64.9240	8.5745	83.9234	75.1828	-0.1003
1690	1347.9617	64.6483	8.6807	84.5930	75.9990	-0.0165
1691	1346.8980	64.8934	8.6675	84.8010	75.7158	0.0968
1692	1342.4748	64.9484	8.6704	84.8035	75.5791	0.2523
1693	1347.1504	64.7212	8.6273	85.3463	75.6344	0.2821
1694	1330.1659	64.5077	8.6828	85.1812	76.0000	0.2739
1695	1339.4555	64.6248	8.6491	85.2422	76.3615	0.1483
1696	1349.5057	64.1934	8.6217	84.9131	77.0528	0.0211
1697	1356.2485	64.3725	8.6113	85.1451	76.4401	-0.0977
1698	1348.3267	64.8714	8.5742	85.1379	76.4474	-0.2357
1699	1350.3200	64.6542	8.5721	84.9391	76.5463	-0.1398
1700	1352.9059	65.0434	8.5580	84.4330	76.5793	-0.0737
1701	1359.9420	65.1249	8.6335	84.2867	76.3191	0.0311
1702	1363.3295	65.1494	8.6364	84.8951	76.2957	0.1246
1703	1354.5745	65.4390	8.6647	84.7921	76.4290	0.2149
1704	1348.7399	65.1213	8.6527	84.9686	76.6922	0.2653
1705	1344.2973	65.2784	8.6145	85.4382	76.3041	0.1522
1706	1338.9554	65.4868	8.5774	85.8844	76.2553	0.0557
1707	1351.4228	65.0003	8.5479	86.2364	76.8440	-0.0613
1708	1350.2449	64.6777	8.5779	85.6325	76.8654	-0.1086
1709	1367.1645	64.3279	8.6058	85.5347	77.1924	-0.1963
1710	1374.9770	65.2736	8.5751	85.9960	77.7338	-0.0909
1711	1372.3791	65.2813	8.6055	85.9205	77.8239	0.0563
1712	1370.2786	64.7763	8.6033	86.0553	77.7867	0.1142
1713	1375.5305	65.4869	8.5894	85.9155	77.9014	0.2051
1714	1378.2791	65.5488	8.6608	85.8066	77.0491	0.2876
1715	1386.8566	65.6454	8.6364	85.8398	76.8309	0.1740
1716	1381.3568	65.9425	8.7556	86.3584	76.9440	-0.0040
1717	1379.2211	66.0847	8.7385	86.2440	76.9389	-0.1218
1718	1368.7370	65.2371	8.7490	86.5533	77.1244	-0.2315
1719	1375.1866	65.4064	8.7639	86.6784	77.4718	-0.1686
1720	1391.4722	65.2875	8.7702	86.7394	77.8181	0.0090
1721	1375.9347	64.9981	8.7894	87.3045	78.1466	0.0158
1722	1365.8357	66.6036	8.7840	87.4735	77.9067	0.2160
1723	1374.3339	66.4228	8.8313	87.6265	78.1122	0.3237
1724	1373.9082	66.5100	8.7555	87.6097	78.3138	0.2543
1725	1378.3983	66.4049	8.7901	87.2326	78.3317	0.0923
1726	1374.2070	66.6212	8.7958	87.0652	78.5882	0.0341
1727	1365.0347	66.8213	8.7627	87.6189	78.5261	-0.1395
1728	1350.9326	66.3336	8.7353	87.7986	78.3248	-0.2104
1729	1371.7922	65.9287	8.7089	87.8819	78.4570	-0.2154
1730	1371.3324	66.0731	8.6951	87.2115	78.7953	-0.0914
1731	1368.7359	65.5720	8.8107	87.3627	78.5994	0.1540
1732	1361.5535	65.6243	8.7684	86.9208	78.9529	0.2278
1733	1360.5153	65.3402	8.7093	87.0797	78.7862	0.2791
1734	1356.8555	65.5041	8.8299	87.3074	78.8273	0.2258
1735	1378.2337	65.3520	8.8327	87.3845	78.7196	0.1788
1736	1371.8661	65.2809	8.7333	87.9760	78.4153	0.0325
1737	1372.3039	65.1313	8.7014	88.0544	78.3525	-0.1522
1738	1359.5705	65.5555	8.6811	87.6357	78.3409	-0.2358
1739	1359.4633	65.4704	8.7496	87.7733	78.4676	-0.2199
1740	1351.8167	65.1823	8.7847	87.4768	78.6896	-0.1194
1741	1352.2975	64.5441	8.7741	87.5914	79.3549	0.1337
1742	1371.9143	63.6453	8.7572	87.0998	79.3772	0.3106
1743	1367.2728	64.1279	8.7207	87.9279	78.6752	0.3955
1744	1355.1021	65.0901	8.6036	87.5831	78.6517	0.3104
1745	1350.8864	65.0211	8.6940	87.2224	78.6262	0.2493
1746	1351.4288	64.9611	8.7110	87.1501	79.1910	0.1255
1747	1353.5520	64.2397	8.7439	87.1379	78.9256	0.0219
1748	1359.2289	64.0174	8.6695	86.6096	79.0805	-0.1759
1749	1375.2455	64.2772	8.6345	87.3851	78.8880	-0.1589
1750	1370.7602	64.6639	8.5393	87.1360	78.9611	-0.1467
1751	1379.3759	64.8115	8.6274	86.5850	78.9207	-0.0416
1752	1371.0011	65.0201	8.5941	86.6590	79.1219	0.0754
1753	1360.0665	65.8651	8.6427	86.2225	78.7718	0.1987
1754	1362.6473	65.8551	8.5761	86.2676	78.9676	0.1761
1755	1363.2612	65.6714	8.6073	86.2832	78.8809	0.1219
1756	1360.0297	66.2863	8.6460	86.3260	78.6512	0.0269
1757	1376.8799	65.4759	8.6816	86.0795	78.5647	-0.1087
1758	1370.5397	65.1509	8.7132	86.1573	78.2673	-0.1751
1759	1374.7689	64.6630	8.6390	86.6403	78.3905	-0.1616
1760	1371.5824	64.8481	8.5869	86.6523	78.3132	-0.0639
1761	1385.3652	65.3786	8.5524	86.4233	78.3226	-0.0703
1762	1383.6887	65.3272	8.6112	86.6073	78.2283	0.1019
1763	1387.1376	65.4452	8.6341	87.0693	77.8668	0.2810
1764	1375.6800	66.6697	8.6337	87.0247	77.1222	0.2814
1765	1379.6102	67.0822	8.7469	87.1140	76.9533	0.1144
1766	1384.1993	66.7790	8.8021	86.7077	76.9818	-0.0304
1767	1373.5205	67.6261	8.7952	87.0333	77.4079	-0.1459
1768	1372.4235	67.6114	8.8372	87.2285	77.8076	-0.1852
1769	1375.8387	67.4652	8.9431	87.6649	77.7487	-0.1447
1770	1367.5763	66.8349	8.8322	88.2785	78.0282	-0.1058
1771	1367.2502	65.8840	8.8509	88.2046	77.7328	0.0577
1772	1366.6414	66.2787	8.7988	88.1915	78.1829	0.2669
1773	1360.7387	66.0125	8.7259	88.3485	78.0295	0.4038
1774	1356.8136	65.4316	8.7018	88.1027	78.5465	0.2998
1775	1357.2778	65.2820	8.7013	88.2778	78.7583	0.1492
1776	1353.9849	65.5817	8.6557	88.1275	78.4253	-0.0074
1777	1347.6628	65.9036	8.6994	87.7897	78.8330	-0.0581
1778	1346.1879	65.6040	8.7234	87.3342	78.9661	-0.1108
1779	1331.0220	64.9874	8.7932	87.8654	78.6586	-0.0763
1780	1324.3815	65.2642	8.7158	87.9501	78.6527	-0.0828
1781	1327.7727	65.0344	8.7760	88.0535	78.8103	-0.0248
1782	1335.4643	64.8792	8.7778	87.7322	78.5970	0.1230
1783	1324.8006	64.2715	8.8019	87.5007	78.3994	0.2780
1784	1320.4457	64.0363	8.7401	87.1898	78.2892	0.3367
1785	1324.4899	64.5551	8.6895	87.5150	78.4660	0.2717
1786	1326.6155	64.0120	8.6320	87.6750	78.7316	0.1045
1787	1334.9778	64.1528	8.5282	87.6471	78.3036	-0.0645
1788	1342.2644	64.6810	8.6113	86.8163	78.3759	-0.1422
1789	1340.3718	65.0462	8.6089	86.5523	78.3033	-0.1918
1790	1331.2807	64.6695	8.5662	86.6672	78.1496	-0.0997
1791	1330.9233	65.4123	8.6379	86.0278	78.5656	0.1135
1792	1332.8458	64.9334	8.7598	85.9095	78.7925	0.3054
1793	1331.5874	64.6978	8.6967	86.2764	78.2969	0.4208
1794	1331.2858	63.7189	8.6407	85.8708	78.0282	0.3842
1795	1320.7616	64.0593	8.7101	86.2227	77.6442	0.2693
1796	1318.2150	64.0008	8.6731	86.2517	77.8053	0.0799
1797	1315.6144	63.9302	8.6776	86.1305	77.8178	-0.0310
1798	1309.7001	63.1730	8.5993	86.2258	78.3038	-0.0780
1799	1308.3179	62.7037	8.5447	86.1747	77.8047	-0.0333
1800	1319.7874	62.8781	8.4538	86.4463	77.2638	-0.0790
1801	1320.7889	62.4267	8.4496	86.0118	77.2745	0.0385
1802	1336.4225	62.4775	8.4018	86.5627	76.9956	0.2343
1803	1338.3946	62.7040	8.4102	85.9188	76.9092	0.3268
1804	1338.9661	62.8537	8.4418	85.8979	77.2252	0.2937
1805	1340.0346	63.5310	8.4607	85.8224	76.6868	0.1188
1806	1340.8525	64.2597	8.5492	85.7164	77.1266	0.0309
1807	1340.5423	63.7944	8.5598	85.5195	76.9720	-0.0744
1808	1334.1244	64.1322	8.5566	85.5769	76.5619	-0.1267
1809	1341.6426	63.4342	8.5929	85.2038	76.8868	-0.1623
1810	1341.4240	63.6407	8.5716	85.0912	77.0019	-0.0412
1811	1338.8179	63.6973	8.5294	85.6963	77.0899	0.0389
1812	1353.7781	63.7295	8.4324	85.1297	77.0328	0.1075
1813	1354.3057	63.4289	8.4304	85.1481	76.7167	0.1551
1814	1346.6906	63.9369	8.3904	85.0280	77.1145	0.2072
1815	1338.7348	64.1094	8.4744	84.7914	76.8768	0.0934
1816	1338.8181	64.9945	8.5118	85.0253	77.2279	-0.0886
1817	1351.0198	64.9574	8.5344	84.9067	77.5914	-0.1162
1818	1359.3668	65.2583	8.6187	84.5207	77.2888	-0.2713
1819	1361.8972	65.0024	8.7106	84.7886	76.9546	-0.1810
1820	1361.6001	65.1405	8.6700	85.0830	77.1331	-0.0948
1821	1356.4940	64.7867	8.7804	85.3635	77.5366	0.0830
1822	1352.4722	65.1330	8.7399	85.7574	77.2111	0.2359
1823	1353.4224	65.2330	8.7789	85.9678	77.5136	0.3192
1824	1362.0744	65.4400	8.7503	85.9931	77.5581	0.2543
1825	1354.8708	65.1931	8.8086	86.5772	78.1924	0.1713
1826	1359.4695	64.9743	8.7256	86.9663	77.9508	0.1283
1827	1353.9605	65.3100	8.6647	87.2672	78.1452	0.0214
1828	1351.1695	65.1249	8.6602	86.6907	78.2436	-0.0512
1829	1347.9201	65.0157	8.6153	86.5672	77.2746	-0.0976
1830	1352.0080	65.7392	8.6598	86.5339	77.6297	0.0269
1831	1358.8691	65.1744	8.6741	86.7194	77.6032	0.0860
1832	1356.4386	65.4299	8.7015	86.1990	77.5652	0.0740
1833	1351.0274	65.2842	8.6914	86.5262	77.0139	0.1421
1834	1351.2379	65.2821	8.6556	86.8428	76.9349	0.2060
1835	1361.5072	66.6525	8.7754	86.7068	77.4819	0.1616
1836	1358.5069	66.4394	8.8184	86.9552	77.5540	-0.0397
1837	1351.7112	66.1296	8.7458	86.7244	77.9268	-0.1824
1838	1351.3359	66.6741	8.8403	86.9566	78.0957	-0.2793
1839	1341.4327	65.4866	8.8722	87.0516	78.1073	-0.2858
1840	1344.2674	64.9201	8.8165	87.5021	77.8645	-0.1740
1841	1338.6235	64.6763	8.9065	87.4976	77.8071	0.0545
1842	1334.9861	64.4205	8.8226	87.9752	78.2426	0.1766
1843	1331.6783	64.2343	8.8088	88.2031	78.6477	0.3623
1844	1339.7932	64.6939	8.6882	87.9855	78.3763	0.2729
1845	1346.4982	64.9911	8.5981	87.9144	78.4585	0.2292
1846	1343.5786	65.3453	8.6326	87.4823	78.7525	-0.0096
1847	1343.1749	65.1532	8.6142	87.2413	78.9821	-0.0662
1848	1326.9372	64.7837	8.6761	87.4919	79.2928	-0.1969
1849	1335.1166	65.4154	8.6082	87.5040	79.1567	-0.2314
1850	1344.0595	65.2523	8.6370	87.6093	79.2683	-0.0932
1851	1357.5546	64.9132	8.6385	87.1969	78.7594	0.0894
1852	1361.8681	65.6493	8.7482	87.3749	78.9350	0.2104
1853	1349.6030	65.6502	8.8223	87.1758	78.9637	0.2843
1854	1353.5018	65.5522	8.7741	87.3316	78.8550	0.2776
1855	1356.2740	64.9671	8.7731	87.2560	78.6815	0.1782
1856	1355.5339	64.7854	8.7744	86.9652	78.8918	0.0687
1857	1345.8842	65.2567	8.6883	87.0480	78.7481	-0.1414
1858	1352.5031	64.5210	8.6407	87.0253	78.8136	-0.2035
1859	1364.4929	64.6318	8.7043	86.6924	78.8121	-0.1906
1860	1360.6532	64.7647	8.7033	86.4302	78.4797	-0.0758
1861	1355.7653	64.8146	8.7454	86.9605	78.5585	0.0676
1862	1349.1066	65.3306	8.8100	86.8973	78.5386	0.2477
1863	1346.8072	65.1136	8.7949	87.5460	78.5707	0.2104
1864	1352.6743	64.7106	8.7738	87.6700	78.6826	0.2739
1865	1352.2287	64.6089	8.8737	87.0695	78.4885	0.2068
1866	1354.7163	64.4799	8.8394	87.5046	78.2260	0.0690
1867	1355.5044	64.3681	8.7708	87.1222	78.0205	-0.1639
1868	1363.0747	64.4684	8.8000	87.7432	77.8346	-0.2483
1869	1361.5162	64.1805	8.7448	87.7983	78.1743	-0.3115
1870	1349.6066	64.8281	8.7109	87.9557	78.4327	-0.2013
1871	1357.9610	64.9253	8.6620	87.7676	79.0999	-0.0344
1872	1362.4254	65.0528	8.6656	88.0350	78.9536	0.1552
1873	1352.1382	64.6865	8.6733	87.4735	79.1789	0.2206
1874	1337.2332	64.2889	8.7711	87.4006	79.1022	0.2518
1875	1328.4778	64.0083	8.6935	87.6100	79.6188	0.2554
1876	1325.3794	64.5081	8.6172	87.0870	79.7402	0.0669
1877	1324.5207	64.4559	8.6670	86.9099	79.4486	-0.0898
1878	1318.0111	63.6836	8.6238	86.3971	79.0333	-0.1118
1879	1329.9847	63.5392	8.6364	86.5992	78.4502	-0.1267
1880	1314.8497	63.3329	8.5671	86.5565	78.5624	-0.1080
1881	1320.4472	62.8277	8.5557	86.2910	78.4746	0.1051
1882	1325.2070	62.6191	8.4754	85.8559	77.8973	0.2104
1883	1316.2190	63.3759	8.4431	86.0246	78.1803	0.3169
1884	1315.4216	63.0642	8.5146	85.8407	78.0834	0.3146
1885	1315.8102	63.5699	8.3706	85.3545	77.4974	0.1609
1886	1314.1104	62.9253	8.4408	84.8145	77.2555	0.0591
1887	1307.3851	63.4475	8.3799	84.5915	76.6303	-0.0516
1888	1307.3410	63.1409	8.3583	84.4433	76.3090	-0.0513
1889	1302.0856	63.1883	8.4096	84.9441	75.9062	-0.0982
1890	1309.9690	62.3885	8.3603	85.1548	76.0258	-0.0396
1891	1316.8903	62.4639	8.3704	84.6350	76.2188	0.0410
1892	1324.3151	62.0182	8.3161	84.4186	76.3134	0.2155
1893	1312.6118	62.4207	8.3230	84.1397	75.8401	0.3077
1894	1307.1331	62.1807	8.4024	83.9550	75.6741	0.3225
1895	1309.5688	62.8739	8.3470	83.6516	74.7939	0.2571
1896	1315.1379	62.8049	8.4206	83.2415	74.9752	0.1088
1897	1306.2110	63.8418	8.4344	83.6407	74.8522	-0.0824
1898	1310.4275	63.3738	8.5000	84.1270	75.0844	-0.1083
1899	1323.2806	63.6982	8.5464	84.3738	75.3553	-0.1215
1900	1317.1066	63.9720	8.4758	85.5468	75.7262	-0.0383
1901	1326.9647	63.5405	8.4499	85.7811	76.3196	0.0983
1902	1314.0338	63.9422	8.5085	84.9301	76.9007	0.2661
1903	1320.8178	64.0443	8.4562	85.0751	76.8091	0.2695
1904	1319.0576	63.5427	8.5468	85.0367	76.4317	0.2952
1905	1317.4291	63.5488	8.5755	85.5473	76.2430	0.1636
1906	1317.8957	64.4741	8.4875	85.7936	76.5823	0.0359
1907	1311.3554	63.7319	8.5047	85.6719	76.5246	-0.0726
1908	1298.3093	63.4843	8.5143	85.5989	76.7424	-0.1344
1909	1300.4090	62.2794	8.5821	86.2228	77.0753	-0.0984
1910	1295.5460	62.2660	8.4700	85.8866	77.2455	0.0096
1911	1284.4255	62.4298	8.4617	86.3229	77.6284	0.1510
1912	1283.1378	62.5349	8.4277	85.5927	77.5151	0.3504
1913	1275.5692	61.9298	8.4183	85.5588	77.7857	0.3348
1914	1282.6586	61.0759	8.5064	85.3525	77.6021	0.3181
1915	1295.6857	60.4906	8.4135	85.1154	77.2085	0.2071
1916	1312.1662	61.0861	8.2278	84.4797	76.9099	0.0798
1917	1306.2704	61.2544	8.2006	84.2163	76.1997	-0.0332
1918	1311.7838	60.8488	8.1290	83.5613	75.9420	-0.0834
1919	1307.3214	61.0812	8.1726	83.3373	76.0476	0.0389
1920	1319.9247	61.8124	8.0594	83.2912	75.9369	0.0306
1921	1329.9639	61.9107	8.0751	82.8411	76.2960	0.0865
1922	1334.0639	62.4081	8.0815	82.6552	76.2056	0.1598
1923	1342.0922	63.2811	8.1345	82.5489	75.7852	0.2364
1924	1337.7656	63.2690	8.2361	82.6343	75.5059	0.3200
1925	1334.5899	63.2665	8.2752	82.6746	75.1195	0.2522
1926	1325.2519	63.5594	8.2706	82.9960	75.0393	0.0661
1927	1330.0052	63.5369	8.3896	83.3023	75.4027	-0.0246
1928	1325.3702	63.2582	8.3727	83.2114	75.4077	-0.1660
1929	1322.4991	62.9069	8.3045	83.9192	74.8868	-0.2783
1930	1323.7944	63.7704	8.3597	83.5320	75.4708	-0.2227
1931	1336.3523	63.6345	8.3715	83.2133	75.7402	-0.0792
1932	1329.4984	64.3041	8.4074	83.6061	75.3238	0.1086
1933	1316.4714	63.9346	8.6225	82.8886	75.2284	0.2285
1934	1308.8839	63.6043	8.5945	83.5690	74.9060	0.2285
1935	1324.1350	64.6563	8.5961	84.0598	74.7291	0.2361
1936	1330.3855	64.3411	8.5932	83.9882	75.2747	0.0309
1937	1328.7885	64.3491	8.5092	84.1680	75.3087	-0.1538
1938	1333.5438	63.9876	8.5851	84.2109	75.3953	-0.1597
1939	1347.2415	64.2970	8.5654	84.6389	75.6734	-0.2075
1940	1350.2366	64.6005	8.5494	84.6222	75.5794	-0.1000
1941	1365.2421	64.5035	8.6113	84.7962	75.7116	0.0421
1942	1354.2759	65.4604	8.5549	84.8883	75.5436	0.2456
1943	1343.1955	65.4477	8.7306	84.7271	75.8625	0.2678
1944	1347.7893	65.7394	8.7796	85.1483	76.4438	0.2731
1945	1340.0262	65.0109	8.8350	85.4393	76.1428	0.1225
1946	1333.1522	64.9334	8.7922	85.9670	76.8040	-0.0245
1947	1340.4384	64.7793	8.7160	86.2847	77.3960	-0.0978
1948	1344.9578	65.0513	8.7020	86.6750	76.9636	-0.2092
1949	1331.7887	65.4971	8.6920	86.5297	76.9429	-0.2609
1950	1352.3526	64.9614	8.7635	86.9267	77.1046	-0.1465
1951	1386.9654	64.7244	8.7153	86.7646	77.1139	-0.1049
1952	1404.6197	64.8180	8.6831	86.6726	77.3925	0.1113
1953	1433.5014	66.1435	8.6962	86.5017	77.4035	0.2547
1954	1459.3835	67.7611	8.7366	86.1440	76.7949	0.1885
1955	1480.5803	68.0327	8.7948	86.4361	77.0693	0.1927
1956	1491.0422	69.3028	8.8472	86.6921	77.2557	-0.0454
1957	1519.6203	70.1674	9.0119	87.0177	77.1452	-0.0890
1958	1539.0470	70.7454	9.0299	87.3643	77.4201	-0.2002
1959	1557.4292	72.2414	9.0940	87.9063	77.4687	-0.2893
1960	1595.2885	72.8322	9.2549	88.7844	78.4336	-0.1307
1961	1609.3817	73.8591	9.4333	89.4131	78.7456	-0.0215
1962	1627.1604	74.7491	9.5257	89.9387	79.0909	0.1347
1963	1626.2054	75.4551	9.6545	90.6045	79.2531	0.2292
1964	1650.0022	75.8799	9.9082	91.5418	79.5184	0.3202
1965	1651.8280	76.1650	10.0424	92.6097	79.8533	0.1293
1966	1667.5323	76.8189	10.0560	93.9592	80.3672	0.0327
1967	1683.7790	77.7780	10.1081	94.8941	80.9639	-0.0930
1968	1691.0752	78.6845	10.1898	95.5640	81.6653	-0.1650
1969	1701.2518	78.8801	10.2701	96.6347	82.4887	-0.0818
1970	1714.6492	79.3737	10.3552	97.0009	84.4086	0.0048
1971	1733.9562	80.1804	10.3775	97.9843	85.4999	0.2006
1972	1751.0922	80.5178	10.3975	98.9920	85.8984	0.2907
1973	1761.3795	80.9188	10.5724	99.2088	86.4512	0.3876
1974	1755.7619	82.6609	10.5583	100.2319	86.9235	0.3400
1975	1760.7500	83.3829	10.7489	101.2591	88.0370	0.1943
1976	1768.5991	83.9264	10.8843	101.9930	88.9138	0.0383
1977	1771.7820	83.9353	11.0676	102.7662	89.6076	-0.0998
1978	1782.3159	84.6251	11.0872	103.9051	90.0146	-0.1409
1979	1779.4627	85.8212	11.0513	104.9405	90.7700	-0.1449
1980	1778.2737	85.6857	11.0560	105.8009	91.3817	-0.0873
1981	1794.4336	85.3686	11.0814	106.5525	92.2119	0.1456
1982	1809.2911	85.1161	11.2184	107.4346	92.9258	0.3103
1983	1801.8587	85.1926	11.2912	107.8169	93.6480	0.3329
1984	1813.8115	85.3699	11.3658	109.0743	93.9366	0.2996
1985	1820.9152	85.3928	11.4133	109.6965	94.9071	0.3228
1986	1832.8013	86.3175	11.3375	109.8639	95.8645	0.2238
1987	1841.3775	86.5447	11.4273	110.2804	96.6352	0.0138
1988	1832.9745	87.2290	11.4558	110.3642	97.1328	-0.0319
1989	1835.7222	87.0834	11.4987	111.3508	98.1354	-0.0080
1990	1828.6707	87.8472	11.4909	112.1541	98.6701	0.0309
1991	1830.7273	88.0346	11.5942	112.3685	98.7742	0.2123
1992	1826.1953	88.4812	11.6117	112.8256	99.2342	0.4678
1993	1835.8311	88.8561	11.6804	113.1137	99.6828	0.4761
1994	1849.3109	88.9445	11.6823	113.6404	100.1040	0.4906
1995	1860.7530	88.6634	11.6546	114.3361	100.7212	0.4734
1996	1866.0603	88.9828	11.6884	114.6695	101.2663	0.3063
1997	1876.6850	89.6972	11.7870	114.7237	101.8191	0.1487
1998	1889.1808	88.7621	11.8554	114.8222	102.6794	0.1975
1999	1891.5500	88.3653	11.8560	115.2499	103.0806	0.2510
2000	1893.8968	89.3253	11.8524	115.5531	103.1798	0.2830
2001	1881.3603	89.2535	11.9258	115.8881	103.3335	0.3894
2002	1877.3553	89.3532	11.9440	115.9197	103.5150	0.5462
2003	1886.4260	89.1605	11.9749	116.5239	103.3840	0.6555
2004	1882.6236	89.5046	11.9785	116.9834	103.7973	0.5923
2005	1879.1775	89.4630	11.9666	117.8187	104.2457	0.6071
2006	1874.0653	89.1640	12.0129	117.9743	104.1647	0.4485
2007	1888.8328	89.7157	12.0443	118.8012	104.6124	0.4025
2008	1882.6589	89.7799	11.9708	118.8256	105.3543	0.2904
2009	1888.4994	89.7925	11.9457	119.1550	105.2074	0.2766
2010	1885.8152	89.6215	11.9445	119.5020	105.7462	0.3007
2011	1870.9940	90.0157	11.9202	119.5011	106.4559	0.3875
2012	1870.1192	89.4828	11.9424	119.2119	106.5501	0.5720
2013	1878.6725	88.8259	11.9429	119.6275	107.0083	0.6613
2014	1883.4768	88.9738	11.9279	119.6868	107.2653	0.6832
2015	1889.1798	88.9507	11.9218	119.4634	107.6903	0.6381
2016	1883.7102	89.0625	11.8767	119.5934	108.0243	0.4368
2017	1874.4932	89.2355	11.8577	119.6557	107.8034	0.2371
2018	1878.2116	89.5984	11.8001	119.2457	107.9054	0.1027
2019	1876.9367	90.4613	11.8164	118.9149	107.9881	0.1195
2020	1884.1825	89.9124	11.8934	118.7757	108.0224	0.2738
2021	1890.7202	89.5116	11.9605	118.5649	107.6580	0.3301
2022	1904.9617	89.4201	11.8840	119.1369	106.8023	0.4807
2023	1898.1401	90.3416	11.9919	119.1012	107.4235	0.6099
2024	1906.7914	89.9058	11.9780	119.2888	107.2893	0.5364
2025	1909.1211	90.5375	11.9505	119.1253	107.1190	0.4578
2026	1905.6529	91.2059	11.9905	119.2844	106.9351	0.4323
2027	1896.8209	91.2548	12.0616	119.6159	107.2804	0.2904
2028	1901.0508	91.0762	12.0592	119.6800	106.8816	0.2467
2029	1905.3728	91.3852	12.0472	120.1430	106.7704	0.2174
2030	1897.9503	92.0789	12.0627	120.1743	107.3596	0.3473
2031	1894.1103	92.0934	12.1679	120.2570	107.9847	0.5189
2032	1902.0270	91.8290	12.1740	120.4084	108.1610	0.5522
2033	1893.9972	91.6294	12.2014	121.0292	107.9648	0.6849
2034	1896.9066	90.8981	12.2666	120.8924	108.2591	0.5768
2035	1903.9094	90.6825	12.2849	120.8473	108.3857	0.4708
2036	1900.3821	90.9104	12.2500	121.3291	108.2505	0.3824
2037	1900.1468	91.2639	12.1939	121.4867	108.0690	0.1566
2038	1895.5858	91.7754	12.1983	121.7900	108.0719	0.0415
2039	1895.6768	91.7733	12.1763	121.7607	108.1576	0.0739
2040	1901.6665	91.6974	12.2247	121.6859	108.8258	0.2460
2041	1889.3460	91.6480	12.3615	121.9373	108.4867	0.4740
2042	1890.8662	91.9283	12.2419	121.8046	108.5855	0.6035
2043	1896.9354	91.4137	12.2670	122.3471	108.9749	0.5295
2044	1896.0857	91.5209	12.2957	122.5469	109.1165	0.4938
2045	1892.2528	91.2843	12.2939	122.5507	109.7650	0.4329
2046	1894.3571	91.1143	12.2518	122.8878	109.9840	0.3877
2047	1894.2010	91.0868	12.2092	123.0941	110.0819	0.2793
2048	1893.4332	91.4842	12.1083	122.6194	109.8045	0.1629
2049	1898.1939	90.8935	12.1823	122.0400	110.2893	0.1199
2050	1904.3905	91.0278	12.1164	121.9856	110.1343	0.3063
2051	1900.0490	90.8198	12.1010	121.9192	110.1978	0.4541
2052	1917.2553	91.0280	12.1404	121.7931	109.3631	0.5520
2053	1919.0322	91.4516	12.0379	121.2269	109.4393	0.6889
2054	1923.2709	91.5570	12.1200	120.9033	109.3739	0.6965
2055	1928.7887	91.9612	12.1598	120.9174	109.4529	0.6145
2056	1934.4396	91.9491	12.1606	121.0369	109.4276	0.4645
2057	1945.4781	91.5471	12.1411	120.9021	109.6330	0.3589
2058	1941.0280	92.0151	12.2178	120.4662	108.7901	0.2541
2059	1948.7808	92.5146	12.2757	121.0346	108.6873	0.2593
2060	1937.0409	93.1830	12.2870	121.1345	108.8616	0.2969
2061	1933.7061	92.9636	12.3384	121.0727	109.5151	0.5076
2062	1918.9392	93.1779	12.3346	120.6973	109.6744	0.6206
2063	1916.1780	92.4832	12.4086	121.2445	109.7287	0.6357
2064	1914.4771	92.3158	12.3871	121.7454	109.3224	0.6090
2065	1911.6158	93.2001	12.3398	122.1904	109.9847	0.5470
2066	1905.0439	93.1743	12.3152	122.8953	110.5220	0.3583
2067	1906.3054	92.3618	12.2586	122.8240	110.4388	0.2855
2068	1894.0195	92.2715	12.3269	122.3505	110.3592	0.1931
2069	1901.1089	91.5541	12.3749	122.4961	109.8958	0.1176
2070	1917.4242	91.1428	12.3107	122.3030	110.2947	0.2507
2071	1920.7254	90.7569	12.2724	122.1421	110.3658	0.4484
2072	1920.4704	91.5830	12.1262	122.1701	110.3853	0.5577
2073	1935.6920	91.8397	12.1863	122.4714	110.1868	0.6632
2074	1923.3609	92.2911	12.1883	122.5383	110.2192	0.6869
2075	1929.8002	92.2603	12.2164	121.9140	110.4618	0.5761
2076	1933.7391	92.1141	12.2469	122.1539	110.6957	0.4424
2077	1922.2115	92.5067	12.3226	121.9173	110.2652	0.2752
2078	1923.0653	92.3237	12.3122	122.3067	110.1220	0.2784
2079	1922.6197	92.3483	12.3587	122.3893	110.0866	0.2816
2080	1926.1972	92.5117	12.3086	122.6256	110.4606	0.3019
2081	1940.6163	92.7940	12.3022	122.8499	110.1845	0.4187
2082	1934.7001	92.7336	12.3485	122.8442	110.1165	0.5688
2083	1929.5182	93.4988	12.3974	123.2018	110.9070	0.7456
2084	1928.4264	93.6462	12.3970	123.7792	110.3815	0.7901
2085	1917.7617	92.9695	12.4221	123.7240	110.4153	0.6608
2086	1911.8475	92.6762	12.3563	122.7931	110.4901	0.5147
2087	1917.4006	92.2757	12.3489	123.5342	110.1703	0.3666
2088	1908.7278	91.7273	12.3670	123.5727	110.2144	0.2804
2089	1904.3879	90.6791	12.3491	123.3950	110.6713	0.2460
2090	1907.6367	90.6486	12.2091	124.0300	110.4409	0.3698
2091	1897.8017	91.0845	12.2414	123.9570	110.3965	0.4497
2092	1910.1621	91.5284	12.1907	123.8348	110.8268	0.5956
2093	1906.3451	91.5271	12.1595	123.8512	111.3680	0.7465
2094	1922.4672	91.9537	12.2183	123.2996	111.0932	0.8035
2095	1914.3128	92.6782	12.1678	123.0483	111.1669	0.7100
2096	1924.1910	92.4659	12.2904	122.9218	111.1637	0.4156
2097	1927.9885	92.5339	12.2499	122.9847	111.1814	0.3206
2098	1929.6374	92.5154	12.2890	122.7410	110.9438	0.1482
2099	1924.6928	93.3533	12.3459	123.0917	110.9663	0.2019
2100	1929.3273	93.5746	12.2996	122.9709	111.1438	0.3795
2101	1916.6247	93.4120	12.2934	122.7131	110.9648	0.4536
2102	1912.0840	93.2695	12.2630	122.3845	110.5079	0.6189
2103	1915.1343	93.1195	12.3666	122.4699	110.5252	0.6894
2104	1911.7895	93.4307	12.4215	122.7217	110.5610	0.7042
2105	1915.1372	92.9602	12.4504	122.9104	110.0690	0.5866
2106	1915.0318	91.8528	12.4579	122.9828	110.1367	0.4837
2107	1911.5914	92.2125	12.3707	123.1984	110.3365	0.2877
2108	1914.9808	92.2881	12.3177	123.0134	110.6207	0.2414
2109	1916.7434	91.9427	12.3086	123.3505	110.8037	0.2991
2110	1916.1870	92.2620	12.2221	123.4350	110.4395	0.3509
2111	1922.7198	91.6216	12.2421	123.1957	110.3436	0.5387
2112	1930.2067	91.4096	12.2280	123.6374	110.1526	0.5494
2113	1929.3662	91.5162	12.1423	124.0280	110.7418	0.7668
2114	1926.4796	91.5180	12.1545	123.2931	110.7100	0.8111
2115	1927.0723	91.7222	12.1597	123.2191	110.7287	0.7020
2116	1911.2773	91.7475	12.2346	122.7742	110.3014	0.5532
2117	1917.1590	92.1196	12.1665	122.4832	110.5262	0.2478
2118	1918.4797	92.4435	12.1808	122.4279	110.3150	0.1315
2119	1903.3847	92.4778	12.2051	122.5232	110.1482	0.1276
2120	1912.7694	91.8588	12.2496	122.1897	110.5488	0.1188
2121	1905.6048	92.4409	12.2868	122.1201	110.3880	0.3490
2122	1899.0934	92.3927	12.2175	122.5139	110.2293	0.5131
2123	1897.3933	91.8964	12.2438	122.9287	110.5803	0.5611
2124	1891.8651	91.8715	12.2991	123.0270	110.8088	0.6100
2125	1886.5129	91.7809	12.2111	123.1413	111.0566	0.4712
2126	1879.5366	90.9408	12.1780	123.0611	110.6385	0.3872
2127	1888.1030	89.7997	12.1641	122.5809	110.6886	0.2096
2128	1872.1156	89.9782	12.1011	122.8862	110.9563	0.1864
2129	1876.6830	89.8769	12.0957	122.4185	111.0364	0.0970
2130	1866.2193	89.7197	12.1324	122.2768	111.0189	0.2274
2131	1868.8714	89.6582	12.0165	122.5164	111.0343	0.2377
2132	1872.6518	89.3538	11.9587	122.0397	110.9716	0.3498
2133	1852.8400	89.2462	11.9690	121.8387	110.5506	0.4402
2134	1855.0013	89.2523	12.0005	121.7409	110.1106	0.4265
2135	1872.8949	89.4047	12.0256	121.5223	109.8275	0.3560
2136	1887.2656	90.2966	12.0262	121.5377	109.5588	0.2487
2137	1883.4708	90.4096	11.9660	121.5509	109.2712	0.1735
2138	1884.7307	90.8023	11.9371	121.1525	108.7611	0.0847
2139	1871.5541	90.6953	12.0225	120.6080	108.8387	0.0811
2140	1862.0325	90.7094	12.1153	121.0423	108.8862	0.1476
2141	1864.5247	90.5887	12.1703	121.0040	109.2333	0.3345
2142	1867.8879	90.4212	12.1419	121.1197	109.3512	0.5120
2143	1874.8697	89.5636	12.0659	121.3800	109.5388	0.6485
2144	1886.5181	89.2201	11.9889	121.1533	109.3653	0.6388
2145	1891.4595	89.2400	11.9544	121.0037	108.9157	0.5387
2146	1885.0467	89.0131	11.8886	120.7725	108.3531	0.4230
2147	1885.5448	89.2065	11.8995	120.3791	108.3055	0.2310
2148	1877.2577	89.7045	11.9776	120.2026	107.6805	0.1913
2149	1884.6929	89.8621	12.0190	119.6152	108.2295	0.2224
2150	1880.4516	89.6688	12.0040	119.9925	107.9100	0.3579
2151	1888.0978	89.7719	11.9050	120.7951	108.1703	0.3851
2152	1888.1160	89.9650	12.0012	120.4927	108.5741	0.5214
2153	1902.8697	90.1439	11.9778	120.4948	108.9619	0.6287
2154	1907.4586	90.6411	12.0157	120.6268	109.0720	0.6515
2155	1909.4098	91.4540	12.0435	120.1707	108.7766	0.6083
2156	1919.8997	91.4868	12.1169	120.1914	109.0749	0.4689
2157	1926.9490	91.8209	12.2174	120.5045	108.0368	0.3416
2158	1931.8460	92.1339	12.2083	120.6866	108.6299	0.2759
2159	1924.9166	92.2262	12.1410	120.7739	108.2546	0.2431
2160	1915.6234	92.6487	12.2381	120.7650	108.6874	0.3166
2161	1909.0512	91.5670	12.2450	121.0558	108.7672	0.4557
2162	1913.2731	91.3561	12.2134	121.4412	108.6997	0.6115
2163	1924.3438	91.4464	12.0881	121.7860	109.5331	0.6656
2164	1921.9806	90.9378	12.0692	121.3740	109.3003	0.6703
2165	1912.6115	91.0349	12.1432	120.8530	109.2073	0.5749
2166	1919.5132	91.2370	12.0941	120.9506	109.2644	0.4231
2167	1914.1222	91.8058	12.0247	120.2099	109.2869	0.2667
2168	1919.5000	91.8006	12.0550	120.4019	108.6935	0.1644
2169	1905.4908	91.1962	12.2021	120.5575	108.7936	0.2448
2170	1911.9977	91.6975	12.1888	120.9565	108.4425	0.3741
2171	1888.8829	91.6419	12.1731	120.7969	108.6279	0.4754
2172	1887.2862	91.6784	12.1130	120.6832	108.6265	0.5874
2173	1892.3921	92.3894	12.1675	120.0810	108.4931	0.6786
2174	1887.7024	91.8676	12.2476	120.3480	108.4424	0.5500
2175	1879.6245	91.6397	12.2580	120.4866	108.5264	0.4440
2176	1872.6304	90.9515	12.2686	120.5789	108.4641	0.3832
2177	1872.1956	90.3696	12.1645	120.8934	108.9382	0.2097
2178	1881.4285	90.4478	12.0909	120.8824	108.2841	0.0705
2179	1874.1897	90.5973	12.0512	120.9853	108.5066	0.1122
2180	1871.9450	90.8960	12.0331	120.7378	108.5258	0.2695
2181	1873.7072	91.1086	12.0923	120.5515	108.6077	0.3198
2182	1870.5268	90.9471	12.1445	120.5046	108.4852	0.4432
2183	1864.1727	90.4739	12.1074	120.5578	108.9603	0.5880
2184	1864.1283	89.6513	12.0621	120.4191	108.7662	0.5775
2185	1864.0311	88.6950	12.0478	120.3589	107.8194	0.5130
2186	1871.9957	88.5465	12.0484	120.5516	107.5060	0.2807
2187	1874.5700	88.6757	11.8958	120.6042	107.8259	0.1703
2188	1877.7382	88.9163	11.9235	120.1877	107.7262	0.0333
2189	1882.0060	89.5397	11.8595	119.6525	107.5763	-0.0265
2190	1891.7385	89.6912	11.9556	119.3611	107.3458	0.1108
2191	1899.9100	90.0459	11.9539	119.3492	107.1878	0.3913
2192	1895.1031	90.4233	12.0026	119.9234	107.2736	0.5521
2193	1886.7714	90.8503	11.9203	120.2298	108.0759	0.6448
2194	1881.1141	91.1029	11.9154	120.2793	108.1711	0.5710
2195	1881.1254	91.2645	12.0180	120.2759	108.0255	0.4446
2196	1886.8306	90.7230	12.0489	120.1777	108.1770	0.3888
2197	1880.2431	90.7977	11.9451	120.4188	108.3842	0.2702
2198	1888.0930	90.9168	12.0326	120.8792	108.2803	0.2491
2199	1895.4153	90.6958	12.0749	121.1481	108.4462	0.1872
2200	1891.4746	91.3171	12.1166	121.4006	108.8010	0.2555
2201	1875.6240	90.5091	12.1493	121.0950	108.8071	0.4070
2202	1876.1193	89.9727	12.0591	121.3222	109.1494	0.5056
2203	1888.3502	89.9571	12.0498	121.7274	108.7919	0.5282
2204	1893.5201	90.4357	12.0852	121.3003	108.7161	0.6450
2205	1892.8993	90.1228	12.0900	120.9734	108.8116	0.5007
2206	1887.2626	90.8999	12.0169	120.9565	109.0299	0.4542
2207	1879.7956	90.7899	11.9950	120.7954	108.6041	0.2375
2208	1882.7600	90.5386	12.0711	121.1281	109.0536	0.2067
2209	1878.5751	90.6655	12.0197	121.0784	109.4134	0.2123
2210	1880.9046	90.3872	12.0497	121.4100	109.0274	0.2643
2211	1882.4665	89.8761	12.0226	121.2338	109.1783	0.4044
2212	1896.1049	90.2538	12.0269	120.8197	109.1217	0.5073
2213	1907.2047	91.2565	12.0360	120.6788	108.8493	0.6553
2214	1902.0970	91.8974	12.0436	120.1871	108.9602	0.6387
2215	1906.8124	91.4396	12.1508	119.7336	108.8618	0.5853
2216	1912.3790	91.3143	12.1999	120.0055	108.5679	0.4471
2217	1908.4862	91.1428	12.1836	120.1052	108.8637	0.2954
2218	1899.9160	91.2748	12.1380	120.4984	108.4487	0.2024
2219	1905.3067	91.1186	12.1352	120.8645	108.3279	0.2507
2220	1900.6363	90.8780	12.1289	120.9779	108.4486	0.2965
2221	1905.7580	90.6073	12.1818	121.5564	108.8138	0.4389
2222	1889.9203	91.0646	12.1213	121.5697	108.5340	0.5930
2223	1887.4963	91.1271	12.0628	121.2883	108.0640	0.6391
2224	1885.9831	90.8282	12.0892	121.1077	108.4746	0.6390
2225	1903.5503	90.6919	12.0747	120.9184	108.4552	0.5069
2226	1901.3566	90.9516	12.1406	120.3503	108.6883	0.3775
2227	1905.4900	90.3792	12.1407	120.6820	108.7244	0.3028
2228	1906.7832	90.6446	12.1482	120.9065	108.5191	0.1666
2229	1900.2657	91.1813	12.1451	120.8962	108.6720	0.1067
2230	1896.8769	90.8227	12.2153	121.3234	108.4467	0.3208
2231	1905.7116	90.6470	12.2829	121.5957	108.8986	0.4287
2232	1901.2538	91.2266	12.2100	121.9182	108.8473	0.5764
2233	1908.7267	91.3012	12.0946	121.4012	108.9313	0.6476
2234	1915.5286	91.0743	12.1631	121.2535	108.8461	0.5830
2235	1916.9576	90.7857	12.2147	121.3354	108.7268	0.4968
2236	1922.1947	91.0972	12.2036	120.8640	109.0721	0.3293
2237	1941.2324	91.6399	12.0966	121.0652	108.9005	0.2247
2238	1939.3667	91.9977	12.0962	121.2418	108.5925	0.1263
2239	1936.3583	92.6875	12.1951	120.8320	108.6035	0.1771
2240	1926.8116	92.8840	12.3286	120.6985	108.6899	0.2519
2241	1926.1651	92.9668	12.4232	121.3802	108.7110	0.4994
2242	1920.6067	92.6290	12.4209	122.1498	108.5361	0.6628
2243	1913.2099	92.3490	12.3038	122.1413	108.9414	0.7169
2244	1910.1893	92.0781	12.3709	121.7317	109.3209	0.6679
2245	1905.2584	92.0723	12.3698	121.7569	109.0009	0.5999
2246	1912.9662	91.9693	12.3237	122.4471	108.6665	0.4382
2247	1917.6725	92.1783	12.3311	122.4890	108.5119	0.2798
2248	1927.8932	91.7786	12.3086	121.9667	108.5769	0.1871
2249	1927.7580	91.3747	12.2383	121.8502	108.7694	0.2901
2250	1913.9327	92.2902	12.2623	122.1986	108.8313	0.3656
2251	1891.8237	91.6255	12.3475	122.6147	109.2716	0.3968
2252	1881.3630	91.0424	12.2429	123.5776	109.6655	0.4799
2253	1866.4507	90.2033	12.2189	123.5698	109.8320	0.5732
2254	1840.6569	90.1588	12.2216	123.0673	110.0650	0.5576
2255	1801.8116	89.1947	12.1365	122.8496	110.1282	0.5055
2256	1777.5516	88.5913	12.0873	122.3656	110.5640	0.3012
2257	1768.6643	87.5113	11.9927	121.8215	110.3437	0.1152
2258	1743.2166	87.4471	11.8727	121.4852	109.5385	0.0443
2259	1718.7870	86.5904	11.8295	121.1507	109.3381	-0.0305
2260	1700.7516	84.9510	11.7231	120.8583	109.2212	0.0833
2261	1685.8294	83.5834	11.7069	120.1379	108.8533	0.2129
2262	1667.8375	82.9422	11.5989	119.5536	108.2285	0.3372
2263	1650.6555	81.6797	11.4048	118.9742	107.7812	0.3030
2264	1637.7164	81.0462	11.1701	118.0369	107.7021	0.3007
2265	1625.8804	80.3532	11.0826	117.7878	107.7487	0.1078
2266	1619.4010	80.1638	11.0562	116.5719	108.0230	-0.0140
2267	1605.8852	79.5008	11.0220	115.6970	107.2466	-0.1166
2268	1598.1685	79.0094	10.8741	114.9193	106.4094	-0.2636
2269	1585.2133	78.4118	10.8270	113.9092	105.6027	-0.3163
2270	1577.2078	77.7898	10.6707	113.5311	104.9238	-0.1133
2271	1572.2884	76.8910	10.5490	112.4735	104.4450	0.0694
2272	1571.9435	76.4813	10.4172	111.5350	103.7566	0.2191
2273	1565.8534	76.1700	10.3328	110.8408	102.6810	0.2792
2274	1551.4922	76.4820	10.2505	109.7785	102.1034	0.3287
2275	1545.5285	76.0963	10.2959	108.4982	101.3479	0.1826
2276	1529.2633	75.8505	10.3121	107.7842	101.1332	0.1254
2277	1535.6204	74.4253	10.2751	107.1269	100.2944	-0.0216
2278	1521.2247	73.3308	10.1997	106.2737	99.3925	-0.2818
2279	1513.3251	73.5963	10.0486	106.2221	98.9350	-0.1834
2280	1522.0455	73.3384	9.9718	105.2447	98.5851	-0.2192
2281	1512.7000	73.5934	9.8762	104.5640	97.6103	-0.0799
2282	1505.7727	73.3378	9.8455	103.3829	97.2091	0.0819
2283	1485.4411	72.6308	9.8650	102.7289	96.3263	0.2783
2284	1478.1565	72.3555	9.7469	101.9227	95.8430	0.2816
2285	1478.6103	71.2017	9.6858	101.0906	96.1530	0.1843
2286	1466.5712	70.9647	9.6075	100.1133	94.9532	0.0033
2287	1463.2223	70.8977	9.5182	99.4987	94.2759	-0.1185
2288	1455.6835	71.5877	9.5783	98.5172	93.4082	-0.2515
2289	1445.5705	70.9406	9.5887	98.1144	92.3567	-0.2770
2290	1449.8268	70.0847	9.5692	98.0561	91.3233	-0.1918
2291	1454.2904	69.8443	9.5916	97.7114	91.1929	-0.0387
2292	1451.8079	69.7035	9.5675	97.0802	90.5480	0.2072
2293	1462.4812	69.6366	9.5115	96.3004	90.3196	0.3710
2294	1455.1519	70.3511	9.4584	96.4358	89.9588	0.2467
2295	1443.7010	70.6310	9.3101	96.5881	89.1226	0.2029
2296	1422.3509	70.3544	9.2883	95.5589	88.6705	0.0001
2297	1421.2400	69.3689	9.2725	95.0461	88.0044	-0.1909
2298	1419.5645	69.5105	9.3374	95.2268	88.1465	-0.2658
2299	1422.1247	69.5691	9.2992	95.0180	87.3306	-0.2327
2300	1414.2782	69.4088	9.2627	94.8234	87.0781	-0.1923
2301	1403.0074	69.3512	9.3536	94.6999	86.9216	-0.0504
2302	1384.7509	68.5642	9.3605	94.1788	86.7291	0.0396
2303	1385.6850	67.6379	9.2925	94.3722	86.6524	0.1172
2304	1375.0694	67.8936	9.1993	94.0195	86.0238	0.2330
2305	1378.7417	67.0299	9.1314	93.5038	85.7823	0.2286
2306	1378.3210	66.5959	9.0325	93.4619	85.4792	0.0119
2307	1374.2210	66.3777	9.0196	93.3194	85.3525	-0.0744
2308	1378.8236	66.1798	8.9100	93.1658	85.5493	-0.1284
2309	1375.7881	66.0463	8.8930	92.4575	84.9818	-0.1085
2310	1379.5769	65.5376	8.8143	92.2754	84.5542	0.0342
2311	1377.4520	64.5752	8.7704	91.8238	84.6228	0.0476
2312	1366.4387	64.7115	8.7030	91.3725	84.3858	0.2203
2313	1377.5316	64.3527	8.6112	90.7193	83.9599	0.2999
2314	1386.7241	64.5147	8.6633	90.8991	83.6452	0.3337
2315	1384.9586	65.6131	8.6182	90.0855	83.1688	0.2168
2316	1378.1147	65.7483	8.6726	89.7623	82.9089	0.0471
2317	1384.1171	65.9056	8.7416	89.2455	81.6011	-0.0348
2318	1374.8332	65.9421	8.7184	89.1625	81.3210	-0.0976
2319	1377.9200	66.2920	8.7380	88.7595	81.5547	-0.1079
2320	1385.6216	66.0077	8.8276	88.5228	81.4488	-0.0023
2321	1380.9821	66.2682	8.8083	88.9947	81.2244	0.0827
2322	1385.6697	65.2714	8.8417	89.1590	80.7105	0.2216
2323	1388.5718	65.8358	8.7163	88.9136	80.4162	0.2876
2324	1391.9832	66.5806	8.6451	89.3085	80.2247	0.2687
2325	1398.1687	66.5735	8.7213	89.1421	80.3565	0.2076
2326	1388.2199	66.4042	8.8105	88.6672	80.5656	0.0572
2327	1389.1468	66.1525	8.8035	88.4704	79.9032	-0.0576
2328	1380.4449	65.5360	8.8163	87.9398	80.1990	-0.0941
2329	1367.2855	65.9486	8.8791	87.2925	79.3504	-0.1832
2330	1365.7099	66.0228	8.8653	87.4423	79.1608	-0.0747
2331	1364.1204	65.7577	8.8400	87.9310	79.1657	0.0100
2332	1378.7017	65.8694	8.7906	87.9765	79.5647	0.2168
2333	1377.8905	65.9553	8.6902	88.1384	79.2739	0.2802
2334	1380.4371	66.3397	8.6653	87.8938	79.0963	0.3078
2335	1395.3703	65.1441	8.7296	87.7611	79.1370	0.2296
2336	1394.7906	65.9400	8.6756	87.7509	79.5982	0.0272
2337	1387.3725	66.2684	8.7641	87.6402	79.4529	-0.0804
2338	1393.1841	65.8811	8.8293	88.1342	79.8462	-0.2155
2339	1394.7188	65.7443	8.8631	87.9748	79.8738	-0.2151
2340	1395.4820	66.2003	8.8568	87.9578	79.9013	-0.1588
2341	1409.2442	67.0538	8.8097	88.0796	79.2483	0.0073
2342	1407.3560	67.2117	8.7937	87.7875	79.3271	0.1207
2343	1410.2317	67.4131	8.8238	87.6513	79.5585	0.2837
2344	1408.1608	67.8353	8.9046	87.8875	79.5807	0.2603
2345	1405.6329	67.8455	8.8962	88.2101	79.8333	0.1609
2346	1407.4860	67.8401	8.8475	88.2365	79.7638	0.1011
2347	1413.9561	67.2735	8.8940	89.0379	79.8517	-0.1198
2348	1416.2952	67.4543	8.9657	88.8045	80.0772	-0.2661
2349	1403.7772	66.7729	8.9878	88.9496	80.4170	-0.1889
2350	1391.5113	66.7382	8.9506	89.4519	80.4319	-0.0796
2351	1393.9965	67.2038	8.9301	89.3869	80.0514	0.0095
2352	1383.8296	66.9557	8.9930	89.4665	80.5231	0.2274
2353	1391.1378	66.6405	8.9476	89.4174	80.8991	0.2950
2354	1382.4557	66.5662	8.8667	89.5649	80.8620	0.1911
2355	1397.8364	66.0319	8.8666	89.0293	80.3772	0.1143
2356	1400.8255	66.3835	8.7881	89.0594	81.1867	-0.0660
2357	1385.2852	66.0082	8.7955	88.9178	80.6461	-0.2068
2358	1401.9675	65.8477	8.8844	89.2470	80.8418	-0.2444
2359	1412.1680	66.8254	8.8975	89.6710	80.6020	-0.2130
2360	1405.1490	67.4521	8.8444	89.3365	80.1244	-0.1927
2361	1410.3474	67.7946	8.8451	89.7784	80.5893	0.0079
2362	1413.5890	67.7505	8.9058	89.5284	80.9331	0.2176
2363	1410.0619	67.5956	8.9915	89.0901	81.1444	0.2257
2364	1409.4389	67.1810	9.0268	89.3543	80.8884	0.1914
2365	1418.7537	67.7409	8.9882	89.0739	80.2401	0.0645
2366	1422.9942	67.7963	9.0124	89.3784	80.0026	-0.0080
2367	1430.8701	67.7144	9.0871	89.9528	80.1159	-0.1500
2368	1432.4271	67.9839	9.0645	90.2838	80.5182	-0.2114
2369	1422.7610	68.4692	9.0829	90.3482	80.7826	-0.1896
2370	1437.7270	68.1293	9.1002	90.2024	80.7028	-0.0905
2371	1444.0239	67.8459	9.0255	90.2129	80.6683	0.0798
2372	1459.2165	68.4616	9.0669	89.7836	80.7444	0.2670
2373	1456.7977	68.3607	9.0798	90.0442	80.7457	0.3701
2374	1459.4924	68.9719	9.0451	90.3057	80.7108	0.3000
2375	1454.1615	69.2306	9.1258	90.1741	81.3778	0.1593
2376	1456.5060	69.5901	9.1239	90.9024	81.5471	0.0058
2377	1454.3676	69.7013	9.1342	90.9688	81.6679	-0.2180
2378	1452.3517	69.7895	9.2311	91.0445	81.5054	-0.2715
2379	1448.1001	69.9434	9.1816	91.6507	81.8500	-0.2340
2380	1440.5441	69.6987	9.2132	91.4086	81.8238	-0.1358
2381	1446.8280	70.2424	9.2855	91.4879	82.2004	0.0365
2382	1446.5187	69.8343	9.2374	91.5431	82.1739	0.1872
2383	1458.7362	70.8497	9.1797	91.8298	82.3383	0.1606
2384	1449.9120	70.9468	9.2044	91.3356	82.2447	0.1509
2385	1443.5577	70.7645	9.3738	91.5553	82.4391	0.1721
2386	1438.1461	70.2405	9.3921	92.0456	82.1095	0.0731
2387	1445.0436	70.5013	9.3390	92.2648	82.1103	-0.0447
2388	1447.6493	70.4488	9.3257	92.2967	82.6186	-0.1609
2389	1442.4882	70.2678	9.3070	92.9434	83.1422	-0.1541
2390	1448.4256	69.5275	9.2599	92.8484	83.0315	-0.1241
2391	1452.4029	69.9088	9.2955	92.7798	83.3335	0.0061
2392	1448.2029	70.3145	9.3081	92.5186	82.9536	0.1087
2393	1446.9098	69.5698	9.3375	91.7778	82.7243	0.1913
2394	1464.9698	68.8950	9.3813	91.8613	82.8286	0.2530
2395	1452.7034	69.5427	9.2969	92.1940	82.4969	0.1125
2396	1446.2836	69.4787	9.2185	92.7524	82.4583	-0.0021
2397	1449.1173	70.0586	9.1783	92.8609	82.4447	-0.1631
2398	1442.9879	70.2830	9.2796	92.5745	82.1250	-0.1387
2399	1440.2323	70.1984	9.2609	93.2496	82.0985	-0.2134
2400	1413.5975	69.5978	9.2624	92.9933	82.8765	-0.0514
2401	1398.2459	68.8423	9.2789	92.8728	82.9353	0.1046
2402	1378.5085	68.2242	9.2429	93.1647	82.9900	0.2313
2403	1369.4156	67.8454	9.1116	92.7568	83.2087	0.2363
2404	1356.5614	67.8693	9.0848	92.3742	83.0946	0.3669
2405	1353.5340	67.2816	9.0299	92.1212	82.4720	0.2726
2406	1356.5932	66.2796	9.0525	91.1829	82.7785	0.0864
2407	1357.6137	65.8462	9.0300	91.2246	82.9133	-0.0478
2408	1347.8278	65.3740	8.9259	91.1722	82.5003	-0.2021
2409	1347.6796	64.3272	8.8594	90.6602	82.8875	-0.2508
2410	1345.5099	64.4921	8.8175	90.0743	82.0633	-0.1511
2411	1345.7418	64.6206	8.6837	89.6270	82.3192	0.0142
2412	1338.2345	64.5147	8.7051	88.8746	82.0068	0.1418
2413	1339.7455	64.5148	8.6107	88.5762	81.5219	0.2670
2414	1333.7307	65.5379	8.6990	88.0654	80.4010	0.3073
2415	1328.9659	65.5194	8.7641	87.9099	80.4746	0.1943
2416	1335.3083	65.3590	8.7993	87.7095	79.5480	0.0628
2417	1333.4628	65.6640	8.8337	87.8989	79.6654	-0.0286
2418	1333.5849	64.8756	8.8829	87.0153	79.5262	-0.0715
2419	1338.5219	64.6840	8.7590	87.1022	79.2233	-0.0826
2420	1339.9472	63.5821	8.7330	87.5371	78.6964	0.0244
2421	1333.2272	63.6809	8.6916	87.3040	78.8097	0.1850
2422	1335.2648	63.6295	8.5412	87.2211	78.7998	0.2658
2423	1334.8765	64.5076	8.5446	86.5672	79.1962	0.3041
2424	1339.9314	65.3185	8.5337	86.2786	78.7849	0.2592
2425	1333.2808	64.2854	8.6112	85.6260	78.5514	0.1724
2426	1339.1758	64.0410	8.6015	85.9813	78.7975	0.0655
2427	1339.7218	64.3386	8.5923	85.5495	77.9674	-0.0640
2428	1346.8492	64.2245	8.6306	85.8838	77.6882	-0.0919
2429	1344.0401	64.3258	8.6201	85.9181	78.2083	-0.1470
2430	1338.7634	64.3045	8.5973	86.3121	77.9283	-0.1527
2431	1345.5813	64.2630	8.5697	86.5009	78.2261	0.0357
2432	1338.0418	64.4509	8.6000	85.6005	78.1706	0.2228
2433	1335.0133	64.6089	8.6664	85.6895	78.0922	0.2315
2434	1337.2046	64.5206	8.6326	86.2397	77.6559	0.2149
2435	1318.2275	64.2519	8.6020	85.5930	77.6413	0.1535
2436	1307.2949	63.7961	8.5617	85.6621	77.7245	0.0707
2437	1291.8153	63.8039	8.5247	85.5505	77.9907	-0.0034
2438	1279.7512	63.4684	8.5118	85.3931	77.7418	0.0548
2439	1275.5198	62.4449	8.4280	85.0736	77.5668	-0.0413
2440	1275.0744	62.8207	8.3772	84.9465	77.2194	0.0036
2441	1266.6713	62.6890	8.4103	84.4789	77.1955	0.1881
2442	1265.9746	62.5183	8.3596	84.7602	77.9363	0.2407
2443	1260.1237	61.9658	8.3203	84.5490	77.8679	0.4718
2444	1263.7783	61.6769	8.2803	84.7346	77.9356	0.3975
2445	1268.6903	61.4618	8.2959	84.1879	76.9832	0.2650
2446	1282.3685	61.4357	8.2856	84.1270	76.3534	0.0580
2447	1279.2570	60.5118	8.1310	84.3953	75.9849	-0.0672
2448	1285.1683	60.5597	8.0966	84.2028	76.2633	-0.1156
2449	1276.6707	61.0074	8.1009	83.6077	76.5827	-0.0696
2450	1279.4313	60.9909	8.1028	83.5434	76.4544	0.0042
2451	1277.2380	61.2234	8.0712	83.2498	76.3541	0.1182
2452	1287.1890	61.4172	8.0746	82.9260	75.8523	0.2366
2453	1289.0858	61.2508	8.2073	82.6860	75.5365	0.4174
2454	1286.4575	61.0695	8.2119	82.3359	75.4345	0.3233
2455	1283.2677	61.3305	8.1217	82.2826	75.3475	0.2349
2456	1291.5098	60.9936	8.0962	82.0594	75.6025	0.2083
2457	1298.7097	61.7258	8.0735	82.2336	75.0224	0.0742
2458	1283.6258	61.8022	8.0836	81.5901	75.2208	-0.0371
2459	1282.3281	62.0423	8.2038	81.6033	74.7476	-0.1085
2460	1273.7387	61.2579	8.2484	81.8277	74.4437	0.0359
2461	1280.4022	61.4905	8.2096	81.7878	74.3026	0.1150
2462	1281.7304	61.2480	8.2476	81.7487	73.9075	0.2563
2463	1285.1628	60.8881	8.2018	81.7418	73.8096	0.4514
2464	1276.6339	60.5233	8.1249	81.6272	73.8334	0.3201
2465	1289.6519	60.5462	8.0591	81.4749	73.9128	0.1547
2466	1279.7127	61.5588	8.1552	81.5327	73.7532	0.0590
2467	1283.8888	61.5225	8.1166	81.4764	73.6513	-0.0660
2468	1278.8883	61.3373	8.2129	81.3545	73.1062	-0.1484
2469	1267.5896	61.7350	8.1677	81.5784	73.6934	-0.1163
2470	1274.6349	61.3544	8.1919	81.7256	73.8826	0.0118
2471	1266.9462	61.4518	8.1832	81.7702	73.5752	0.1098
2472	1254.9101	61.6792	8.2078	81.9918	73.6900	0.2573
2473	1246.8004	61.4043	8.1836	81.6830	74.3104	0.3685
2474	1244.7531	61.5331	8.2010	81.4196	74.3824	0.3532
2475	1238.4980	60.9323	8.1593	81.6361	73.5820	0.2927
2476	1238.5014	60.7102	8.0882	81.0445	73.4118	0.1377
2477	1241.8219	60.1276	8.0942	80.6719	73.1568	0.0399
2478	1225.7509	60.2139	7.9828	80.3346	73.3733	-0.0481
2479	1240.6331	60.3660	8.0642	79.7100	73.2950	-0.0322
2480	1237.1442	59.5608	8.1076	80.2149	73.5877	0.0706
2481	1228.7375	59.5550	7.9911	80.6216	73.4684	0.1854
2482	1232.7124	58.5671	7.9220	80.6436	73.6383	0.2612
2483	1234.8073	59.0556	7.8941	80.0351	73.8672	0.3675
2484	1248.5414	59.3027	7.9580	80.2011	73.2045	0.4158
2485	1251.2314	59.4810	7.9540	79.7641	72.9243	0.2463
2486	1247.5432	59.8630	7.9569	79.6348	73.2806	0.0734
2487	1245.1327	59.8892	7.9329	79.5169	73.4346	0.0958
2488	1258.1634	60.0157	8.0147	79.4069	73.7772	-0.0434
2489	1259.6179	59.9085	8.0394	79.6484	73.5325	-0.1163
2490	1263.0773	60.4707	8.0350	80.2682	73.2608	-0.0946
2491	1264.0998	60.3591	8.0417	80.4598	73.5787	0.0486
2492	1271.0839	60.5583	7.9738	79.7865	73.0120	0.1707
2493	1267.5962	60.5077	8.0413	79.6581	71.9867	0.3270
2494	1268.9924	60.6479	8.0882	80.1102	72.1129	0.4415
2495	1276.1608	60.3090	8.1101	80.3067	71.7727	0.3350
2496	1286.6330	60.4809	8.1028	80.0889	72.2514	0.1863
2497	1293.3024	60.2960	8.0470	79.9900	72.7402	-0.0089
2498	1284.5522	60.3798	8.0355	79.5375	72.7837	-0.0958
2499	1275.9908	60.9786	8.1081	79.4719	72.5172	-0.1821
2500	1272.4965	60.8029	8.0982	80.2402	72.1571	-0.0222
2501	1267.5822	61.3899	8.1080	79.8744	72.2792	0.1541
2502	1286.8974	61.1844	8.0842	79.7269	72.4078	0.2581
2503	1289.1295	61.0057	8.1236	79.8020	72.0951	0.3738
2504	1287.1174	61.6434	8.0965	80.4709	71.8813	0.3262
2505	1293.4230	61.6804	8.1983	81.1478	71.8567	0.1871
2506	1297.9360	61.4709	8.1481	80.9814	71.8406	0.0490
2507	1293.3248	62.6676	8.2330	81.3244	72.6600	-0.0922
2508	1287.4762	62.8728	8.3123	80.9860	72.4078	-0.1074
2509	1290.2222	62.3023	8.3424	81.3011	72.1932	-0.1376
2510	1299.2190	61.9488	8.2858	82.0086	71.9200	-0.0511
2511	1300.9706	62.4209	8.1890	82.1985	71.6489	0.0882
2512	1293.4833	62.3952	8.2243	82.2986	72.0154	0.1856
2513	1296.4791	62.6013	8.3376	82.6890	72.2121	0.2804
2514	1298.8480	62.3509	8.3969	82.7759	73.0504	0.2710
2515	1284.3417	62.6841	8.4207	83.4469	72.9670	0.2124
2516	1290.4497	61.6977	8.3749	83.4421	72.8418	0.0777
2517	1293.0845	62.3759	8.4117	83.3392	72.7637	-0.0946
2518	1303.2183	62.1583	8.4055	83.1782	73.6043	-0.1632
2519	1300.1498	61.9286	8.3393	83.6427	73.7525	-0.0337
2520	1301.8933	62.0330	8.2803	83.1490	73.9959	0.0109
2521	1313.7879	62.6081	8.2422	83.0189	73.4072	0.1939
2522	1315.8975	62.8880	8.2252	83.0940	73.5053	0.3791
2523	1308.2115	63.0274	8.2004	83.1875	73.8348	0.4129
2524	1304.8792	62.6489	8.2608	83.6453	74.3215	0.3633
2525	1311.5234	62.8092	8.2941	83.0641	74.2955	0.2484
2526	1312.1385	61.8824	8.2119	83.2646	74.0839	0.1450
2527	1296.3048	62.9289	8.2022	83.3779	74.3312	-0.0714
2528	1271.9495	63.0654	8.3389	83.2681	74.1366	-0.0962
2529	1274.8329	62.5500	8.3466	83.4710	74.6559	-0.0578
2530	1269.7129	62.3639	8.4025	83.0498	74.9155	0.0516
2531	1262.8151	62.0281	8.3672	83.4135	75.2435	0.1728
2532	1260.1774	61.4794	8.2365	83.0269	75.8510	0.2993
2533	1271.3917	61.5727	8.2395	83.3307	75.7721	0.3516
2534	1274.8198	62.0082	8.0927	82.7655	75.1866	0.3839
2535	1284.3684	61.2123	8.1933	82.0979	74.3090	0.3670
2536	1278.2241	61.9953	8.1198	81.8258	74.0000	0.1469
2537	1269.5246	62.3401	8.2132	82.1564	73.7369	-0.0709
2538	1276.4932	62.2278	8.2622	82.2301	73.3048	-0.0477
2539	1268.0955	62.0566	8.3074	81.9832	73.8898	-0.0711
2540	1271.6160	61.7612	8.2526	82.1647	73.9550	0.0310
2541	1279.2920	61.6870	8.2697	82.3661	74.2371	0.1064
2542	1270.3146	61.4266	8.2755	82.7253	73.7566	0.2463
2543	1264.1140	61.5444	8.2910	83.3266	74.3088	0.3207
2544	1270.9981	61.7929	8.2276	83.1970	74.8600	0.3032
2545	1281.8964	61.7439	8.3203	82.7950	74.6286	0.1842
2546	1267.5486	61.9894	8.3650	82.9793	74.6452	0.1072
2547	1264.8193	62.0327	8.3755	82.7067	74.7262	0.0097
2548	1262.7445	61.8227	8.3816	83.0881	75.1115	-0.1087
2549	1276.4637	61.6738	8.3103	82.9256	74.8320	-0.1390
2550	1283.4563	62.1113	8.2826	83.1123	75.1335	-0.0497
2551	1286.5291	62.1258	8.3227	82.6825	75.6716	0.0973
2552	1294.3456	61.9913	8.2383	82.7137	75.1662	0.3087
2553	1297.5086	62.1493	8.2092	83.0485	74.8197	0.2598
2554	1307.1450	62.3949	8.2774	82.8182	75.0332	0.3181
2555	1297.8132	62.8642	8.2819	82.4052	75.0464	0.1416
2556	1303.3594	62.3961	8.2906	82.4496	74.6405	0.0588
2557	1300.8984	62.5548	8.2425	82.4776	74.4121	-0.0541
2558	1298.1931	62.2316	8.3156	82.3059	73.9603	-0.2003
2559	1309.9632	61.9129	8.3803	82.9027	73.5873	-0.2000
2560	1295.8367	62.2857	8.2925	82.8149	73.3309	-0.0593
2561	1292.6246	62.5216	8.2974	82.4353	73.9471	0.1000
2562	1304.1747	62.7490	8.3656	81.8392	74.1308	0.2637
2563	1313.2751	62.2616	8.3875	81.4557	73.6475	0.2403
2564	1315.6517	62.0780	8.2556	82.3054	73.8001	0.2980
2565	1314.7413	63.1566	8.3206	82.5044	73.6867	0.2015
2566	1305.6898	62.6816	8.3953	82.8812	73.6978	0.0915
2567	1311.7661	62.8530	8.3033	82.5685	74.0054	-0.0321
2568	1329.0851	62.6141	8.3290	83.0127	74.3243	-0.0664
2569	1331.9656	63.1611	8.3611	82.7944	74.3115	-0.1727
2570	1349.4063	62.8398	8.3737	82.7033	74.2681	-0.0294
2571	1346.6278	63.2015	8.3710	83.1540	74.5121	0.1390
2572	1349.8995	63.6251	8.4248	83.5332	74.4953	0.2519
2573	1326.8631	63.6700	8.4867	83.8424	74.7649	0.3564
2574	1314.0167	63.5425	8.5149	84.2951	74.7970	0.3144
2575	1318.5926	63.5947	8.4747	83.7503	75.3977	0.2100
2576	1313.9798	62.7181	8.3638	84.2561	75.6785	0.0512
2577	1314.6677	61.9488	8.3039	84.2715	75.1525	-0.0001
2578	1311.9323	62.0363	8.2686	84.0630	75.3257	-0.1065
2579	1306.8157	61.6793	8.1761	83.9637	75.3833	-0.1603
2580	1301.1580	61.4000	8.2118	84.1232	75.6451	-0.0470
2581	1308.6444	61.8702	8.2798	83.8237	75.5772	0.1417
2582	1299.6279	62.2526	8.3522	84.1008	75.4674	0.2000
2583	1291.4043	62.8348	8.3621	84.1144	75.6642	0.3140
2584	1292.4678	62.4759	8.3354	83.9825	75.4543	0.2404
2585	1299.9657	62.4532	8.2461	83.6395	75.6963	0.1723
2586	1309.3771	62.5544	8.2725	83.7818	75.8905	0.1041
2587	1318.4250	62.4623	8.2939	83.6785	76.0211	-0.0284
2588	1333.5140	62.9699	8.2690	83.4972	76.0881	-0.1508
2589	1328.7486	64.0690	8.2954	83.4624	76.1456	-0.2126
2590	1339.6281	64.5898	8.3505	82.9323	75.7029	-0.0648
2591	1341.2790	63.9656	8.4300	83.2213	75.4385	0.0886
2592	1348.4887	63.8716	8.4610	83.6676	75.1546	0.2079
2593	1356.4613	64.3805	8.5253	83.9047	74.9591	0.2906
2594	1349.6104	64.1879	8.5697	83.9475	74.6749	0.3660
2595	1353.6901	64.7026	8.6261	84.3156	74.9561	0.2654
2596	1363.4032	65.3444	8.5879	85.0754	74.9246	0.1586
2597	1349.7250	65.6225	8.6142	84.9421	74.9855	-0.2076
2598	1356.3948	65.7581	8.6182	84.8821	74.6017	-0.2287
2599	1355.8439	65.9898	8.6944	85.1539	74.3855	-0.2901
2600	1369.0265	66.5513	8.7325	85.3664	75.5546	-0.1143
2601	1351.9389	65.8376	8.8462	85.6980	76.1997	0.0292
2602	1345.5373	65.8411	8.8697	86.2867	75.9885	0.1640
2603	1325.6501	65.7634	8.8699	86.7695	76.5213	0.3306
2604	1324.3837	65.5614	8.7596	87.2675	77.2638	0.2839
2605	1343.3187	64.8425	8.7355	87.1331	77.5283	0.2753
2606	1355.9653	65.6888	8.6232	87.3054	77.7026	0.0846
2607	1355.4075	64.2418	8.6591	86.8379	78.0279	-0.1153
2608	1357.8253	64.8578	8.5917	87.0092	78.2585	-0.1641
2609	1346.0862	65.3806	8.6039	87.2233	78.6189	-0.2224
2610	1341.8794	65.4365	8.5654	86.5554	78.8672	-0.1010
2611	1341.1691	65.4368	8.6767	86.2382	78.4310	0.0814
2612	1326.1637	64.5654	8.6454	86.8056	77.9300	0.1553
2613	1335.4840	63.6457	8.6844	85.9855	78.2490	0.2548
2614	1334.9611	63.0166	8.6447	86.5547	78.0739	0.3272
2615	1343.0011	63.4517	8.5581	86.9952	77.9524	0.1426
2616	1345.5073	63.7307	8.5443	86.8287	77.8389	0.0208
2617	1331.7816	64.1881	8.5459	86.6046	78.2134	-0.1298
2618	1337.3750	63.8776	8.6103	86.7759	77.6709	-0.1206
2619	1341.3027	64.1867	8.6149	86.8758	77.7158	-0.1207
2620	1346.2043	64.6856	8.5542	87.1241	77.8799	-0.0405
2621	1346.2126	64.3746	8.5832	86.5969	77.8902	0.2115
2622	1353.4501	64.7483	8.5681	86.4809	78.1431	0.3191
2623	1351.6329	64.3158	8.5582	86.3144	78.5936	0.3659
2624	1349.3538	64.7356	8.5450	86.3020	79.0035	0.3203
2625	1342.7467	64.6120	8.5953	86.0784	79.1162	0.3027
2626	1345.0015	64.7643	8.5647	85.8739	78.9218	0.0593
2627	1346.0720	64.4439	8.6750	85.9203	78.4878	-0.0924
2628	1354.6946	64.2229	8.6620	86.4080	78.2106	-0.1999
2629	1357.9809	65.1094	8.7082	86.1650	78.2246	-0.1939
2630	1337.2576	65.5696	8.6743	86.2004	78.5144	-0.1149
2631	1340.5455	65.0875	8.7058	86.6586	78.7103	0.0530
2632	1338.1616	64.4279	8.7340	86.5786	78.3463	0.1365
2633	1343.7113	63.9736	8.6566	86.9421	78.3230	0.1811
2634	1347.1086	64.2371	8.4941	86.7080	78.2922	0.1683
2635	1345.9545	64.6985	8.5442	86.7667	77.5905	0.0085
2636	1354.8376	64.1220	8.5744	86.7795	77.8182	-0.0453
2637	1354.3607	64.0430	8.5423	86.0499	77.6699	-0.1738
2638	1349.9610	64.3226	8.5994	85.7363	77.7937	-0.2163
2639	1350.3899	64.6559	8.5768	85.9444	77.3222	-0.1793
2640	1356.6615	64.5704	8.5762	86.1668	77.0922	-0.0437
2641	1354.6467	65.2976	8.5206	86.3935	77.3091	0.1515
2642	1358.4112	65.1324	8.4918	86.5606	76.9296	0.2024
2643	1350.9630	65.5368	8.5022	86.3864	77.0056	0.2872
2644	1332.4779	65.6035	8.5525	85.8048	76.9941	0.3099
2645	1336.4431	64.7291	8.6012	85.9868	76.8419	0.2118
2646	1332.5854	64.8532	8.6299	85.6786	76.9556	0.0894
2647	1333.1984	65.0045	8.6896	85.3692	77.0070	-0.0445
2648	1327.2702	63.9542	8.7238	85.4558	76.8561	-0.0443
2649	1332.2336	64.1523	8.6936	85.5322	76.9345	-0.1218
2650	1325.2708	63.3288	8.5668	85.9250	77.2112	0.0028
2651	1325.1639	63.4928	8.4968	86.0972	77.5561	0.1112
2652	1319.4247	63.1765	8.5253	85.6988	77.2135	0.2802
2653	1319.0478	63.2987	8.4630	85.6285	77.1866	0.3492
2654	1316.8804	63.4599	8.4943	85.7384	76.8255	0.2570
2655	1325.2659	63.5775	8.4164	85.8644	77.0208	0.2022
2656	1310.3000	63.6779	8.3808	85.7473	77.4174	0.1472
2657	1306.3357	62.9294	8.3662	84.8874	77.4033	-0.1251
2658	1284.9093	63.0802	8.3609	85.1617	77.3912	-0.2169
2659	1291.9215	63.1225	8.3453	85.1089	77.6127	-0.1550
2660	1310.8287	62.9019	8.3776	84.7996	77.5416	0.0337
2661	1313.6568	62.5248	8.3261	84.6794	77.2591	0.1073
2662	1322.1923	62.3162	8.3738	84.3996	76.8146	0.2791
2663	1335.1304	62.3241	8.3138	84.2098	77.3274	0.2961
2664	1326.1988	62.4208	8.2883	83.7328	77.1074	0.3014
2665	1333.7800	62.7463	8.2946	83.9636	76.6360	0.3202
2666	1333.0197	63.1425	8.3713	84.1356	76.3753	0.0946
2667	1338.8126	63.5650	8.3928	84.1322	76.7573	-0.0256
2668	1344.7440	63.1134	8.3518	84.1790	76.6324	-0.1591
2669	1344.8203	62.3826	8.3912	83.8486	76.4656	-0.1375
2670	1344.0532	63.1782	8.2936	83.7593	76.1834	0.0351
2671	1344.9974	63.2397	8.3349	83.5950	75.7692	0.1069
2672	1340.9945	62.8397	8.3027	84.0840	75.6568	0.1138
2673	1323.2018	63.8974	8.2790	83.7949	76.2977	0.2370
2674	1332.0112	64.2755	8.3747	83.3233	75.7626	0.3146
2675	1353.0797	63.8682	8.3627	83.3273	75.5374	0.2212
2676	1359.1163	64.3570	8.4488	83.4609	75.2571	0.0771
2677	1360.0565	64.2176	8.4592	83.3529	74.7898	-0.0678
2678	1368.9266	64.6194	8.4278	83.6615	74.8902	-0.0188
2679	1361.4227	65.0701	8.3928	83.5364	74.7779	-0.0988
2680	1346.5969	65.6681	8.4427	83.7019	74.8124	-0.0440
2681	1348.2150	65.4488	8.5671	83.8905	74.9483	0.0223
2682	1354.9735	65.2606	8.6571	84.0446	74.9745	0.1115
2683	1360.9270	64.8852	8.6658	84.3951	74.7482	0.3193
2684	1353.0337	65.1868	8.6683	84.9165	74.4784	0.2958
2685	1361.0692	65.2766	8.6610	84.8496	74.7858	0.2000
2686	1361.4659	65.1992	8.6986	85.3956	75.5575	0.0678
2687	1350.9766	64.7660	8.6296	85.8009	76.0643	-0.1120
2688	1353.3037	66.1221	8.5277	86.0635	76.1844	-0.0940
2689	1344.1332	65.2007	8.6397	85.7438	76.7037	-0.1318
2690	1343.3835	65.1770	8.6777	85.8718	76.5904	-0.0493
2691	1352.4428	64.9849	8.7722	85.6836	76.8748	0.1835
2692	1344.4560	64.9350	8.8443	85.8392	76.6936	0.2051
2693	1337.4701	65.0203	8.8570	86.2835	77.2225	0.3787
2694	1347.5485	64.6821	8.8407	86.8976	76.9718	0.2683
2695	1343.7556	64.5186	8.6602	87.0154	77.7033	0.2114
2696	1341.4309	64.7635	8.6267	86.9723	77.7371	0.0289
2697	1339.9038	65.0394	8.6457	86.8465	77.5879	-0.1031
2698	1332.2221	64.5060	8.5571	86.5718	77.4899	-0.1888
2699	1332.3213	64.7782	8.5435	86.1256	77.7549	-0.1895
2700	1346.8483	64.3351	8.5276	85.8785	78.2131	-0.0922
2701	1364.8147	64.7348	8.4961	86.0899	77.6374	0.0632
2702	1374.6935	65.1983	8.5162	86.2311	77.3814	0.2154
2703	1380.9417	65.3485	8.5636	86.4500	77.4945	0.2661
2704	1393.6893	65.9010	8.5910	86.8824	77.7368	0.3279
2705	1408.4302	65.9208	8.7485	87.2802	77.8815	0.1561
2706	1440.2274	65.9924	8.6904	87.6074	78.7643	-0.0454
2707	1444.6460	66.9847	8.7640	87.8437	78.9411	-0.2441
2708	1454.4918	67.3463	8.8835	88.0582	78.6065	-0.3191
2709	1474.1514	68.4570	8.8777	88.4092	79.3769	-0.1500
2710	1491.8783	69.6058	9.0365	88.3540	79.0328	-0.0830
2711	1503.3226	70.3364	9.1039	88.6250	78.6385	0.0410
2712	1507.6545	70.6478	9.1691	89.0403	78.4752	0.1793
2713	1526.2038	71.3635	9.2360	89.6962	78.8340	0.2407
2714	1545.5631	71.8486	9.3806	89.4658	79.3341	0.2557
2715	1550.1639	72.6491	9.4282	90.0271	79.7258	0.1612
2716	1562.1390	72.5716	9.4638	90.7316	80.2009	-0.1263
2717	1557.8827	73.1187	9.4323	91.2343	80.1041	-0.1304
2718	1572.2812	73.3896	9.4809	91.4482	80.5367	-0.1812
2719	1566.7452	74.4307	9.4769	92.0156	80.7079	-0.1543
2720	1563.4500	74.4302	9.5916	92.1744	81.1443	-0.0942
2721	1559.8762	74.5991	9.7320	92.4218	81.8012	0.0032
2722	1567.7809	75.5467	9.8146	93.3745	81.8805	0.0252
2723	1564.8063	75.6612	9.8923	94.2472	82.5124	0.1294
2724	1581.3302	74.8794	9.9935	95.2887	82.3968	0.0603
2725	1590.8281	75.3885	9.9999	96.3264	83.2671	0.0750
2726	1597.9217	75.8111	10.1072	96.4326	83.9300	-0.0355
2727	1593.0298	76.0401	10.1297	96.9595	84.9394	-0.1856
2728	1595.0045	75.8413	9.9988	97.6690	85.3110	-0.1766
2729	1594.7806	75.3495	10.0286	98.1451	85.5907	-0.1448
2730	1589.4278	75.4691	10.0316	98.9806	85.8490	-0.0360
2731	1585.6339	76.2451	10.0812	99.1184	86.8327	0.0301
2732	1588.2490	76.4959	10.1470	98.9132	87.5034	0.2593
2733	1594.7881	76.4742	10.0877	99.2558	87.6482	0.3167
2734	1597.2746	75.8598	10.1282	100.4194	87.3653	0.2397
2735	1599.8786	75.8205	10.0992	100.5770	87.9138	0.1535
2736	1608.1513	75.9456	10.0904	100.4215	88.8097	-0.0412
2737	1620.4650	76.4252	10.1099	100.3133	88.5655	-0.2459
2738	1611.5462	76.8451	10.2301	100.5127	89.0178	-0.2330
2739	1617.6243	77.0067	10.2469	99.9722	89.5184	-0.1400
2740	1619.8279	76.6970	10.3027	99.8601	89.5693	-0.0597
2741	1618.3311	77.2209	10.2571	100.6460	89.8281	0.1147
2742	1614.5524	77.1445	10.1621	100.7001	89.8942	0.2042
2743	1610.1008	77.8686	10.2913	101.0504	89.4983	0.3222
2744	1631.9284	77.5566	10.3329	101.4782	89.5846	0.2888
2745	1645.0098	77.0686	10.3361	101.8068	90.0297	0.2131
2746	1641.0842	77.5906	10.3013	102.3145	90.5603	0.0559
2747	1652.1193	77.3314	10.3242	102.7740	90.8079	-0.0636
2748	1658.5365	78.0074	10.4277	102.3966	91.5096	-0.1969
2749	1654.9252	77.9607	10.4378	102.7060	90.8601	-0.1969
2750	1658.4633	77.9632	10.4480	103.1169	91.3271	-0.0761
2751	1657.8476	78.0739	10.3891	103.5892	91.5531	0.1099
2752	1659.4090	78.1802	10.4164	103.7397	91.7948	0.2758
2753	1657.8618	78.8476	10.4816	104.0671	92.4747	0.3396
2754	1658.6412	78.6705	10.5473	104.4392	92.9323	0.3231
2755	1665.6875	78.6657	10.5836	104.5391	92.7132	0.1810
2756	1669.8598	80.0463	10.5359	104.7784	93.2597	0.0602
2757	1672.1367	80.5014	10.5594	105.1745	93.5414	-0.0732
2758	1674.0760	80.3272	10.6656	105.3807	93.8554	-0.1961
2759	1660.1427	79.7288	10.6171	105.1565	93.6890	-0.0693
2760	1663.3722	79.0306	10.5767	105.6030	93.8259	0.0024
2761	1680.7424	79.2809	10.5065	105.3714	94.0795	0.1119
2762	1672.1178	79.4057	10.5245	105.0591	94.0373	0.1776
2763	1675.1434	79.7819	10.5519	105.6114	93.9630	0.3264
2764	1669.5673	80.5071	10.5543	105.3241	94.3081	0.2947
2765	1656.4055	80.2646	10.6473	105.3279	94.3322	0.2250
2766	1656.4164	79.8811	10.6401	105.5120	94.2069	0.1263
2767	1648.7745	79.2208	10.6995	105.6216	94.5187	0.0604
2768	1649.2093	78.8225	10.6643	105.8715	94.5593	-0.1490
2769	1643.8493	79.3622	10.6435	106.3221	94.5417	-0.1677
2770	1640.8718	79.2861	10.6017	106.2923	94.4261	-0.0960
2771	1644.9722	79.1601	10.6123	106.3256	94.5428	0.0499
2772	1651.3609	79.4017	10.5662	106.1620	94.8014	0.2434
2773	1641.4385	79.3426	10.5386	106.0561	94.7133	0.3498
2774	1645.2543	78.9173	10.4551	105.8587	94.3460	0.3173
2775	1654.6861	78.8436	10.3694	105.4536	94.4057	0.2475
2776	1651.2069	78.5505	10.4357	105.4526	94.3149	0.1753
2777	1637.0125	78.1660	10.5221	104.8455	94.5894	0.0206
2778	1639.6067	78.1218	10.4432	104.9266	95.1382	-0.1401
2779	1630.5322	78.3085	10.4800	104.4323	94.5652	-0.1877
2780	1625.6849	78.2808	10.4943	104.4247	94.8669	-0.0618
2781	1640.6179	78.4338	10.4925	105.1441	95.0088	0.0228
2782	1642.9587	78.7289	10.4891	104.8285	94.5954	0.1606
2783	1664.3433	78.5612	10.4959	105.1292	94.1296	0.2837
2784	1666.1446	78.3715	10.4657	104.9466	94.0461	0.2450
2785	1664.2426	78.4208	10.4832	105.0715	94.2972	0.2049
2786	1647.7151	79.1613	10.4659	105.6259	94.7082	0.1163
2787	1656.6635	79.4383	10.4650	106.0054	94.5795	-0.0560
2788	1665.2466	79.6148	10.4301	105.7390	94.3566	-0.1840
2789	1670.2895	79.1559	10.4723	105.3389	94.6471	-0.1890
2790	1662.3705	78.8156	10.5144	105.1290	94.4653	-0.1076
2791	1678.2015	78.7424	10.5169	105.1761	94.7000	0.0608
2792	1681.2853	79.2653	10.4557	105.1665	94.1747	0.1848
2793	1690.0822	79.9738	10.4821	104.6779	94.8750	0.2865
2794	1680.3776	80.8901	10.4906	104.5605	94.5714	0.3502
2795	1673.7166	80.9796	10.5430	104.2546	94.1284	0.2969
2796	1665.4647	80.9238	10.5271	104.2895	93.5753	0.1494
2797	1669.8747	79.8835	10.5316	104.2267	93.6041	-0.0217
2798	1671.6091	79.4572	10.5503	104.0481	93.5719	-0.1117
2799	1669.5540	79.2547	10.5595	103.8283	93.4689	-0.1134
2800	1666.2436	78.9446	10.5363	103.4336	93.7290	-0.0731
2801	1675.5125	79.4417	10.5246	103.8410	94.0210	0.1066
2802	1677.0364	80.0379	10.4936	104.3003	93.7988	0.2264
2803	1670.0202	80.2913	10.4997	104.4155	93.4611	0.2603
2804	1666.0481	80.1186	10.5682	104.5092	94.0174	0.2485
2805	1659.8610	80.7439	10.5583	104.4755	93.6068	0.1900
2806	1664.4268	80.2086	10.5915	104.9867	93.6971	0.0559
2807	1656.3276	80.5161	10.6485	105.1872	93.9451	-0.1524
2808	1649.0272	80.3005	10.7612	105.2844	94.2743	-0.1705
2809	1650.6029	80.6403	10.6240	106.1047	94.4381	-0.1747
2810	1654.3281	80.3576	10.6996	105.8529	94.7301	-0.0560
2811	1650.1480	79.7773	10.7362	105.8435	95.0082	0.0462
2812	1651.9046	79.0258	10.7353	106.0430	95.1446	0.1917
2813	1649.3131	78.8180	10.7131	106.3479	95.3536	0.3454
2814	1654.9213	78.9190	10.6964	106.3648	95.7204	0.2593
2815	1652.5106	79.1885	10.5579	106.8316	96.4428	0.1617
2816	1647.9206	79.5360	10.5399	106.6407	96.2775	0.0025
2817	1644.7883	79.2314	10.5957	106.2044	96.6397	-0.1114
2818	1659.0825	78.6421	10.6476	106.5016	96.2220	-0.2053
2819	1671.5642	78.8922	10.5948	106.8752	96.0163	-0.1055
2820	1676.7591	79.4767	10.4541	107.1281	95.9119	-0.0514
2821	1678.6927	79.7147	10.5300	107.3605	96.2086	0.1441
2822	1678.8490	80.2766	10.5369	107.2581	95.9405	0.3022
2823	1672.2962	80.3119	10.6192	106.4979	95.2392	0.3201
2824	1678.4114	80.4823	10.7358	106.9378	95.4670	0.3033
2825	1680.5899	81.0247	10.6995	106.7771	95.8175	0.2238
2826	1684.8174	81.0360	10.7550	106.5789	95.9599	0.1230
2827	1699.2303	81.0194	10.7119	106.9999	95.7836	-0.0547
2828	1693.6197	81.7484	10.8278	107.3518	95.6503	-0.1508
2829	1692.0613	81.8810	10.6821	107.3516	95.6348	-0.0783
2830	1684.5760	81.8823	10.7217	106.8872	95.8476	0.0635
2831	1681.9712	81.2140	10.8344	106.7776	96.1586	0.2041
2832	1685.8232	80.8314	10.8117	107.1412	96.4626	0.2710
2833	1682.3155	80.1979	10.8548	107.5361	96.9642	0.3566
2834	1684.4692	80.5102	10.7680	107.4379	96.8761	0.3298
2835	1680.5078	80.3306	10.7865	107.4917	96.7430	0.2365
2836	1674.6482	80.5988	10.7192	107.3633	96.6445	0.1484
2837	1680.2252	79.5108	10.7159	107.6747	96.6713	-0.1285
2838	1679.8423	79.8968	10.7115	107.7602	96.9315	-0.2561
2839	1680.6307	80.5983	10.7113	108.2388	96.7898	-0.2385
2840	1688.2425	80.5313	10.7020	107.7468	97.0825	-0.0370
2841	1673.5046	80.6488	10.7146	107.5960	97.3245	0.0508
2842	1666.4577	79.9738	10.8607	107.9516	97.0971	0.1730
2843	1674.3056	79.7937	10.8170	108.0744	96.9712	0.1687
2844	1681.4929	79.9178	10.8187	107.7412	96.9583	0.3343
2845	1676.5920	80.3388	10.6898	107.7679	97.1356	0.1633
2846	1685.8057	80.2861	10.7119	107.9430	97.1971	0.0547
2847	1695.8547	79.8546	10.6419	107.9735	97.6254	-0.0559
2848	1703.1195	80.6252	10.5539	107.4461	96.9468	-0.1106
2849	1693.0854	80.6323	10.6243	107.2986	96.8631	-0.1854
2850	1700.3005	80.6246	10.6603	107.1084	96.9815	-0.1205
2851	1696.9582	81.0637	10.7190	106.8267	97.7187	0.0231
2852	1690.4426	80.4896	10.8011	106.4266	97.2243	0.2072
2853	1693.9905	80.5118	10.7336	106.9068	97.4045	0.2897
2854	1693.7051	80.5568	10.7710	106.7174	97.2027	0.2665
2855	1690.3934	81.0797	10.6937	106.8751	97.2128	0.1568
2856	1669.8558	81.5930	10.7782	106.6732	97.2596	0.0291
2857	1684.0880	81.1714	10.8067	106.6477	97.0037	-0.0499
2858	1693.1118	81.0835	10.7476	106.5946	96.6681	-0.0906
2859	1696.7781	81.8605	10.6850	106.4670	96.4489	-0.1549
2860	1700.8454	81.6525	10.7032	106.6690	96.7466	0.0370
2861	1689.8711	81.8525	10.7645	106.2891	96.7425	0.1411
2862	1683.8270	81.5037	10.7925	107.1521	96.9879	0.3080
2863	1680.6855	81.6586	10.7698	107.2307	96.9450	0.3378
2864	1682.6927	81.1815	10.7852	107.6646	96.6336	0.2351
2865	1683.9211	80.8262	10.7591	107.4165	96.2979	0.2200
2866	1697.8296	80.9520	10.6842	107.1082	96.7027	0.1081
2867	1711.7169	81.1041	10.7158	106.3937	96.4631	-0.0329
2868	1707.6626	81.1010	10.7956	106.3052	96.0350	-0.0367
2869	1713.7425	81.5751	10.7571	106.6511	95.4715	-0.0856
2870	1699.4072	81.3870	10.8123	106.8066	95.4428	0.0226
2871	1705.1605	81.3054	10.8520	106.8072	95.5449	0.1187
2872	1718.5940	81.8088	10.8368	106.9214	95.0475	0.3023
2873	1707.7539	82.4560	10.8099	107.0339	95.5466	0.3482
2874	1708.5671	82.0718	10.7887	107.7432	95.6685	0.3504
2875	1708.6219	82.0275	10.9051	107.6191	96.0906	0.2557
2876	1687.3856	81.3892	10.8715	108.0546	96.2976	0.1247
2877	1682.5460	81.5263	10.9016	108.2776	96.4942	0.0268
2878	1677.6166	81.1648	10.8742	107.8330	96.9558	-0.2150
2879	1689.9754	80.3399	10.8670	107.3144	96.6802	-0.2208
2880	1709.4474	80.4165	10.8805	107.6633	96.6093	-0.1066
2881	1711.6414	81.2896	10.7951	107.7571	97.2492	0.0943
2882	1714.2085	81.2976	10.8222	107.8521	97.6042	0.3225
2883	1701.7748	81.1823	10.8275	108.2017	97.5299	0.2744
2884	1701.2008	81.1062	10.8436	108.3136	97.7519	0.2364
2885	1701.0406	81.3291	10.9131	108.6138	98.3164	0.2295
2886	1694.9135	81.2530	10.8942	108.1048	97.9659	0.0418
2887	1704.5195	81.5575	10.9376	108.4066	97.6827	-0.1107
2888	1699.7298	81.3525	10.8669	109.1684	97.7094	-0.1442
2889	1704.2720	81.3054	10.8052	108.4146	97.6594	-0.0522
2890	1702.1299	81.8895	10.8409	108.2263	98.2095	0.0038
2891	1692.1579	81.1160	10.9504	107.7659	98.2875	0.1019
2892	1703.8810	80.9185	10.9682	108.2908	97.8316	0.2016
2893	1691.5692	81.0082	10.8966	108.0352	97.4456	0.3398
2894	1696.2009	81.1794	10.8947	108.4604	97.2847	0.2734
2895	1680.4030	81.8511	10.9865	108.7062	97.1187	0.1397
2896	1677.6261	81.9411	11.0081	108.8060	97.2171	-0.0141
2897	1667.8335	81.4061	11.0721	109.1526	97.8522	-0.2042
2898	1667.9974	81.2649	10.9997	109.2656	97.6778	-0.2619
2899	1681.5518	80.7888	10.8908	109.6326	97.9011	-0.2704
2900	1679.8344	80.7231	10.8603	109.3613	98.3178	-0.1395
2901	1662.2481	80.5395	10.8037	109.2139	98.1944	0.0165
2902	1662.9537	80.2731	10.8068	109.1493	98.6381	0.2556
2903	1669.0999	80.4619	10.7263	108.8519	98.8955	0.2569
2904	1662.4831	80.5692	10.7514	108.6346	99.2533	0.3629
2905	1657.3498	79.5737	10.6835	108.6893	99.0374	0.2705
2906	1666.4809	79.4832	10.7489	108.4247	99.1423	0.1731
2907	1666.6664	79.2956	10.6857	108.5842	99.2087	-0.0400
2908	1673.4549	79.0929	10.6503	108.8368	98.8212	-0.0907
2909	1671.1733	80.2434	10.5380	109.5366	99.3575	-0.0695
2910	1679.0438	80.3374	10.5731	109.0395	98.7682	-0.0168
2911	1669.5615	81.0502	10.6731	108.7957	98.5153	0.1160
2912	1665.4244	80.9518	10.7078	108.1246	98.3032	0.1595
2913	1682.9324	80.5933	10.7738	107.7884	97.8566	0.2310
2914	1681.3798	80.1321	10.7662	108.0316	97.6141	0.2391
2915	1669.7932	80.2272	10.7410	108.1620	97.7656	0.1036
2916	1665.9435	79.8711	10.6686	107.7948	97.4569	0.0725
2917	1654.9389	79.9474	10.6836	107.2634	97.8448	-0.0890
2918	1651.2513	80.7169	10.6827	107.0571	97.7642	-0.1957
2919	1639.6407	80.3805	10.6972	106.7500	97.3563	-0.2071
2920	1639.4486	80.5069	10.6299	107.1292	97.7978	-0.0754
2921	1646.3034	80.0778	10.6393	107.0623	98.0513	0.0430
2922	1662.0029	80.0857	10.5818	107.3119	97.4150	0.1463
2923	1673.8014	80.1114	10.6370	107.3176	97.8129	0.2378
2924	1678.3980	79.8246	10.6430	106.5485	97.6324	0.1508
2925	1675.5287	79.5739	10.6827	106.6292	97.7137	0.0657
2926	1680.5860	79.1980	10.6939	106.3562	97.6173	0.0227
2927	1689.6881	79.8753	10.6379	106.4126	97.4780	-0.1183
2928	1692.6465	80.0936	10.6094	106.7686	97.0861	-0.1684
2929	1697.1232	80.6324	10.5317	106.5698	96.7361	-0.1755
2930	1691.4653	81.2320	10.5840	106.0555	96.5958	-0.0090
2931	1684.5884	80.8646	10.7210	105.8596	96.7964	0.0594
2932	1676.0957	81.5303	10.7085	105.5399	96.4545	0.2771
2933	1670.9686	82.0107	10.7709	106.0112	96.8015	0.4539
2934	1659.2553	81.8334	10.8547	106.7201	96.3334	0.3373
2935	1649.4065	81.7574	10.8787	107.2396	95.7568	0.1734
2936	1650.7339	80.2326	10.8804	107.2292	95.8144	0.0326
2937	1657.7347	79.9323	10.8491	107.3615	96.0978	-0.1045
2938	1656.2512	80.4060	10.7660	107.8816	96.2170	-0.2631
2939	1656.7862	79.6057	10.7373	107.8745	96.5188	-0.2034
2940	1668.4889	79.7243	10.6043	107.9642	96.7857	-0.0574
2941	1665.0263	79.7432	10.6467	107.5925	96.6176	0.1394
2942	1660.6976	80.1436	10.6365	107.6604	96.2889	0.2168
2943	1664.6535	79.7805	10.6310	107.6296	96.3568	0.3257
2944	1659.8778	80.4432	10.5368	107.8030	95.8654	0.4250
2945	1665.5572	80.7586	10.6682	107.5087	96.5372	0.3119
2946	1650.0868	80.7004	10.7565	107.6963	96.1570	0.0922
2947	1643.3779	80.2835	10.7189	107.5866	96.6093	0.0460
2948	1653.0969	79.8335	10.7924	106.8369	96.2481	-0.0950
2949	1654.8645	79.1627	10.7675	106.5963	96.1472	-0.1072
2950	1658.1609	79.1496	10.6132	106.5461	95.5218	-0.0093
2951	1655.2031	79.2542	10.5577	106.4634	95.2813	0.0735
2952	1658.8446	78.6374	10.5511	105.7231	95.4649	0.1359
2953	1663.3800	78.8262	10.5377	105.3414	95.1239	0.1938
2954	1676.6997	79.9188	10.6037	105.6483	94.6569	0.2066
2955	1688.8578	79.2953	10.5749	105.4402	94.7088	0.1632
2956	1702.0402	79.9257	10.5345	105.5757	94.9238	-0.0141
2957	1694.4554	80.4429	10.4600	105.9156	94.9977	-0.0046
2958	1683.7485	80.1789	10.5376	105.2706	95.0901	-0.0695
2959	1674.3299	80.7187	10.5766	105.0949	94.7957	-0.0723
2960	1674.5813	80.3206	10.7433	105.5092	95.1341	0.0852
2961	1669.0292	80.6575	10.7272	106.0461	94.7076	0.1594
2962	1666.0148	80.6378	10.7916	105.5267	95.0074	0.2771
2963	1670.2408	79.8359	10.7471	105.8570	95.0209	0.3738
2964	1680.4687	80.3454	10.7043	106.4348	94.7853	0.3241
2965	1693.4974	80.5855	10.6843	106.6329	94.5801	0.2376
2966	1682.0882	80.9431	10.7563	106.5914	95.5278	0.1239
2967	1686.6823	81.1499	10.7794	106.9193	95.6036	0.0108
2968	1693.4328	80.9074	10.7929	106.3302	95.8175	-0.1007
2969	1692.3524	81.2468	10.7997	106.3841	95.9002	-0.1023
2970	1684.0649	81.3868	10.9052	106.8855	95.8344	0.0261
2971	1683.5969	81.3397	10.9617	107.4751	95.5494	0.1861
2972	1688.6065	81.0891	10.9119	108.3847	96.2287	0.2244
2973	1684.7893	80.3616	10.8685	108.7025	96.5635	0.3231
2974	1687.7100	80.2093	10.7491	108.6852	96.9720	0.3552
2975	1677.7116	80.9237	10.6558	108.7059	97.4729	0.2186
2976	1689.2044	80.6414	10.6756	108.5270	97.3552	0.0530
2977	1703.4251	80.2067	10.7316	108.3473	97.8852	-0.1626
2978	1700.0244	80.3198	10.6649	108.5980	97.5527	-0.2815
2979	1708.3792	80.0096	10.7048	108.6588	97.5751	-0.2283
2980	1697.6042	79.5228	10.5687	108.4413	97.8232	-0.0358
2981	1692.7524	79.2183	10.6210	108.0731	97.7824	0.1000
2982	1693.5528	80.0640	10.6632	107.7574	97.8311	0.2736
2983	1687.8024	80.4480	10.6990	107.8874	97.5487	0.3393
2984	1699.3176	80.7817	10.7495	107.6093	97.0545	0.2689
2985	1694.3056	80.3401	10.6899	107.8383	96.7217	0.2153
2986	1690.0810	80.8495	10.7446	107.0266	97.4641	0.1087
2987	1689.0326	80.0929	10.8148	107.0043	97.0958	-0.0803
2988	1686.5216	79.9385	10.7536	107.3675	96.3566	-0.1633
2989	1691.8306	80.1161	10.7826	107.2324	96.4046	-0.1387
2990	1687.5578	80.5746	10.8672	107.0717	96.1129	0.0267
2991	1689.2190	80.6991	10.7334	106.9586	96.0196	0.2439
2992	1679.0077	80.4772	10.7010	107.1144	95.6776	0.2698
2993	1671.9405	80.7112	10.7232	107.1308	95.9040	0.3464
2994	1685.0232	79.3734	10.6134	107.6655	96.4199	0.3673
2995	1685.5445	79.9524	10.6402	107.5298	96.3332	0.1958
2996	1667.4006	79.9017	10.5664	107.5264	96.1773	-0.0232
2997	1670.0819	80.1754	10.6182	107.6402	96.6421	-0.1831
2998	1675.1499	79.8555	10.5791	108.1843	96.8546	-0.2336
2999	1680.7914	80.1830	10.6170	107.6890	97.2377	-0.2396
3000	1660.1465	79.8118	10.5617	107.1693	97.4368	-0.0195
3001	1648.8766	79.6793	10.5722	107.1459	96.6617	0.0471
3002	1647.5999	79.2069	10.6098	107.0383	96.8348	0.1036
3003	1626.8670	79.7208	10.6353	106.3695	96.3518	0.2792
3004	1623.6416	79.9056	10.6118	106.3677	96.1272	0.2395
3005	1615.3231	79.6282	10.5415	106.4537	96.1031	0.1797
3006	1617.0321	79.3319	10.5665	106.1623	96.0586	0.0505
3007	1602.3785	78.9935	10.5431	106.2417	96.1822	-0.1190
3008	1598.3805	78.9133	10.6316	105.9538	96.4829	-0.1421
3009	1602.3254	78.6579	10.5599	105.9778	96.1813	-0.1313
3010	1597.6850	78.3218	10.5569	105.4696	95.9525	-0.0000
3011	1595.5297	77.8739	10.5217	105.2857	95.8412	0.0798
3012	1585.7480	76.7420	10.5237	104.8353	95.4007	0.2073
3013	1578.6280	76.0721	10.3986	104.8243	95.7152	0.3123
3014	1572.4717	75.5342	10.3335	104.8939	95.4651	0.2373
3015	1560.8923	75.3716	10.1719	104.2962	95.4703	0.2337
3016	1554.2955	75.1466	10.1697	103.7232	95.4607	0.0207
3017	1555.4001	74.9507	10.0719	103.2792	95.2972	-0.0701
3018	1560.0451	75.2747	10.0701	103.1605	93.8371	-0.2189
3019	1557.2415	75.5865	10.0930	103.1032	93.6010	-0.2024
3020	1550.5300	75.3784	10.1411	102.8858	93.1029	-0.1368
3021	1539.0156	74.7368	10.1359	102.2761	93.2169	-0.0540
3022	1537.9563	75.4550	10.0715	102.3819	93.2198	0.1606
3023	1540.2317	74.9606	10.0293	102.0001	92.5863	0.1916
3024	1548.8896	74.8379	10.1210	101.8056	92.2072	0.2330
3025	1564.4712	74.7667	10.0314	102.1972	92.3563	0.2008
3026	1563.9752	74.8355	9.9849	101.6411	92.1479	-0.0716
3027	1573.6065	75.3190	9.9230	101.1420	92.5280	-0.2193
3028	1555.8001	76.3472	9.9460	100.8978	91.9803	-0.2907
3029	1549.5216	76.0323	10.0087	100.4015	91.3957	-0.2433
3030	1535.5009	75.6134	10.0458	100.6840	91.2468	-0.1232
3031	1528.7869	75.1763	10.0883	100.3824	91.4565	0.0836
3032	1533.1066	74.3060	10.1295	100.5486	91.5051	0.1333
3033	1545.8004	73.8118	10.0135	100.7897	91.2000	0.2227
3034	1545.9458	73.1567	9.9594	100.8831	91.5176	0.2741
3035	1551.7165	74.2721	9.9262	101.1395	91.2258	0.1122
3036	1555.5500	74.6666	9.8371	100.8516	91.0924	0.0083
3037	1552.0743	74.7164	9.9097	100.6280	90.7259	-0.1068
3038	1541.8478	74.9369	9.9040	100.2634	90.5095	-0.2658
3039	1548.3408	75.1785	9.9549	99.5765	90.5680	-0.1759
3040	1525.0281	74.8708	9.9971	99.3664	90.2088	-0.0898
3041	1526.0944	74.7291	10.0126	99.7475	89.4163	0.0575
3042	1530.3309	74.5680	9.9985	99.7663	89.6389	0.2190
3043	1533.1069	74.2553	10.0024	100.2241	90.0281	0.2671
3044	1525.1069	73.7354	9.9806	99.6666	90.3416	0.1898
3045	1518.2145	74.0109	9.9771	99.4597	89.6634	0.1144
3046	1515.8311	73.8082	10.0008	99.5584	89.7442	-0.0206
3047	1503.5830	73.7218	9.9966	99.4058	89.5085	-0.1317
3048	1512.5234	73.0958	9.9827	99.9039	89.0911	-0.2204
3049	1509.3688	72.8559	9.8690	100.0281	88.8199	-0.2145
3050	1513.7692	72.2847	9.8053	99.8156	89.4053	-0.0970
3051	1506.7021	72.6324	9.7324	99.4910	89.6768	-0.0137
3052	1511.3202	73.1183	9.7073	99.1468	89.5546	0.1096
3053	1519.3724	72.8874	9.7658	98.7352	89.1641	0.2500
3054	1523.9190	73.2481	9.7801	99.0200	89.2864	0.1295
3055	1525.5350	73.5119	9.8090	99.1139	88.9651	0.0804
3056	1532.3031	73.1854	9.8194	99.1231	89.4031	0.0015
3057	1525.0006	73.2084	9.8295	98.9699	89.6410	-0.1616
3058	1524.7263	73.5662	9.7900	98.8625	89.2525	-0.1379
3059	1526.4285	73.7946	9.6951	98.8965	89.6490	-0.1339
3060	1532.0570	72.7389	9.6949	98.4301	89.5031	-0.1430
3061	1533.1528	72.9995	9.7659	97.9582	89.1325	-0.0218
3062	1534.7017	73.1436	9.8571	97.5251	88.5579	0.1149
3063	1530.6478	73.4061	9.7801	97.7641	88.7847	0.2568
3064	1534.8545	72.9321	9.8677	97.8800	89.2605	0.2210
3065	1525.2639	73.8207	9.7963	97.6606	89.0854	0.1456
3066	1532.8739	74.1725	9.8741	97.7617	89.5133	-0.0352
3067	1533.3583	73.5606	9.8304	97.3535	89.0277	-0.1001
3068	1536.9546	73.5912	9.8235	97.4775	88.6453	-0.1217
3069	1531.0485	73.7620	9.8602	97.9641	87.9111	-0.1415
3070	1525.3737	74.4777	9.8713	97.5217	88.3496	-0.0833
3071	1538.3433	73.8422	9.7945	97.4274	88.1534	-0.0032
3072	1549.4147	74.3303	9.7398	97.3317	88.6031	0.1263
3073	1547.4061	74.0375	9.8261	97.4810	87.8953	0.2960
3074	1544.4756	74.0629	9.7754	97.8814	87.4136	0.2341
3075	1535.3449	74.1371	9.8498	98.2070	87.8519	0.1504
3076	1545.4883	73.6110	9.8553	97.7508	88.2501	0.0366
3077	1542.4970	73.7947	9.9043	97.5656	88.2086	-0.2316
3078	1541.9469	73.8326	9.9143	97.9591	88.1767	-0.2952
3079	1544.9877	74.0942	9.8792	98.1489	87.8117	-0.3531
3080	1564.7647	73.9956	9.8860	98.5772	88.3421	-0.2404
3081	1556.9440	74.6200	9.8631	99.0493	88.2250	-0.0812
3082	1547.4059	74.8048	9.9161	98.5933	88.2070	0.1560
3083	1526.7582	74.7988	9.8701	98.8486	88.3129	0.2888
3084	1532.0611	74.8321	9.9413	98.9550	88.3483	0.2703
3085	1530.0469	74.2815	9.9161	98.8582	88.7497	0.1230
3086	1540.8206	73.9189	9.9337	98.4490	88.6208	0.0200
3087	1535.1941	73.6559	9.9491	98.2282	88.9868	-0.0972
3088	1542.5775	74.2070	9.8695	98.2177	88.9161	-0.1475
3089	1527.3257	74.6171	9.9295	98.3704	88.5902	-0.1021
3090	1517.5574	74.0943	9.9194	98.2389	88.4661	-0.0725
3091	1522.9150	74.2487	9.8654	98.3839	88.3841	-0.0006
3092	1524.0978	74.3891	9.8696	98.8665	88.6085	0.1299
3093	1532.4512	74.1649	9.8572	99.1851	88.2426	0.2350
3094	1529.3900	75.0551	9.8281	99.1327	88.5319	0.2056
3095	1525.9452	74.0805	9.9090	98.4375	88.5544	0.1020
3096	1525.0354	74.2731	9.9695	98.6477	88.5285	-0.0562
3097	1515.2246	74.1206	9.9759	98.6400	88.3720	-0.1345
3098	1502.4158	73.6370	9.9395	98.8159	88.6323	-0.2289
3099	1503.0535	73.7917	9.9142	99.1803	88.9077	-0.2786
3100	1490.1952	73.9519	9.9209	99.5174	88.9675	-0.1687
3101	1491.3139	73.5768	9.8964	99.3490	88.8935	-0.0114
3102	1484.5828	73.2124	9.8329	99.6039	89.4570	0.1361
3103	1482.7259	73.2388	9.8518	98.8580	89.5397	0.2034
3104	1480.2916	72.9735	9.8358	98.3393	89.2625	0.2634
3105	1467.9635	72.3067	9.8684	98.2843	89.0713	0.1499
3106	1479.0366	71.5835	9.8236	98.2855	89.1736	-0.0763
3107	1473.0799	71.4724	9.7076	98.3942	88.6150	-0.2392
3108	1475.4633	71.3646	9.7200	97.8433	88.1144	-0.3344
3109	1482.2342	71.1787	9.6870	97.7671	88.2063	-0.4304
3110	1494.5205	70.6149	9.6659	97.6373	87.6365	-0.2493
3111	1505.7972	70.8568	9.6262	97.0858	88.1596	-0.1049
3112	1489.5380	71.1304	9.5419	97.1061	88.2187	0.0462
3113	1485.4346	70.9958	9.5378	96.6776	88.1795	0.1297
3114	1482.3356	70.6473	9.6309	97.1087	88.9096	0.2623
3115	1492.1494	70.8987	9.6153	97.1769	88.5157	0.2088
3116	1491.1201	70.7370	9.5820	97.2108	88.0637	-0.0377
3117	1485.9940	71.0763	9.5631	96.3447	88.4243	-0.1474
3118	1485.4871	71.4205	9.5888	96.0491	88.1362	-0.2822
3119	1488.3459	71.7225	9.5632	96.3562	87.7038	-0.2832
3120	1479.3115	71.8983	9.5988	96.3976	87.3140	-0.1619
3121	1470.8776	71.4169	9.5361	95.9658	87.4176	-0.0099
3122	1467.2497	70.8810	9.5055	95.8410	86.7628	0.0149
3123	1469.5676	70.5496	9.5193	95.4344	86.6717	0.1801
3124	1471.7782	70.6482	9.4635	95.1406	86.8212	0.2456
3125	1468.2908	70.7594	9.4383	95.3466	86.6547	0.2176
3126	1480.1020	70.8751	9.4610	94.5023	86.1377	-0.0185
3127	1476.3811	71.0299	9.4935	93.9328	86.2812	-0.0798
3128	1463.0702	70.7012	9.5054	94.4272	85.8022	-0.1692
3129	1459.2394	70.1458	9.4824	94.5186	86.1640	-0.3376
3130	1469.3914	70.9840	9.4365	94.4309	86.0733	-0.1743
3131	1459.4991	71.4010	9.3814	93.9696	85.9759	-0.0009
3132	1460.5174	71.0185	9.4184	94.0025	85.5674	0.1070
3133	1471.7409	70.8334	9.4305	93.9378	85.0950	0.1335
3134	1465.3241	70.1372	9.4439	94.3069	85.2815	0.1479
3135	1461.7636	70.2709	9.4363	94.4730	85.4898	0.0929
3136	1458.6445	69.8375	9.4456	94.8518	84.7491	0.0033
3137	1469.2070	69.2122	9.4080	94.7527	85.0350	-0.1001
3138	1465.5024	70.0350	9.3518	95.1289	85.3779	-0.1913
3139	1471.2971	70.4985	9.4335	94.9120	85.4032	-0.1668
3140	1483.0872	70.8107	9.4722	94.9286	85.0786	-0.1527
3141	1502.3311	70.4587	9.4779	94.6481	85.3197	-0.0119
3142	1501.1707	71.3265	9.4357	94.8282	84.8850	0.1859
3143	1494.8355	71.0603	9.4547	94.7548	85.5685	0.2002
3144	1490.2438	71.0179	9.4657	94.8181	85.5497	0.2729
3145	1483.0434	71.2279	9.4709	94.6944	85.7353	0.2574
3146	1498.9451	71.1747	9.4478	94.6931	85.8911	0.0985
3147	1507.3340	70.9909	9.3756	94.6638	85.9313	-0.1072
3148	1505.8852	71.9853	9.4496	94.0762	86.1259	-0.0568
3149	1491.5604	72.6739	9.5483	94.6821	85.9188	-0.0549
3150	1498.7458	72.5462	9.5502	94.8214	85.9791	0.0629
3151	1515.0707	72.6532	9.5745	94.5754	86.3035	0.1779
3152	1529.7564	72.2766	9.5214	94.9653	86.0814	0.2822
3153	1549.0818	72.4052	9.5509	95.6069	85.5377	0.3998
3154	1550.1842	73.2267	9.5613	95.6587	85.5018	0.3199
3155	1559.3216	73.5158	9.6234	96.0689	85.0811	0.1701
3156	1575.8694	73.7948	9.6549	95.6039	85.3848	-0.0640
3157	1589.7019	74.4732	9.6890	94.9706	85.8814	-0.1133
3158	1610.6042	74.9985	9.7353	95.7430	86.1260	-0.2952
3159	1619.3145	76.0493	9.7239	95.6499	86.0011	-0.2139
3160	1619.4960	75.8920	9.8847	96.1735	86.2020	0.0082
3161	1640.6205	76.7220	9.9619	96.6084	86.5940	0.0262
3162	1650.5437	77.0864	10.0598	97.0649	86.5232	0.1351
3163	1653.7502	76.8118	10.1690	97.5602	86.9648	0.2868
3164	1649.5808	77.6622	10.1158	98.4932	87.0592	0.3008
3165	1657.3901	78.3376	10.2294	99.2197	86.9241	0.2827
3166	1660.0158	79.0088	10.2707	99.3561	87.8879	0.1848
3167	1679.8204	79.2220	10.3082	99.7861	88.6190	-0.0603
3168	1683.6872	79.4183	10.4064	100.3958	89.0042	-0.1169
3169	1686.8792	79.2856	10.4631	100.8501	88.9283	-0.1994
3170	1687.3412	79.3864	10.5849	101.8540	88.8307	-0.1636
3171	1696.3831	79.0283	10.5062	102.7252	89.3785	0.0504
3172	1705.1375	79.4956	10.5527	103.0073	89.6576	0.1963
3173	1708.0376	80.1476	10.6391	103.3371	90.6477	0.3517
3174	1722.4177	81.0615	10.6236	103.5104	91.4216	0.3694
3175	1715.8324	82.0803	10.7029	103.2452	91.7893	0.2667
3176	1716.2146	82.6096	10.8796	103.6458	92.9593	0.0273
3177	1731.4362	83.0555	10.9319	104.2225	92.7125	-0.0330
3178	1740.1746	82.6821	11.0534	104.5631	92.7882	-0.1784
3179	1750.5303	82.3111	11.0349	105.7049	92.8278	-0.0974
3180	1757.5117	82.6199	11.1001	106.5204	93.5792	-0.0475
3181	1766.1039	82.9103	11.0831	107.4994	93.7064	0.1845
3182	1776.6173	83.9922	11.0731	107.5315	93.7897	0.2881
3183	1768.0814	84.4615	11.0885	108.0586	94.1116	0.4722
3184	1774.0458	84.7982	11.1522	108.5674	94.6489	0.3999
3185	1773.1796	84.4154	11.2331	109.4240	94.8099	0.2905
3186	1767.7720	83.7852	11.2791	109.9011	95.1941	0.1146
3187	1780.7744	83.7228	11.1946	110.0282	96.4424	-0.0075
3188	1786.8637	84.1717	11.0103	109.9414	96.6338	-0.0264
3189	1805.2479	84.9323	11.0726	109.8526	97.2141	-0.0152
3190	1811.5552	84.8417	11.1265	109.8337	97.6140	0.1310
3191	1806.6276	85.2845	11.1694	110.0587	98.3613	0.3164
3192	1797.5187	85.5760	11.2094	110.1229	97.9348	0.3872
3193	1801.9342	85.8268	11.2668	110.6520	98.1558	0.4650
3194	1818.6987	85.4679	11.1814	110.6779	98.6769	0.4447
3195	1809.6510	85.8298	11.2322	110.8225	99.1462	0.3752
3196	1806.0759	86.7929	11.3423	110.7750	99.1495	0.2025
3197	1800.5733	86.8150	11.3607	111.3044	99.0967	0.0447
3198	1795.6629	86.8724	11.4023	111.6305	98.4989	-0.0072
3199	1798.6147	87.0112	11.5854	112.3055	98.9497	0.0524
3200	1805.0571	86.7758	11.6275	112.7550	99.5786	0.1331
3201	1812.8282	86.7083	11.6239	113.5305	100.0165	0.3009
3202	1814.3429	86.6786	11.5664	114.3364	100.5984	0.3737
3203	1801.0550	86.2156	11.6329	115.1990	101.2709	0.4347
3204	1798.3216	86.1792	11.5387	115.7041	101.5246	0.3942
3205	1791.3525	86.1377	11.4582	115.4060	102.0276	0.3952
3206	1790.2572	86.3038	11.4003	115.0240	102.2254	0.1299
3207	1789.3905	85.9197	11.3711	114.6328	102.1831	0.0398
3208	1788.0276	86.2058	11.3860	114.8034	102.3982	-0.0102
3209	1773.9276	85.2293	11.5145	114.7478	102.5802	-0.0144
3210	1767.5290	85.1025	11.4778	114.8256	102.7045	0.0504
3211	1766.8855	85.1495	11.4141	115.1774	102.9742	0.1973
3212	1775.9943	85.1351	11.3291	114.8819	104.0350	0.3034
3213	1777.6194	85.3289	11.2692	114.8769	104.4041	0.3196
3214	1788.3591	85.6476	11.2362	114.0429	103.6972	0.3338
3215	1788.8690	86.0582	11.2784	113.7802	102.9377	0.3638
3216	1779.7270	86.2977	11.2717	114.4781	102.8363	0.2717
3217	1775.4435	85.5470	11.2948	114.0723	102.7127	0.0285
3218	1768.8595	85.3063	11.2918	113.9132	102.4711	-0.0301
3219	1769.9085	85.0066	11.3069	113.4941	102.6167	-0.1142
3220	1784.6767	84.9772	11.3453	112.9982	102.4934	-0.0087
3221	1787.4374	85.1945	11.3579	113.1040	102.9073	0.1621
3222	1792.5406	84.9679	11.4311	112.8028	102.7229	0.2791
3223	1787.0995	85.4948	11.3719	113.2308	102.7300	0.3195
3224	1787.5039	85.4235	11.3923	113.4616	102.2465	0.4269
3225	1792.9309	85.4031	11.5003	113.5212	102.4323	0.3224
3226	1800.8658	85.3608	11.4401	113.8396	102.5963	0.1298
3227	1804.5066	85.3607	11.4167	113.3771	102.8165	0.0610
3228	1801.6886	85.4191	11.3015	113.0612	101.9829	-0.0740
3229	1805.8839	86.3137	11.2697	113.2255	101.9424	-0.0618
3230	1805.7176	86.9061	11.2041	112.4878	102.2807	0.1497
3231	1804.7314	86.8825	11.3579	112.3454	101.7843	0.2015
3232	1799.4924	86.5508	11.5059	112.2906	101.8585	0.2955
3233	1807.0811	86.8987	11.4524	112.7580	101.2357	0.3916
3234	1809.5003	86.3858	11.4317	113.4138	100.8799	0.4626
3235	1814.1821	86.1689	11.4141	113.7805	101.2542	0.3754
3236	1817.0763	86.1742	11.4879	113.8808	101.4788	0.2977
3237	1812.8163	86.1161	11.5476	114.2920	101.8847	0.1184
3238	1808.7118	86.1862	11.5044	114.9696	102.3044	0.0175
3239	1806.5690	86.5001	11.4070	115.1156	102.3817	-0.0164
3240	1809.2531	86.7332	11.5103	114.8780	102.2976	0.1061
3241	1805.5413	86.8567	11.6051	114.7184	102.5701	0.2953
3242	1817.7568	86.4447	11.5877	114.5827	102.8148	0.3117
3243	1816.7798	87.0199	11.5277	114.6177	102.8408	0.4709
3244	1811.8829	87.4236	11.6311	114.8526	102.9832	0.5391
3245	1822.2703	87.7308	11.6019	115.2556	103.0397	0.3880
3246	1827.0435	87.7285	11.6514	114.8698	103.2948	0.2414
3247	1824.8309	87.9091	11.6043	115.0718	103.3371	0.1064
3248	1818.4532	87.5440	11.7717	115.3052	103.0268	0.0939
3249	1812.7841	87.5642	11.8057	115.3807	102.8837	0.0424
3250	1813.6832	87.6381	11.7759	115.2818	102.8439	0.0643
3251	1817.8856	87.5736	11.7861	115.9164	102.7288	0.2439
3252	1828.5344	86.9273	11.7221	116.8375	103.3562	0.3455
3253	1816.0762	86.3461	11.7546	117.3846	103.6839	0.4576
3254	1817.2189	86.6408	11.7274	117.0324	103.6844	0.5237
3255	1818.7532	87.0479	11.6460	116.8177	103.4979	0.3148
3256	1811.9254	87.3902	11.5863	116.3415	103.7459	0.1886
3257	1800.6603	87.0670	11.6814	116.0756	103.9730	0.0448
3258	1793.3689	86.9892	11.6279	116.2619	104.0099	-0.0787
3259	1791.0927	86.6903	11.6776	115.9463	104.3848	-0.0890
3260	1783.8667	86.4368	11.6552	116.3782	104.3906	0.0832
3261	1781.0515	86.7503	11.6492	116.5919	104.7532	0.1455
3262	1787.7998	86.5742	11.5440	116.4683	105.2868	0.3287
3263	1792.4591	85.7780	11.6124	116.6035	105.4326	0.5317
3264	1804.9805	85.8766	11.5894	116.3031	105.3877	0.5573
3265	1805.8340	86.7515	11.5729	116.4403	105.5561	0.3823
3266	1797.8082	86.9718	11.4831	115.6525	105.4453	0.2527
3267	1798.0479	86.6251	11.5074	115.6153	105.5251	0.0405
3268	1785.7124	86.5811	11.4786	115.2662	105.1223	0.0131
3269	1798.5352	85.9750	11.4580	115.2938	104.8992	-0.0319
3270	1799.6085	85.5170	11.4600	115.2301	104.1557	0.0411
3271	1798.1240	85.7140	11.4747	115.0937	104.1348	0.2057
3272	1808.3871	85.7422	11.5411	115.3319	104.4486	0.4011
3273	1802.8356	86.8613	11.6257	114.8463	104.2508	0.4543
3274	1802.7426	86.6469	11.6079	114.8891	103.9876	0.4759
3275	1802.7367	87.0804	11.6178	114.8241	104.2611	0.4533
3276	1796.3215	86.5108	11.6247	115.1839	104.2741	0.3078
3277	1795.0667	86.7075	11.5852	114.9862	103.8919	0.1582
3278	1799.5871	87.0098	11.6080	115.2710	104.1934	0.0406
3279	1800.7513	86.4211	11.5489	115.8643	104.2002	0.0462
3280	1788.0183	86.3428	11.4837	115.8563	104.3998	0.2270
3281	1788.5231	86.4344	11.5005	115.6297	104.5928	0.2617
3282	1791.0084	86.3385	11.5363	115.6521	104.1206	0.3971
3283	1780.2984	86.1447	11.5849	115.5532	104.4826	0.4837
3284	1785.1373	85.2022	11.5625	115.5947	104.2805	0.4079
3285	1780.9457	85.5863	11.5169	115.8638	104.0848	0.2791
3286	1774.3957	85.6819	11.4485	115.4473	104.2431	0.2079
3287	1780.9490	84.9996	11.3921	115.7712	104.4532	0.0940
3288	1783.9892	85.5921	11.4262	115.8461	104.9657	0.0420
3289	1772.2633	85.7650	11.4258	115.5761	105.2436	-0.0108
3290	1768.2477	85.0504	11.4108	114.6907	104.9835	0.0758
3291	1783.1802	85.1925	11.3222	114.4647	104.3274	0.1781
3292	1784.1916	85.5170	11.3237	114.4445	103.4673	0.3102
3293	1788.5482	85.1544	11.3761	114.3917	103.3729	0.4310
3294	1796.4856	85.2975	11.3434	114.1792	103.3108	0.4853
3295	1793.8179	85.4601	11.3236	113.8567	103.1072	0.3853
3296	1794.2735	85.3635	11.3267	113.1835	102.9000	0.1907
3297	1788.1133	85.4319	11.4338	112.9713	102.8805	0.0776
3298	1791.1875	86.0572	11.3185	113.0194	102.2337	-0.0695
3299	1796.4129	86.2052	11.3316	112.7906	101.8056	-0.0701
3300	1770.6142	85.7913	11.3537	112.4907	101.0964	0.0780
3301	1744.8096	85.2086	11.3953	112.5991	101.5659	0.2824
3302	1704.7936	84.6469	11.3954	113.1165	101.6591	0.4057
3303	1674.1224	84.1146	11.4158	113.2478	101.6760	0.4024
3304	1642.2247	83.0901	11.3349	113.7575	101.6501	0.3788
3305	1619.7564	81.7270	11.2046	114.3815	102.5767	0.1121
3306	1611.8802	80.6997	11.1077	113.9220	102.7311	-0.0320
3307	1590.6631	80.0235	11.0011	113.6765	103.6532	-0.1401
3308	1574.6922	79.0134	10.9542	113.5842	103.3694	-0.1816
3309	1548.5202	77.5009	10.6951	112.5622	102.9134	-0.1771
3310	1530.1194	77.2481	10.5671	111.9674	102.3592	-0.1178
3311	1507.3651	76.9527	10.5214	111.2002	102.0676	-0.0137
3312	1489.8809	76.0403	10.5244	110.0233	101.6026	0.0566
3313	1459.6162	75.2605	10.4491	109.5621	101.0855	0.1455
3314	1448.5585	73.6341	10.2232	108.8781	100.5139	0.1737
3315	1433.3133	72.5427	10.1346	107.4602	100.3430	0.1636
3316	1427.4780	71.5149	10.0188	106.4915	100.0654	-0.0112
3317	1434.8635	70.7218	9.9192	105.2126	99.4672	-0.1753
3318	1422.0155	69.3786	9.7402	104.0220	98.3839	-0.2540
3319	1409.0390	69.2582	9.6774	103.2259	97.5333	-0.3053
3320	1399.0115	68.8800	9.5435	102.6756	96.4912	-0.1422
3321	1402.3707	68.6013	9.4092	101.5499	95.6524	-0.0336
3322	1400.4725	68.6190	9.3195	100.1762	95.1644	0.0552
3323	1378.3199	68.3709	9.2178	98.4212	93.7277	0.2234
3324	1369.8472	68.2186	9.2510	97.3444	92.4530	0.3136
3325	1360.5973	67.8462	9.2827	96.3391	91.5256	0.1763
3326	1353.0341	67.1500	9.2280	96.3230	90.3803	0.0654
3327	1346.0275	66.5886	9.1544	95.7051	89.2862	-0.1106
3328	1339.3359	66.0198	9.1347	94.9720	88.7023	-0.0942
3329	1328.5269	66.0011	9.0671	94.5676	87.9222	-0.1761
3330	1319.1456	65.1528	8.9327	93.8803	87.1629	-0.0783
3331	1306.7735	64.1722	8.7664	92.8927	87.1235	0.0447
3332	1301.0596	63.8293	8.6728	92.1363	86.4947	0.1985
3333	1279.6189	63.8882	8.5961	91.3136	85.9577	0.3038
3334	1262.7730	63.7302	8.5634	90.3269	84.9581	0.3276
3335	1252.0028	62.1756	8.4791	89.6696	84.4151	0.2393
3336	1252.2244	61.2352	8.4358	88.7837	84.0546	0.1647
3337	1253.2869	60.9972	8.3268	88.3334	83.1829	0.0747
3338	1253.4905	60.8999	8.2556	87.7524	82.9106	-0.0993
3339	1246.3149	60.6991	8.2219	86.4771	81.9730	-0.1178
3340	1241.9004	61.0238	8.1299	85.8171	80.7112	-0.0049
3341	1228.4192	59.9552	8.1580	85.4861	79.8206	0.1801
3342	1218.4661	59.8365	8.1248	85.3891	79.1059	0.2775
3343	1220.6226	59.6046	8.0427	84.4592	78.0120	0.4190
3344	1200.3180	59.9082	7.9245	83.7266	77.5146	0.3544
3345	1197.1328	59.6538	7.9181	83.1428	77.0842	0.2564
3346	1182.0352	58.9262	7.9565	82.7979	76.5626	0.1275
3347	1196.9118	58.5924	7.9285	82.2472	76.2180	0.0537
3348	1191.4592	58.4448	7.9407	81.9599	75.7629	0.0554
3349	1198.6389	58.0821	7.9136	81.3696	74.9177	0.0371
3350	1193.5344	58.6787	7.8923	80.9942	74.5966	0.0866
3351	1217.4034	58.1677	7.7696	80.5769	74.6471	0.2394
3352	1210.8652	58.6323	7.7352	80.7892	74.6633	0.3254
3353	1203.5916	59.4377	7.8466	80.4867	73.9575	0.4175
3354	1204.1067	59.6091	7.9129	80.4981	73.4367	0.3788
3355	1206.0705	59.9367	7.8568	80.5667	72.3899	0.2680
3356	1207.8721	59.8102	7.8551	80.1166	72.1453	0.1823
3357	1206.2908	59.5654	7.9841	80.2484	71.9544	0.0678
3358	1206.5653	59.1856	7.9312	80.2386	71.9443	-0.0759
3359	1181.9621	59.3116	7.9707	80.5531	71.9768	-0.0109
3360	1171.6398	58.7693	7.9531	80.1218	72.0128	-0.0178
3361	1179.1647	57.5767	7.8872	79.8435	71.7694	0.2320
3362	1192.5555	56.2923	7.8642	79.7597	71.6902	0.3173
3363	1181.0367	56.3962	7.7893	79.2994	71.7856	0.4612
3364	1184.1528	56.0271	7.7350	79.4949	71.5534	0.4703
3365	1178.7847	56.3329	7.7809	79.4759	71.6469	0.3116
3366	1176.2774	56.4002	7.7260	79.8710	71.6156	0.2315
3367	1175.3097	56.4858	7.5800	79.2665	71.4316	0.0356
3368	1178.1851	56.3575	7.5143	78.8795	71.2343	0.0382
3369	1188.8452	56.3953	7.5592	78.6415	70.8486	0.1012
3370	1181.9235	56.0887	7.5376	77.8216	70.9977	0.1213
3371	1176.8556	56.0006	7.4600	77.1087	70.2376	0.1443
3372	1180.0119	56.1219	7.4381	77.1870	70.3329	0.3239
3373	1188.3071	56.3231	7.4646	76.5326	69.7787	0.4668
3374	1188.1542	56.7572	7.5227	76.4775	69.4895	0.4942
3375	1187.2236	57.2523	7.4782	75.8176	68.8568	0.3799
3376	1200.9551	56.9740	7.5396	75.5925	68.8220	0.2834
3377	1225.1503	57.1577	7.6630	75.5669	68.6219	0.0649
3378	1220.4190	57.4556	7.6347	75.5341	68.6559	-0.1196
3379	1209.0509	58.4184	7.6288	75.5681	68.6316	-0.0331
3380	1210.8461	57.9926	7.6978	75.7308	68.3139	0.0835
3381	1218.4942	58.1431	7.6868	76.0078	68.4460	0.1868
3382	1227.8438	57.6209	7.7315	76.5296	68.8873	0.3074
3383	1226.5709	58.2098	7.6324	76.8085	69.1233	0.4539
3384	1229.0743	58.0059	7.6446	77.2456	69.3941	0.4760
3385	1237.1633	57.1536	7.6473	77.3044	69.6297	0.2549
3386	1240.0302	58.7309	7.6244	77.1778	69.7334	0.1367
3387	1242.4331	58.3767	7.6704	76.9838	69.5491	0.0136
3388	1253.3482	58.7839	7.6754	77.0705	69.9212	-0.1349
3389	1237.2057	59.1188	7.7441	76.6743	69.7032	-0.1015
3390	1234.6906	58.8417	7.6480	77.2027	69.3674	0.0550
3391	1232.5927	59.2877	7.7492	76.7819	69.7522	0.1981
3392	1231.9373	59.0992	7.7990	76.8888	69.8677	0.2721
3393	1238.2698	58.6055	7.8491	77.1765	69.9426	0.3928
3394	1243.6531	58.9404	7.8358	77.1241	69.8600	0.3467
3395	1255.3945	58.7847	7.8538	77.1369	69.4765	0.3532
3396	1258.8366	58.8461	7.9457	77.3521	69.0972	0.2205
3397	1267.8905	58.9324	7.9147	77.2673	69.1607	0.0017
3398	1262.2393	59.3829	7.8665	77.4051	69.6724	-0.0563
3399	1260.6424	60.2358	7.8655	77.3098	69.7625	-0.1037
3400	1249.9977	60.2776	7.8959	77.7669	69.4023	0.0081
3401	1249.7474	59.9747	7.9684	78.2392	69.7197	0.1377
3402	1232.4515	59.7583	8.0087	78.3500	69.5124	0.3305
3403	1232.7236	59.9716	7.9544	77.9865	69.2158	0.5405
3404	1233.3427	58.8477	7.9809	78.1933	69.3283	0.4040
3405	1222.6051	59.0559	8.0537	78.2190	69.9708	0.2754
3406	1223.0499	58.7094	8.0187	78.4189	69.9266	0.2305
3407	1220.6795	58.8179	7.9881	78.9161	70.4759	0.1087
3408	1221.5543	58.9014	7.9647	78.7047	70.0822	0.0112
3409	1230.6258	57.8303	7.9468	79.0626	70.1301	0.0709
3410	1244.2786	58.2649	7.8343	78.5455	70.3242	0.1033
3411	1227.0470	58.5153	7.8255	78.4320	70.0551	0.2401
3412	1228.5165	58.4788	7.9211	78.8558	69.7836	0.3052
3413	1226.8844	57.4231	7.8968	78.9367	70.4486	0.3183
3414	1233.2251	58.0691	7.7900	78.6882	70.9260	0.3599
3415	1236.6896	58.6717	7.7729	78.9225	71.1855	0.2797
3416	1245.6745	58.7609	7.8819	78.3809	71.0330	0.2256
3417	1226.0408	59.8462	7.7916	78.5251	71.0673	0.0686
3418	1224.1046	59.7856	7.8772	78.7457	70.7967	-0.0532
3419	1226.3124	59.6344	7.9171	78.1536	70.7226	-0.0910
3420	1224.4944	59.7248	7.8990	77.8797	70.7185	-0.0123
3421	1222.5384	59.2095	7.9194	77.8127	70.5721	0.2205
3422	1219.4985	59.1882	7.8497	77.7047	70.9630	0.3116
3423	1217.3807	59.1981	7.8723	77.5278	70.9213	0.3973
3424	1219.5979	59.1560	7.8281	77.6579	70.8972	0.4339
3425	1227.3455	58.0043	7.8773	77.6435	70.3871	0.2951
3426	1224.7109	58.2635	7.8539	77.8665	70.1945	0.2347
3427	1232.8869	59.0148	7.8153	78.2290	69.9845	-0.0353
3428	1230.5299	58.5810	7.8440	78.4781	70.2513	-0.1783
3429	1230.1864	58.6402	7.7573	78.3616	70.3372	-0.0681
3430	1240.1614	58.7201	7.8114	78.6328	70.0739	0.0355
3431	1232.1558	59.4377	7.8504	78.5079	70.0706	0.1728
3432	1244.9159	59.4584	7.7900	78.6659	70.1786	0.2852
3433	1235.1888	59.1124	7.8386	78.0410	70.5611	0.3500
3434	1238.5759	58.8981	7.8617	78.1837	70.2354	0.3001
3435	1234.7588	59.0048	7.8067	77.7576	70.6796	0.2743
3436	1223.6974	58.8230	7.7487	77.6992	70.4234	0.0976
3437	1205.7068	59.1236	7.7917	77.7630	70.5118	-0.0610
3438	1219.5022	58.2321	7.8446	78.1420	69.9614	-0.0704
3439	1233.4186	57.9959	7.8008	77.7844	70.1222	-0.0608
3440	1237.0229	58.3776	7.8418	78.1801	69.6477	0.1209
3441	1236.9720	58.5000	7.7588	78.5629	69.9406	0.2697
3442	1237.0231	59.8835	7.7740	77.9581	69.6772	0.4232
3443	1227.7032	60.0339	7.8175	78.1855	69.2476	0.4074
3444	1224.5411	60.3897	7.9623	78.1952	69.4552	0.3832
3445	1229.9727	59.1845	8.0467	78.1805	69.5714	0.3433
3446	1243.1233	59.4198	8.0744	78.2570	69.9989	0.1845
3447	1247.3099	59.7497	8.0097	78.8511	70.0210	0.0621
3448	1250.3067	59.7551	8.0794	79.1059	69.9010	-0.0422
3449	1252.6435	59.8898	8.1282	79.5207	69.6396	-0.1498
3450	1248.0332	60.0335	8.1319	79.9151	69.9791	-0.0338
3451	1240.6974	59.9290	8.1111	80.3530	70.6055	0.0915
3452	1242.4842	59.8530	8.1482	80.2587	70.8385	0.2494
3453	1219.0739	59.8223	8.0846	80.2088	71.1326	0.3860
3454	1214.8193	59.1272	8.1113	80.0711	71.5518	0.3299
3455	1221.8365	59.5085	8.0413	79.9640	71.9560	0.2572
3456	1234.6143	59.3305	8.0161	79.3936	71.8254	0.1906
3457	1215.4076	59.5014	7.9958	79.6411	71.9118	-0.0059
3458	1203.1370	59.2766	8.0090	79.2008	71.5407	-0.0577
3459	1193.9077	58.7746	8.0488	79.7398	71.5605	-0.0257
3460	1199.3303	58.1516	8.0834	80.1385	71.4863	0.1431
3461	1204.5786	58.1868	8.0411	80.0890	71.4918	0.2790
3462	1209.4017	58.0190	7.9699	80.6760	71.1968	0.4218
3463	1185.8624	58.3215	7.8478	80.2730	71.8205	0.5646
3464	1176.2014	57.3423	7.8120	80.6027	72.2643	0.4542
3465	1177.8889	56.5423	7.7157	80.0659	72.3299	0.4544
3466	1175.2673	56.5033	7.6367	80.0862	72.1662	0.3013
3467	1168.6977	56.6503	7.6850	79.4070	71.6983	0.0960
3468	1163.3130	55.8112	7.6151	78.9275	71.2144	-0.0694
3469	1174.7005	55.6062	7.6492	78.5972	71.4606	0.0075
3470	1184.2099	55.8792	7.6749	77.2296	71.6249	0.0994
3471	1181.6688	55.8213	7.6372	77.2182	71.2439	0.2032
3472	1179.1970	56.0009	7.5798	77.0112	70.5393	0.3877
3473	1175.9009	56.1362	7.6012	77.1883	69.9623	0.4151
3474	1170.5061	57.0171	7.5460	76.8361	69.7383	0.3995
3475	1159.7498	57.3801	7.6765	76.4229	69.8250	0.2877
3476	1154.6086	57.2483	7.7071	76.4458	69.6657	0.2018
3477	1154.3662	57.0848	7.7162	76.9133	69.4382	0.1873
3478	1126.1270	56.1951	7.6489	76.8846	69.1797	0.1196
3479	1121.5176	55.9982	7.5646	76.6058	69.3220	0.0613
3480	1098.1887	55.5778	7.5301	76.4989	69.4966	0.0994
3481	1113.0876	55.2992	7.5057	76.3668	68.9898	0.3125
3482	1127.7545	55.2282	7.4277	76.3451	69.1205	0.4275
3483	1119.9901	54.3866	7.3856	76.0893	68.9470	0.5538
3484	1116.7933	54.1988	7.3567	75.8388	68.9316	0.6690
3485	1102.8886	53.5255	7.3314	75.3618	68.5582	0.4861
3486	1090.5095	53.6777	7.3848	75.2184	68.5142	0.3523
3487	1070.2917	53.1322	7.2844	74.9616	67.9707	0.2493
3488	1070.0326	52.6454	7.2795	74.6528	67.9028	0.1596
3489	1058.0957	52.4692	7.2310	74.1920	68.2746	0.1920
3490	1050.6086	51.7329	7.2075	73.6809	67.6495	0.3118
3491	1053.5232	51.7224	7.0789	73.6231	67.8778	0.4678
3492	1057.1073	51.4251	6.9516	73.1138	67.4141	0.6539
3493	1055.4101	51.1055	6.8562	72.1403	67.0679	0.6608
3494	1053.6311	51.6157	6.8434	71.2189	66.3260	0.7524
3495	1057.7311	51.7159	6.7810	70.5069	66.4045	0.7316
3496	1058.8171	51.3768	6.8312	70.4249	65.4466	0.5316
3497	1062.0820	51.4518	6.6947	70.4817	65.1190	0.3640
3498	1065.5220	51.4324	6.7627	70.0157	64.9615	0.2618
3499	1067.5763	50.7969	6.7991	69.5833	64.8346	0.3050
3500	1073.3537	50.5007	6.7760	69.3184	64.4204	0.3035
3501	1072.9758	51.0997	6.7946	68.7952	63.8390	0.5011
3502	1071.1702	52.2555	6.8342	68.2480	63.0463	0.6565
3503	1090.1513	51.9892	6.9007	68.4208	62.7176	0.7265
3504	1099.2574	52.7853	6.8567	68.5688	62.2788	0.7682
3505	1105.1015	53.4391	6.9505	69.0794	62.2174	0.6234
3506	1112.0795	53.0022	6.9433	69.1869	62.3824	0.4312
3507	1119.2252	53.1522	6.9835	68.7751	62.4828	0.3011
3508	1113.2980	53.4609	6.9753	68.8074	62.2731	0.1908
3509	1111.4240	53.9885	6.9820	69.2418	62.3945	0.1680
3510	1107.1216	54.1942	6.9740	69.4076	62.5910	0.2344
3511	1106.1299	53.2169	7.0594	69.3884	62.9255	0.3217
3512	1116.4249	53.2442	6.9663	69.5552	62.8665	0.4839
3513	1118.9211	53.2324	6.9786	69.8695	63.0996	0.5653
3514	1123.1299	54.0858	6.9473	70.0931	62.8952	0.5583
3515	1115.2418	54.3688	6.9660	69.5600	62.4099	0.3962
3516	1134.7822	53.7401	7.0146	69.8311	62.2531	0.2642
3517	1130.5045	53.6440	7.1340	69.7588	62.1026	0.1173
3518	1133.4962	53.1812	7.1164	69.6491	62.3141	0.0929
3519	1135.9354	53.9093	7.0981	70.0274	62.2391	-0.0029
3520	1135.4301	53.5163	7.1694	69.9514	61.8857	0.1084
3521	1134.0371	54.1466	7.1122	70.0686	61.8122	0.1886
3522	1137.8831	53.9943	7.1616	70.5259	61.9805	0.3102
3523	1141.9485	54.1069	7.1952	70.4048	62.0209	0.5241
3524	1138.1521	54.6910	7.2295	70.4793	62.4582	0.6018
3525	1125.6189	54.8353	7.2903	70.6164	62.5648	0.4585
3526	1139.8866	54.7692	7.2756	71.0983	63.0002	0.3931
3527	1134.7763	54.6241	7.3363	70.7618	63.7503	0.1996
3528	1133.7382	54.7820	7.3505	71.2157	63.5721	0.1620
3529	1120.9455	55.0181	7.2918	71.3781	64.0342	0.1282
3530	1101.5130	54.8212	7.3124	71.7624	64.5259	0.2629
3531	1100.2423	53.9419	7.2790	72.1492	64.5623	0.3388
3532	1092.1457	53.8542	7.1909	72.2497	63.9977	0.3989
3533	1097.1554	53.5338	7.1348	72.1589	64.2146	0.5561
3534	1110.4214	53.2124	7.0808	72.5097	64.3739	0.5565
3535	1109.9132	52.4700	7.0914	72.5742	64.4015	0.5027
3536	1110.1346	53.3021	7.1116	71.8817	64.4508	0.3965
3537	1114.3914	54.5161	7.0917	71.7983	64.7174	0.2072
3538	1109.4753	54.3736	7.1768	71.9601	64.1935	0.1394
3539	1125.6718	54.0566	7.2476	71.7829	64.2108	0.1525
3540	1122.4239	54.0688	7.0989	71.8917	64.4315	0.3007
3541	1126.3386	54.4760	7.1043	71.8301	64.4291	0.4061
3542	1114.2233	54.3127	7.1686	71.9030	64.5453	0.6534
3543	1116.1420	54.7954	7.1165	71.9418	64.1743	0.7202
3544	1121.7585	54.0114	7.1009	72.1609	64.2999	0.7169
3545	1129.0853	53.4365	7.0819	72.0290	64.6118	0.5907
3546	1126.4096	53.7323	7.0633	72.1613	64.8402	0.4312
3547	1115.3441	54.1138	7.0025	71.6029	64.9608	0.2931
3548	1106.2132	53.5643	7.0246	71.8393	65.1590	0.2302
3549	1102.6042	53.4223	7.0758	71.7753	65.0825	0.1712
3550	1108.0729	52.9845	7.0957	71.6283	65.1042	0.3031
3551	1111.5737	52.6200	7.1255	71.6066	64.5401	0.4197
3552	1114.5722	53.1643	7.0296	71.3108	64.0937	0.5155
3553	1112.5701	53.1565	7.1164	71.0386	64.0693	0.5641
3554	1099.5340	52.6746	7.1424	71.2914	63.6909	0.6530
3555	1101.6024	52.2810	7.0467	71.5331	64.1142	0.5699
3556	1102.7767	53.0912	6.8922	71.5659	64.2367	0.4512
3557	1115.4470	54.1538	6.8889	70.9728	64.2009	0.2975
3558	1116.7115	54.0096	7.0405	70.8443	64.0325	0.1786
3559	1133.1327	53.8831	7.1373	70.9270	63.9653	0.1600
3560	1127.1746	53.2602	7.1711	70.8499	64.2297	0.2638
3561	1122.7721	53.1730	7.1590	70.7706	64.0010	0.4575
3562	1128.5420	52.6036	7.1456	70.6066	63.8587	0.5527
3563	1119.5590	52.5293	7.1741	71.1630	63.8800	0.6050
3564	1126.0129	52.1261	7.1840	70.7982	64.0991	0.6188
3565	1132.6913	52.2642	7.1874	71.0521	64.4485	0.5701
3566	1128.2235	52.8611	7.1730	70.9062	64.1081	0.4171
3567	1124.2796	53.6291	7.0794	71.3611	64.6006	0.1849
3568	1132.7583	53.6513	7.1374	71.2066	64.6359	0.0826
3569	1139.6172	53.7362	7.0750	70.9433	64.7769	0.0606
3570	1129.1206	54.2108	7.0406	71.2465	64.6709	0.1279
3571	1120.8536	54.1801	7.0788	71.3937	65.0805	0.3709
3572	1124.9142	53.8304	7.0786	71.0108	64.9799	0.5030
3573	1108.6967	52.9320	7.2350	71.0106	64.9018	0.6246
3574	1111.1968	53.0674	7.2291	71.3882	64.8300	0.6752
3575	1108.3876	53.3147	7.1449	71.3682	64.6588	0.4770
3576	1116.9027	53.3748	7.1953	71.4750	64.7178	0.3584
3577	1111.0338	53.0843	7.1065	71.2156	65.0123	0.3315
3578	1106.7249	52.1149	7.1078	71.0495	64.6597	0.2256
3579	1109.7166	52.3866	7.1204	71.2304	64.5883	0.1225
3580	1093.8233	52.6321	7.0337	71.0516	64.0299	0.2027
3581	1092.9145	52.5623	6.9843	70.7126	63.4210	0.4076
3582	1077.9882	52.6109	6.8356	70.3768	63.5963	0.4782
3583	1083.5962	52.3843	6.9451	70.3588	63.6942	0.5841
3584	1087.4451	51.9096	6.9653	70.1634	63.7929	0.5826
3585	1097.5302	51.8587	7.0084	70.4551	63.5168	0.4819
3586	1084.8972	51.6156	7.1085	70.6471	62.9932	0.3670
3587	1086.5650	51.6458	6.9966	70.2686	62.6972	0.2552
3588	1088.4017	51.5028	6.9149	69.9333	63.2152	0.1233
3589	1077.4981	51.7039	7.0449	70.1882	63.0821	0.1604
3590	1088.1799	51.7285	6.9713	70.1369	63.1545	0.2197
3591	1093.5368	52.4135	6.9414	70.1150	63.0345	0.3499
3592	1109.6911	51.9845	6.9287	70.2250	63.1522	0.5163
3593	1113.2705	51.2860	6.9071	70.1970	63.1718	0.5932
3594	1119.5413	51.7309	6.9519	70.0275	63.3827	0.6116
3595	1107.6047	51.3168	6.9266	69.8217	64.1645	0.4820
3596	1111.8256	52.1434	6.8833	69.9567	63.8875	0.3310
3597	1112.3062	51.8689	6.8444	69.6708	63.6091	0.2315
3598	1124.2955	52.8771	6.9054	69.3074	63.5029	0.1448
3599	1120.0753	53.4371	6.9515	69.0811	63.0502	0.1100
3600	1127.2106	53.5690	7.0190	68.3996	62.9185	0.1909
3601	1133.0815	53.2736	7.0433	69.3755	62.5282	0.3150
3602	1138.5246	53.4934	7.0977	69.7799	62.5029	0.4552
3603	1157.2432	54.1093	7.1647	69.3370	62.5504	0.6059
3604	1156.6950	54.3229	7.2123	69.9515	62.6479	0.4676
3605	1187.3496	54.9212	7.2348	70.1028	62.2741	0.4243
3606	1196.6393	54.3745	7.1981	69.8609	62.8622	0.2353
3607	1203.3511	53.9653	7.2852	69.9737	63.0061	0.1059
3608	1208.2027	54.9661	7.2764	70.2592	62.9698	0.0027
3609	1221.3046	55.2418	7.3154	70.9160	63.3010	-0.0607
3610	1214.6882	56.8116	7.4503	71.8994	63.3347	-0.0067
3611	1221.8800	57.1790	7.4385	72.4028	63.6721	0.1933
3612	1231.6857	57.7064	7.5074	72.3911	63.9479	0.3805
3613	1229.5870	57.8125	7.5965	72.9689	64.2649	0.4278
3614	1239.4176	58.3424	7.6523	73.1524	64.6108	0.3804
3615	1253.2043	58.6708	7.7250	73.8105	64.3737	0.2837
3616	1255.7014	58.8878	7.7272	73.7355	64.1673	0.1029
3617	1251.1885	58.9238	7.8663	73.9271	64.0445	-0.1135
3618	1248.9268	58.9532	7.7597	74.5916	64.3466	-0.2117
3619	1256.7781	58.9475	7.7184	74.4660	65.3311	-0.1530
3620	1267.5449	59.3642	7.6460	74.7838	65.5736	0.0074
3621	1271.2520	59.1942	7.7411	74.5159	65.7545	0.1518
3622	1281.6655	58.9233	7.7543	74.7229	66.1489	0.2392
3623	1278.7349	59.5521	7.7822	74.9497	66.5755	0.3298
3624	1266.7681	60.3300	7.7685	75.4969	66.7155	0.3170
3625	1269.8816	60.5402	7.8043	75.6438	67.2260	0.1557
3626	1270.1518	60.7092	7.8778	76.1102	66.9984	0.0613
3627	1282.4224	60.6339	7.9506	76.5344	67.6550	0.0089
3628	1270.1650	60.7285	8.0717	77.4333	67.8714	-0.0715
3629	1277.5035	60.9976	8.1879	78.8772	68.4030	-0.0921
3630	1268.0441	60.9800	8.1965	78.7797	68.7427	-0.0396
3631	1259.7088	61.2307	8.2028	78.5965	69.9810	0.1250
3632	1253.1804	61.2340	8.2192	79.3390	70.2248	0.2613
3633	1256.2568	62.0879	8.2932	79.7968	70.5916	0.3760
3634	1259.1599	61.3443	8.3245	80.4160	71.0656	0.4678
3635	1281.5762	61.0812	8.2640	80.4600	71.4348	0.3307
3636	1272.7855	61.4471	8.1561	80.2962	71.3906	0.1735
3637	1267.3535	61.4824	8.1312	80.8790	71.9252	0.0013
3638	1283.9429	61.7622	8.2116	81.0521	71.5440	-0.0654
3639	1273.8444	61.5397	8.2218	81.4713	72.1615	-0.1456
3640	1257.9259	61.1478	8.1966	82.2692	72.1835	0.0348
3641	1245.4318	60.0215	8.2596	81.7002	73.0513	0.1332
3642	1237.8176	59.1596	8.2125	81.8773	72.7082	0.2767
3643	1242.2081	58.8262	8.1616	82.0408	73.2837	0.3526
3644	1237.5490	58.6548	8.0923	81.9728	72.8759	0.4193
3645	1238.8819	59.4147	8.0102	81.3681	73.0950	0.4474
3646	1240.4549	59.9256	7.9888	81.0356	73.0060	0.1813
3647	1230.8222	59.9883	7.9498	80.5907	72.8464	0.0057
3648	1223.3447	59.8880	7.9432	80.1636	72.6199	-0.0030
3649	1232.1002	59.5954	7.9219	80.2214	72.3093	-0.0458
3650	1231.8419	59.1494	7.9220	80.2137	72.1624	0.0326
3651	1219.6923	59.0406	7.8340	80.1589	72.0632	0.2190
3652	1228.8156	59.6100	7.8029	79.4977	72.0936	0.3496
3653	1234.0036	59.0296	7.8041	78.8537	71.9766	0.3599
3654	1228.3242	58.4668	7.8195	78.4819	71.3654	0.4732
3655	1225.0295	59.2604	7.7590	78.0143	71.7804	0.4201
3656	1229.6767	58.8718	7.7429	77.6212	70.9216	0.1833
3657	1237.5326	59.0402	7.7845	77.6337	70.6053	0.0069
3658	1233.3177	59.2685	7.7887	77.8025	70.3342	-0.0051
3659	1237.6129	59.1680	7.9117	78.1371	70.4576	-0.0260
3660	1246.2160	58.0446	7.9433	77.9096	70.3779	0.0785
3661	1245.6654	58.6586	7.9934	78.0265	70.4202	0.2019
3662	1243.9750	58.7201	7.9460	78.1428	70.2229	0.2620
3663	1256.0282	58.4338	7.9490	78.1811	70.5085	0.3181
3664	1257.1190	58.3252	7.9162	78.4836	70.4118	0.3944
3665	1252.1688	58.4351	7.8806	78.4675	70.8228	0.2824
3666	1257.4230	59.2094	7.9180	78.2712	70.6788	0.1294
3667	1264.5814	60.1099	7.9172	78.3908	70.5849	0.0325
3668	1278.6843	60.1067	7.9071	79.1389	70.4247	-0.0284
3669	1278.7393	60.3543	7.9198	79.4904	70.1112	-0.0632
3670	1273.5186	60.5772	7.9230	79.4993	70.7112	-0.0104
3671	1284.4574	60.3472	7.9753	79.5976	70.5213	0.1393
3672	1285.2791	61.1069	8.0785	79.7996	70.8787	0.1749
3673	1293.6591	61.6285	8.1742	79.5723	71.1242	0.3350
3674	1298.4804	61.9453	8.2286	80.0564	71.4520	0.3066
3675	1294.3527	61.1209	8.1779	80.5453	71.9330	0.1978
3676	1289.2462	60.9201	8.1853	80.4628	72.0058	0.0760
3677	1295.1966	60.7455	8.1946	80.9264	72.4194	-0.0760
3678	1296.1695	60.7687	8.1229	80.5077	72.5265	-0.1685
3679	1293.9414	61.2193	8.1460	80.1572	72.6007	-0.1465
3680	1300.0868	61.6449	8.2189	80.5937	72.3672	0.0011
3681	1290.3731	61.6366	8.2392	80.8507	72.7094	0.1177
3682	1299.5792	61.4907	8.2498	81.0194	72.3945	0.2207
3683	1294.7879	61.2964	8.1977	81.1546	72.2174	0.3469
3684	1288.2337	60.6875	8.2533	81.5310	72.1666	0.4423
3685	1296.5079	60.5488	8.1993	81.8791	72.1570	0.2043
3686	1297.6179	61.1086	8.1442	81.9336	72.7475	0.1013
3687	1295.0498	61.1055	8.1769	82.3290	73.1138	-0.0640
3688	1295.1560	61.1973	8.1806	82.7373	73.4495	-0.1581
3689	1295.4312	61.1280	8.2419	82.4395	73.7977	-0.1485
3690	1293.7250	61.4045	8.2315	82.3429	73.9644	-0.0785
3691	1297.4479	61.6809	8.1979	82.7753	74.2431	0.1327
3692	1291.2812	61.9955	8.1291	82.6729	74.0610	0.4096
3693	1297.3401	62.1809	8.2312	82.3080	73.8019	0.4039
3694	1300.1206	62.7774	8.1999	82.3200	73.5249	0.4698
3695	1310.0734	62.4668	8.3169	82.3917	74.4528	0.3312
3696	1313.1203	61.8059	8.2613	82.7801	74.1946	0.1713
3697	1330.4158	61.8126	8.3006	82.6196	73.9892	-0.0350
3698	1322.7589	62.3151	8.2707	82.5463	74.0249	-0.0803
3699	1328.7201	62.8714	8.2200	83.0182	74.4250	-0.0959
3700	1334.6646	62.2007	8.3321	83.3341	74.2610	-0.0161
3701	1329.2866	62.5264	8.2809	83.3712	74.0626	0.1223
3702	1312.8540	63.1200	8.2840	83.6012	74.2049	0.1805
3703	1321.1216	62.9132	8.2818	83.6782	74.3833	0.3261
3704	1323.2725	62.4470	8.2680	83.9082	74.0315	0.3084
3705	1324.3850	63.2520	8.2660	84.1265	75.0045	0.1935
3706	1317.7601	63.3499	8.3469	83.9091	75.2727	0.0039
3707	1316.8588	63.2855	8.3938	83.5696	75.1434	-0.1335
3708	1315.6290	62.8068	8.3613	83.7640	74.8935	-0.2532
3709	1312.7878	63.2528	8.3219	83.2938	74.8412	-0.1594
3710	1297.4253	62.9772	8.3119	83.2956	74.7456	-0.1454
3711	1299.3512	63.5628	8.3171	83.7401	75.0089	0.0464
3712	1304.8738	62.9184	8.3450	82.6742	74.9104	0.2438
3713	1295.9329	63.4470	8.3016	82.7650	74.9062	0.2856
3714	1304.0586	63.2627	8.3980	82.4021	74.8085	0.2891
3715	1294.7633	63.3380	8.3720	82.8208	74.5707	0.2701
3716	1292.6106	62.6685	8.4457	83.4900	74.7724	0.0901
3717	1296.7595	63.1128	8.4256	83.3486	74.6630	-0.0698
3718	1300.2756	63.3395	8.4422	83.1511	75.1167	-0.1285
3719	1308.2479	63.0127	8.3954	83.2865	75.1119	-0.0890
3720	1313.5168	63.0001	8.3030	83.5114	74.8643	-0.0540
3721	1309.9006	63.3171	8.2644	83.7155	75.3217	0.0725
3722	1307.2469	63.2370	8.3242	83.5136	75.5603	0.2790
3723	1317.6948	63.5002	8.2530	83.2588	75.4188	0.3979
3724	1316.1045	63.5229	8.2788	82.4000	75.0713	0.3176
3725	1320.2076	63.5185	8.3859	82.9287	75.4429	0.1912
3726	1326.0818	63.2327	8.3502	82.8730	75.0836	-0.0048
3727	1331.6217	63.3367	8.3523	83.4885	74.7717	-0.1019
3728	1334.1156	63.3502	8.4402	83.7484	75.2128	-0.2184
3729	1325.6087	63.5582	8.4934	83.8111	75.3864	-0.2260
3730	1317.8892	64.0650	8.5071	83.9158	76.0056	-0.2041
3731	1325.9586	63.7372	8.5564	83.8297	75.9526	-0.0514
3732	1335.2154	63.3579	8.4922	83.9992	76.3671	0.1409
3733	1333.7634	63.8695	8.4355	84.4375	76.8687	0.2417
3734	1339.1857	63.4538	8.4868	84.5415	76.5832	0.2104
3735	1333.5531	64.1227	8.5159	84.6614	76.3976	0.1322
3736	1322.0307	63.3898	8.6304	85.2861	76.3449	-0.0748
3737	1309.0713	63.3909	8.5708	85.3133	76.7851	-0.1984
3738	1318.3063	63.3736	8.5964	85.8090	76.2843	-0.3726
3739	1311.1937	63.6960	8.5535	85.8797	76.6141	-0.3094
3740	1303.6719	63.6783	8.4601	86.2555	76.1594	-0.1229
3741	1316.9153	62.9886	8.5094	86.1815	76.0145	0.0508
3742	1311.2958	63.4798	8.5501	86.1425	76.6620	0.2563
3743	1306.4196	62.9011	8.6121	85.3521	77.0209	0.4108
3744	1311.2833	62.7326	8.5529	85.9911	76.4253	0.3082
3745	1307.4749	63.5851	8.5299	85.8323	76.4473	0.2924
3746	1298.2017	63.0557	8.5389	86.1009	76.6666	0.0360
3747	1296.9601	62.9212	8.4891	86.0041	76.8742	-0.0943
3748	1300.0711	62.7883	8.4557	86.1795	76.9674	-0.1209
3749	1306.7773	61.8937	8.4909	85.3901	77.5286	-0.1144
3750	1308.0534	61.9985	8.4753	86.1349	77.4171	-0.0257
3751	1285.7431	62.4720	8.4164	85.6472	76.9194	0.1110
3752	1286.1943	62.4653	8.3658	85.2552	76.7145	0.1612
3753	1275.8950	62.9485	8.3941	85.3651	76.5911	0.2826
3754	1261.5574	62.9439	8.3816	85.5532	76.9227	0.2455
3755	1250.7928	62.5860	8.4410	85.0606	77.0016	0.1610
3756	1237.2220	62.2569	8.4240	85.0819	77.0106	0.0888
3757	1239.3108	61.9875	8.3409	84.7564	76.7175	0.0372
3758	1241.5045	61.4581	8.3184	84.2845	76.4587	-0.1672
3759	1232.6273	61.1887	8.2748	83.9300	76.5389	-0.0878
3760	1238.9317	60.5026	8.2386	83.5791	76.8378	0.0877
3761	1236.6652	59.6073	8.1845	83.2773	76.3673	0.2272
3762	1235.8646	59.4967	8.0447	82.7913	76.1326	0.3703
3763	1230.5322	59.6143	7.9803	82.4466	75.9700	0.4233
3764	1219.1783	60.0934	8.0772	81.8238	75.8423	0.4082
3765	1213.4908	60.2224	8.0868	82.0034	75.1800	0.3198
3766	1210.0379	60.2195	8.0979	82.2382	74.9577	0.1760
3767	1203.3791	59.7274	8.0360	82.2115	74.2961	0.0168
3768	1211.4107	58.0520	7.9799	81.7757	74.2582	-0.0386
3769	1192.7787	58.4774	7.9209	81.3769	73.9529	-0.1582
3770	1186.1091	57.6392	7.8322	81.4603	73.1413	-0.0246
3771	1188.8426	57.2721	7.7248	81.6118	73.3226	0.1443
3772	1183.3790	56.6073	7.7558	81.2700	73.5722	0.3288
3773	1196.1262	56.8036	7.8212	80.8993	73.4308	0.3886
3774	1196.6185	57.1500	7.7662	80.8345	72.6864	0.3731
3775	1189.2198	56.6751	7.7659	80.3986	72.7517	0.2830
3776	1191.7178	56.1980	7.8143	80.1151	72.8373	0.1208
3777	1185.3465	55.8140	7.6304	80.0413	72.6324	-0.0161
3778	1194.0454	56.5334	7.5428	79.8327	72.4023	0.0021
3779	1170.5042	56.4359	7.4843	79.3117	72.4831	-0.0010
3780	1163.4652	56.1142	7.5145	78.6128	72.7954	0.1402
3781	1157.5115	56.1962	7.4055	78.3765	72.6259	0.2258
3782	1155.8623	55.8019	7.5300	78.0592	71.8426	0.3768
3783	1164.4605	55.2696	7.4708	77.3810	71.5254	0.5301
3784	1180.1373	56.1287	7.3546	77.2838	71.2871	0.5352
3785	1166.2485	56.0931	7.4220	76.4013	70.8479	0.4632
3786	1167.4916	56.0555	7.3118	75.8113	70.9450	0.2678
3787	1165.9685	56.0647	7.4240	75.7502	70.4602	0.0805
3788	1161.3958	55.3527	7.4124	75.4369	69.6881	0.0067
3789	1159.8413	55.3094	7.3647	75.4037	69.7930	0.0342
3790	1157.9506	55.4628	7.4264	74.9107	69.3776	0.2105
3791	1150.5852	55.8712	7.4017	75.0614	69.0590	0.2241
3792	1157.2144	55.1613	7.4517	74.8967	68.3548	0.3861
3793	1152.2574	54.6593	7.4723	74.5341	68.0233	0.3907
3794	1156.0108	54.9402	7.5118	74.6314	67.7111	0.4136
3795	1154.9313	54.9022	7.5165	74.9851	67.7935	0.4069
3796	1140.9177	54.2764	7.4440	74.7913	67.4460	0.3155
3797	1125.0121	54.5089	7.3336	74.7353	67.1645	0.1907
3798	1124.1200	54.1389	7.2576	74.4428	67.6799	0.1298
3799	1108.9239	54.3979	7.2824	74.1240	67.7902	0.1041
3800	1116.4177	54.2989	7.3266	73.8871	67.6685	0.2210
3801	1123.5269	54.2510	7.2332	73.6931	67.5257	0.3910
3802	1123.9002	53.8474	7.2011	73.5433	66.9238	0.4946
3803	1112.4345	53.9325	7.1850	73.5618	66.8504	0.6564
3804	1121.1412	53.4203	7.1190	73.3682	66.3610	0.6915
3805	1120.7531	54.0086	7.0652	72.9834	66.1275	0.5455
3806	1125.0284	54.2249	7.0362	72.6937	65.7175	0.4217
3807	1120.4045	54.4503	7.0998	71.9913	65.1897	0.3100
3808	1116.4447	54.0519	7.1150	72.5509	64.9945	0.1808
3809	1102.7697	54.0991	7.1917	72.2544	64.4575	0.0789
3810	1102.5675	54.5009	7.2537	71.8311	64.4840	0.2737
3811	1107.8990	54.0777	7.2901	71.6076	64.8296	0.4038
3812	1097.1103	54.5662	7.2253	71.4440	64.7238	0.5596
3813	1091.5403	54.2760	7.3225	71.8077	64.4479	0.6827
3814	1105.8391	54.0503	7.2443	71.5630	64.0858	0.6607
3815	1097.2258	53.7531	7.2200	71.7392	64.0049	0.5566
3816	1102.6703	52.9195	7.1376	71.9578	63.8414	0.3922
3817	1099.0103	53.1515	7.1906	71.9622	63.8006	0.1166
3818	1102.1955	52.7058	7.1579	72.2313	64.0500	0.1333
3819	1113.9303	52.8807	7.1455	72.0540	63.8655	0.1348
3820	1117.2210	52.5325	7.1579	72.3573	64.4320	0.1847
3821	1123.3900	52.6149	7.0826	71.8601	64.5067	0.3378
3822	1129.1409	52.8144	7.0165	72.0719	64.4930	0.3853
3823	1138.9853	52.4689	7.0030	71.4314	64.7152	0.6100
3824	1137.2953	53.3142	6.9681	71.5980	63.8862	0.5956
3825	1127.1908	54.2324	6.9925	71.0605	64.0490	0.3840
3826	1128.2994	53.8431	6.9958	71.0544	63.6891	0.2803
3827	1125.6781	54.4020	7.1392	71.6974	64.0102	0.1406
3828	1124.0011	54.1903	7.1486	71.6180	64.0199	-0.0162
3829	1116.8396	54.1332	7.1607	71.2629	64.1598	0.0777
3830	1132.8012	54.2190	7.1588	71.8196	64.8110	0.2627
3831	1133.7555	54.4409	7.1041	72.0690	64.5000	0.4260
3832	1130.7897	54.2478	7.2430	71.9938	65.2629	0.5420
3833	1127.2932	54.6489	7.2334	71.9130	64.8561	0.6734
3834	1124.7248	54.1490	7.3535	72.2478	64.3778	0.5956
3835	1130.9652	54.2395	7.2176	72.1999	64.8750	0.4819
3836	1127.2583	53.9719	7.1655	71.9037	65.2700	0.3798
3837	1115.3592	54.6010	7.2404	71.8474	64.7255	0.2059
3838	1125.6297	54.3758	7.1947	72.2908	64.5989	0.2072
3839	1110.8464	53.8433	7.1398	72.1592	65.0308	0.1854
3840	1109.0859	54.0031	7.1754	72.1592	64.9528	0.2987
3841	1102.8219	53.3058	7.1078	72.0994	64.9011	0.4123
3842	1121.3526	52.6080	7.0849	71.5982	64.8234	0.6032
3843	1123.4547	52.7773	7.1247	71.6459	65.0078	0.5653
3844	1128.6378	53.2431	7.1555	72.0549	65.2879	0.5745
3845	1138.6525	52.8771	7.1463	71.9759	65.0750	0.3802
3846	1135.3827	52.8335	7.0509	71.5409	65.0535	0.2702
3847	1144.3044	53.8161	7.0372	71.1787	64.7772	0.1969
3848	1131.9659	54.4325	7.0265	70.4712	64.7173	0.0103
3849	1156.3640	53.7416	7.1354	70.6687	64.2726	-0.0121
3850	1159.5934	53.9969	7.1347	70.2660	64.2677	0.0404
3851	1149.0175	53.5345	7.1433	70.4337	64.1046	0.1647
3852	1142.5952	53.9190	7.2310	70.8965	64.1224	0.4120
3853	1135.4589	54.2475	7.2213	70.5401	63.8746	0.5545
3854	1144.0850	54.8800	7.1946	71.1800	63.9738	0.5782
3855	1134.1328	54.0636	7.1519	71.0854	63.8164	0.4811
3856	1136.0154	53.8194	7.1648	70.6631	64.0831	0.2728
3857	1131.2227	54.4840	7.2746	70.7195	64.2934	0.3106
3858	1135.7156	55.0303	7.3545	70.8737	63.4923	0.0887
3859	1129.8547	54.5752	7.4662	71.1036	63.3475	0.0201
3860	1134.8127	54.5429	7.3720	71.5313	63.6851	0.1171
3861	1142.0965	54.4617	7.3114	72.3646	63.5405	0.2378
3862	1129.0280	54.9359	7.3744	73.2100	63.9653	0.4616
3863	1119.5468	54.7623	7.4326	72.9285	64.5321	0.5260
3864	1117.4068	54.4377	7.4256	72.8988	64.8265	0.5898
3865	1107.8767	54.7289	7.3518	72.9676	64.9511	0.4273
3866	1118.6405	53.8222	7.2611	73.2794	65.1782	0.4899
3867	1123.3109	54.1450	7.3340	73.1598	64.5774	0.2659
3868	1125.8692	54.3560	7.3198	73.2015	64.6895	0.1911
3869	1145.1120	54.1534	7.3839	73.0682	65.0838	0.1981
3870	1148.9669	54.1257	7.3736	73.4810	65.3395	0.2666
3871	1140.5787	53.7113	7.3512	73.5237	65.8754	0.3737
3872	1126.1622	54.8117	7.3456	73.0182	66.4195	0.4528
3873	1119.0666	54.0410	7.2780	73.0465	66.6909	0.5277
3874	1117.2182	53.7999	7.1739	73.6261	67.0043	0.6064
3875	1116.6715	54.2925	7.1946	73.4709	66.6173	0.5747
3876	1114.1491	54.0495	7.2810	73.3434	66.4218	0.3003
3877	1122.1824	53.5022	7.2140	72.8447	65.9387	0.1300
3878	1125.8346	53.4996	7.1985	72.9034	65.8497	0.0182
3879	1127.6222	53.2213	7.2230	72.2932	65.4861	-0.0137
3880	1141.7458	54.1311	7.2681	72.1988	65.0450	0.1577
3881	1135.6072	53.2771	7.2730	72.2736	64.7023	0.2930
3882	1127.9618	53.9491	7.1782	72.3815	64.7690	0.5123
3883	1126.4420	53.4097	7.1358	72.3477	64.7984	0.5687
3884	1117.7562	54.2216	7.1384	72.2047	64.5716	0.4811
3885	1118.2940	53.9021	7.1122	71.8823	64.8723	0.4572
3886	1110.1031	53.2886	7.1191	72.2784	65.0781	0.3471
3887	1115.3375	52.7994	7.1203	72.0518	65.1599	0.2844
3888	1108.2473	52.5152	7.0792	72.1372	65.7436	0.1200
3889	1120.0395	52.3219	7.0471	71.4683	65.6152	0.1187
3890	1130.2580	52.8493	7.0414	71.3354	65.5997	0.1502
3891	1128.8802	53.0923	6.9758	71.1801	65.2141	0.2685
3892	1125.0556	53.4953	7.0017	71.1014	64.9644	0.3930
3893	1118.5263	52.6934	6.9292	71.0862	65.3227	0.5209
3894	1128.6125	52.5176	6.9988	70.9034	64.7690	0.5572
3895	1131.5172	51.7623	7.0001	71.0976	64.5461	0.4313
3896	1135.9527	53.0373	6.9061	70.7747	64.0949	0.4190
3897	1131.9664	53.9684	6.8546	70.4299	64.0472	0.3166
3898	1124.7711	54.2637	6.9811	70.1669	64.4101	0.1641
3899	1119.6730	53.9054	7.0674	70.5616	64.6523	0.3136
3900	1161.4843	53.4589	7.1321	70.9701	64.2192	0.3055
3901	1190.8787	54.6899	7.1817	70.8758	64.5577	0.4252
3902	1226.3692	55.0020	7.2068	71.3146	64.0385	0.5203
3903	1255.7158	56.4638	7.1953	71.6481	63.9310	0.5156
3904	1265.8664	57.3918	7.2076	72.1517	64.5402	0.4196
3905	1292.9587	58.3144	7.3532	72.1932	64.9316	0.2459
3906	1332.7786	59.6006	7.5152	72.7983	64.9107	0.1245
3907	1372.2846	60.1092	7.6458	73.4743	65.1625	0.1007
3908	1395.0086	62.0080	7.7089	74.4024	64.9515	-0.0964
3909	1415.3298	63.3710	7.9172	74.7754	65.1989	-0.0630
3910	1432.4149	64.2270	8.0501	75.0126	65.3605	-0.0548
3911	1453.2723	64.8045	8.1955	75.9594	65.4927	0.0684
3912	1480.0311	66.3319	8.3120	76.8693	66.2002	0.1624
3913	1493.3802	67.4156	8.4556	78.3879	66.9473	0.2307
3914	1504.7074	68.3668	8.5229	79.2143	67.5771	0.2624
3915	1523.5340	68.6978	8.7620	80.8000	67.9925	0.1433
3916	1549.4069	69.6472	8.9256	81.8005	68.9257	-0.0435
3917	1573.2474	70.7580	9.0362	82.9979	69.7023	-0.1223
3918	1589.9718	71.6566	9.0686	84.5933	70.7652	-0.3140
3919	1608.0724	73.0311	9.2083	85.7870	71.9806	-0.1784
3920	1622.9966	74.2279	9.4733	86.8452	72.7632	-0.1650
3921	1630.1180	75.2021	9.6260	87.7133	73.6677	-0.0335
3922	1647.4167	76.0672	9.7580	89.3530	74.9841	0.1264
3923	1662.4658	76.0395	9.9652	90.6851	76.7445	0.2594
3924	1670.6897	77.4362	9.9953	92.0699	78.1849	0.3322
3925	1691.3037	78.5519	10.1322	93.2865	79.1306	0.2336
3926	1710.1554	78.7048	10.1489	94.6037	79.0548	0.1026
3927	1724.9294	79.8214	10.2413	95.7385	80.7191	0.0044
3928	1736.3540	81.3176	10.2484	96.8929	82.0171	-0.0387
3929	1733.0426	81.7090	10.4253	97.9049	83.1530	-0.0358
3930	1746.2941	81.3817	10.5712	98.4404	84.3609	0.0393
3931	1765.9360	81.9070	10.6725	99.0648	85.3151	0.2390
3932	1784.2267	82.5912	10.7312	100.2895	85.7275	0.2954
3933	1790.1885	83.6112	10.8721	101.4046	86.6221	0.5047
3934	1796.8376	83.9080	10.9490	102.5646	87.7886	0.4767
3935	1798.2717	84.7791	11.0192	103.2341	89.3921	0.4050
3936	1820.5953	84.9064	11.1443	104.0315	89.9879	0.1908
3937	1807.7575	84.5167	11.1063	104.7439	90.9908	0.1189
3938	1826.3937	85.5019	11.1361	105.6531	91.8174	-0.0510
3939	1828.9847	85.5027	11.2406	106.7910	92.3909	0.0032
3940	1828.3063	85.5341	11.3033	108.0077	93.4324	0.0446
3941	1815.9873	86.2594	11.2563	108.8405	94.1727	0.2384
3942	1833.8519	86.5030	11.3075	109.9683	94.7040	0.3716
3943	1839.4583	86.7481	11.3522	110.7025	95.8856	0.4455
3944	1839.2034	87.4064	11.4116	110.8527	96.7434	0.4340
3945	1844.4169	88.1984	11.4775	111.2123	97.9971	0.2614
3946	1844.5356	88.8246	11.5099	111.0847	98.2359	0.0809
3947	1851.1162	89.0080	11.5596	111.9513	98.5964	0.1297
3948	1866.6986	89.1429	11.6970	112.2969	98.7337	0.0898
3949	1868.7627	88.8811	11.7251	112.8585	99.0311	0.1496
3950	1867.2962	89.0397	11.7277	113.1862	99.2244	0.1180
3951	1857.2452	89.1758	11.6699	113.6200	99.7602	0.3799
3952	1853.8995	88.6041	11.8052	113.4334	100.8204	0.4560
3953	1845.4302	88.5575	11.7599	114.1988	100.9657	0.6092
3954	1855.0785	88.5508	11.8027	114.5526	101.0905	0.4341
3955	1872.9603	89.0279	11.8446	115.1440	101.8698	0.4398
3956	1862.9484	88.7515	11.8916	115.8807	101.8203	0.3084
3957	1864.9118	88.5426	11.7761	116.3508	102.7716	0.1225
3958	1861.5329	89.4300	11.8148	116.2033	103.3835	0.0810
3959	1869.4054	89.6564	11.8311	116.2781	103.7617	0.1938
3960	1861.9730	89.7524	11.7363	116.4033	104.1531	0.2269
3961	1873.9517	89.3336	11.8053	116.8055	103.9877	0.3393
3962	1883.0651	90.0793	11.8959	117.0874	103.9892	0.5445
3963	1861.6960	91.1541	11.8359	117.4881	104.1575	0.6234
3964	1856.7391	90.1077	11.8879	117.5431	104.6012	0.6413
3965	1859.6049	89.8251	11.9268	118.3073	105.0701	0.4549
3966	1847.2350	90.3849	11.9174	118.4864	105.1511	0.2698
3967	1862.2573	89.7123	11.9473	118.9884	105.7316	0.0268
3968	1844.3940	89.4165	11.9557	118.8930	105.7049	0.0036
3969	1843.4954	89.1139	11.9748	119.3048	105.7925	0.0501
3970	1846.7093	88.5757	11.8963	119.3059	106.2386	0.1853
3971	1829.5623	88.8309	11.9151	119.6754	105.9511	0.2493
3972	1830.0937	88.9061	11.8184	119.9039	106.3610	0.3720
3973	1858.0617	88.8887	11.8289	119.5462	106.4695	0.4067
3974	1869.0019	88.8737	11.7994	119.2794	107.0015	0.3987
3975	1861.5431	88.8235	11.8955	118.9930	106.7699	0.3624
3976	1876.8411	88.7634	11.9351	119.0390	106.9192	0.2389
3977	1867.4680	88.7641	11.8850	119.4408	106.7801	0.0860
3978	1870.4182	89.1060	11.8753	119.2892	106.5732	0.0853
3979	1868.6923	89.6952	11.8536	119.3408	106.3293	0.1953
3980	1877.7846	89.9386	11.8708	119.1763	106.2582	0.1972
3981	1878.4158	90.6059	11.9224	118.9673	106.3908	0.3730
3982	1871.1035	90.9681	11.8167	118.8110	106.8969	0.5097
3983	1877.0647	91.2170	11.9311	118.5784	106.9926	0.4866
3984	1885.8940	91.0703	11.9867	118.8659	106.6962	0.5271
3985	1881.3520	91.0702	11.9824	119.1234	106.5369	0.4686
3986	1884.7557	91.4894	12.0880	119.1107	106.9954	0.3863
3987	1876.6841	91.4712	12.1712	119.2461	107.1477	0.2283
3988	1872.4481	91.2434	12.2043	119.4119	106.7173	0.1881
3989	1879.1735	91.2172	12.2362	119.4488	106.4872	0.1164
3990	1874.8617	90.3605	12.2398	119.6405	106.7144	0.1976
3991	1880.6177	90.9785	12.1378	120.3144	107.0213	0.4120
3992	1889.8864	89.9478	12.1738	120.4145	106.9952	0.4881
3993	1883.6091	90.3881	12.1473	120.6959	107.4551	0.5493
3994	1883.4480	90.7998	12.1329	120.9084	107.7444	0.5845
3995	1864.7495	91.0359	12.1196	121.1763	108.1337	0.4916
3996	1854.1961	90.3114	12.0899	120.7295	108.5472	0.3175
3997	1869.9964	89.8431	12.0413	120.8181	108.7151	0.2181
3998	1875.2828	89.1100	12.0615	120.5452	108.5948	0.0731
3999	1888.3126	88.6464	11.8820	121.0731	108.6346	0.1151
4000	1895.8522	88.8009	11.9017	121.0009	108.7902	0.2789
4001	1890.0420	89.1263	11.9752	121.0308	108.9313	0.3888
4002	1892.7442	89.7143	11.9063	121.0548	108.8653	0.4419
4003	1890.5346	89.9045	11.8874	120.5217	109.2111	0.5003
4004	1880.1787	90.6321	11.9369	120.3877	108.9667	0.5166
4005	1871.9794	91.4978	11.9331	119.9478	108.9855	0.4917
4006	1884.7190	90.7996	12.0974	119.2626	109.1271	0.3280
4007	1879.3511	90.8145	12.0796	119.5232	108.5432	0.2521
4008	1881.4518	90.3656	12.0907	119.9285	108.1157	0.1998
4009	1886.4620	90.6258	12.1059	119.9691	108.2442	0.1976
4010	1881.6151	90.4502	12.1598	119.6716	108.2869	0.3428
4011	1892.1909	89.9800	12.1220	119.5675	108.3884	0.4657
4012	1896.7071	89.6638	12.0921	119.3427	107.9644	0.5614
4013	1890.9571	89.7429	11.9409	119.2869	108.1620	0.6257
4014	1903.2590	89.9505	12.0223	119.7337	107.5017	0.6483
4015	1893.1698	89.8815	11.9775	119.5478	107.4095	0.4883
4016	1901.5697	89.9374	11.9416	118.6619	107.3323	0.3174
4017	1914.6505	90.4006	11.9855	118.2384	107.3833	0.2635
4018	1927.6816	90.1726	11.9535	118.5614	106.9862	0.1792
4019	1937.3608	90.6269	11.9226	118.6985	106.5516	0.2618
4020	1939.6848	91.5975	11.9424	118.6552	106.5333	0.3487
4021	1935.3658	92.4350	12.0545	118.8045	106.6276	0.4722
4022	1928.5372	92.6052	12.1421	119.0094	106.9799	0.6435
4023	1942.1562	92.5852	12.1987	119.2243	107.1163	0.7269
4024	1951.9304	92.6659	12.2100	119.5439	106.8995	0.6937
4025	1942.7210	93.3847	12.2967	120.1168	107.2899	0.6509
4026	1929.1778	92.5256	12.3825	120.6750	107.0230	0.5773
4027	1922.6431	92.6401	12.2779	120.8669	107.4808	0.4478
4028	1921.0971	92.5771	12.2909	120.4827	107.9030	0.3717
4029	1925.5896	92.5278	12.2795	120.3969	107.5704	0.3074
4030	1929.2194	92.6391	12.3209	121.0097	107.8440	0.3939
4031	1931.8675	92.9488	12.3336	120.9304	107.6034	0.5193
4032	1921.4731	93.2743	12.3810	121.5221	107.6840	0.5684
4033	1912.4025	92.6936	12.3353	121.9513	107.7486	0.5720
4034	1912.0592	92.4396	12.3291	122.4846	108.1577	0.5303
4035	1912.1319	92.5034	12.4019	122.6204	108.6575	0.4816
4036	1916.9862	92.6575	12.3101	123.0985	109.3351	0.4091
4037	1922.1129	92.4491	12.3106	123.1941	109.2397	0.3025
4038	1924.8742	93.2171	12.3216	122.9287	109.5705	0.2876
4039	1926.0163	93.4788	12.2950	123.0721	109.6173	0.2479
4040	1920.4915	93.2892	12.3474	122.9669	109.6254	0.2336
4041	1925.3255	93.0027	12.4386	122.8306	110.2110	0.4433
4042	1908.2938	92.7043	12.4189	123.2079	110.3168	0.5432
4043	1904.1508	92.4348	12.4109	123.9239	110.4713	0.7179
4044	1900.7356	92.6189	12.3722	124.1538	111.0421	0.7113
4045	1901.8171	91.9114	12.2640	124.2950	110.7362	0.7383
4046	1908.0139	91.4650	12.2245	124.1129	110.7573	0.5417
4047	1907.4182	91.6273	12.2407	123.4270	110.8820	0.3403
4048	1910.5740	91.7357	12.1977	123.0743	111.3380	0.2415
4049	1907.6337	91.4970	12.1484	122.7975	111.4902	0.3671
4050	1852.8052	92.3777	12.1227	122.6660	110.8627	0.4167
4051	1814.7727	91.3704	12.2312	122.1217	110.5577	0.4633
4052	1777.2991	90.4942	12.1628	121.9643	110.8881	0.5900
4053	1749.0631	89.8564	12.1449	121.8476	110.8853	0.6415
4054	1720.6425	88.0087	12.0660	121.6474	110.1962	0.6050
4055	1699.3467	86.7283	11.9384	121.6622	109.9148	0.4279
4056	1656.5194	86.2343	11.7957	121.3415	109.5216	0.2083
4057	1624.2488	85.6951	11.7856	121.1740	109.7970	0.0730
4058	1595.5048	84.3193	11.6581	120.8621	109.0834	-0.0820
4059	1570.6378	82.3089	11.5221	119.8486	108.6751	-0.1255
4060	1555.1092	80.7120	11.3888	119.2561	108.5154	-0.0668
4061	1536.4546	79.5403	11.2824	118.3570	107.8256	0.0198
4062	1520.3284	77.8429	11.1402	117.6474	107.7568	0.1433
4063	1487.5331	75.7601	10.8613	116.9447	107.2876	0.2255
4064	1472.9145	74.4629	10.5799	115.5703	106.9106	0.2323
4065	1435.8375	73.8963	10.3953	114.3578	106.3524	0.1079
4066	1421.7779	72.6037	10.3292	112.9901	105.6528	-0.0962
4067	1403.8658	71.0710	10.1386	111.6185	104.6052	-0.2874
4068	1377.4181	69.9939	9.9654	110.3409	103.4101	-0.3156
4069	1368.5808	68.8414	9.8043	108.0235	102.2708	-0.2862
4070	1360.1284	67.8627	9.5759	106.6581	101.0433	-0.1242
4071	1337.8486	66.8757	9.4243	104.6699	99.8287	0.0271
4072	1325.3628	65.9873	9.2284	103.2805	99.3066	0.3146
4073	1317.0158	64.7901	9.1462	101.7315	98.2825	0.3365
4074	1313.1370	63.8939	8.9760	99.9704	96.8420	0.2671
4075	1314.4485	63.3471	8.8647	98.4260	95.5407	0.1812
4076	1296.4401	63.1340	8.7112	96.6507	94.4117	0.1250
4077	1270.5830	63.5732	8.5918	94.9694	93.1911	-0.0716
4078	1268.5869	63.3915	8.4961	93.5763	91.6526	-0.1152
4079	1250.6439	62.7300	8.4671	92.8728	90.1237	-0.1047
4080	1229.5138	61.6896	8.4081	91.2564	88.8638	-0.0162
4081	1210.9390	60.1656	8.3199	89.7072	87.4748	0.1616
4082	1204.6780	60.0799	8.2138	88.5062	86.2565	0.3832
4083	1204.4010	60.3287	8.1727	87.1942	85.2795	0.4830
4084	1201.9922	59.2661	8.1666	86.2388	84.1269	0.5373
4085	1190.5685	59.0671	8.0535	85.9054	83.1858	0.4006
4086	1179.6119	58.6956	7.9816	85.0416	81.8074	0.2831
4087	1178.0783	57.9536	7.9121	84.1764	80.4952	0.1717
4088	1171.6279	58.0467	7.8734	83.2008	79.3451	0.0010
4089	1183.3666	57.7199	7.7966	82.8629	78.5150	-0.0017
4090	1175.0416	56.9824	7.6991	81.9658	78.0530	0.1602
4091	1180.0219	57.1556	7.7444	80.9287	76.6494	0.3349
4092	1180.4246	57.1573	7.6622	80.4412	76.2018	0.5008
4093	1186.3161	57.3751	7.6336	79.5339	75.6542	0.5872
4094	1183.4618	56.9898	7.6605	78.7030	74.7643	0.5834
4095	1178.2688	56.8947	7.6837	77.9455	73.9572	0.4578
4096	1167.3892	56.8349	7.6894	77.8561	73.3711	0.2166
4097	1158.9062	56.3973	7.6285	77.9296	72.2841	0.1645
4098	1155.8773	55.8883	7.6466	77.9818	71.6855	0.0585
4099	1134.4897	56.0138	7.6094	77.8173	71.7339	0.1280
4100	1132.6477	55.0883	7.6227	77.2158	71.3095	0.2456
4101	1138.1539	55.4236	7.5191	77.2658	71.2597	0.3396
4102	1135.8767	55.5511	7.4126	77.2466	70.7801	0.5697
4103	1126.2676	55.1986	7.4167	77.1069	70.4611	0.5344
4104	1127.4781	55.1610	7.4800	76.9442	70.4241	0.5597
4105	1119.8565	54.6101	7.4761	76.2111	70.2011	0.4489
4106	1114.4022	54.5625	7.4406	76.2221	69.9596	0.2347
4107	1113.3329	55.2358	7.3840	75.4281	70.2893	0.1406
4108	1101.4538	54.1817	7.3332	75.1451	69.7264	0.0696
4109	1114.9974	53.3599	7.2050	74.5914	69.3230	0.1280
4110	1110.5725	53.4628	7.1730	73.9181	68.7732	0.2366
4111	1104.0078	53.5947	7.1760	73.8945	68.0787	0.4379
4112	1107.1041	53.6695	7.1851	73.2897	68.3906	0.6327
4113	1106.0894	53.8944	7.1719	73.6485	68.0099	0.6267
4114	1098.0501	53.7968	7.0679	73.1804	67.7412	0.6009
4115	1093.6955	53.5368	7.1435	72.9327	67.1069	0.4501
4116	1098.7233	53.3169	7.1860	72.3556	66.8358	0.3968
4117	1089.7421	53.1436	7.1358	71.8363	66.6455	0.2306
4118	1089.7240	53.1108	7.1121	71.5414	66.0024	0.1557
4119	1097.1073	52.7085	7.0351	71.9531	65.6668	0.1783
4120	1086.3826	52.2310	6.9898	71.3041	65.6176	0.2526
4121	1094.7807	51.6467	6.9123	70.9983	65.2982	0.5324
4122	1092.4002	51.7389	6.9118	70.7009	64.7844	0.6723
4123	1080.7974	52.8210	6.9207	70.4643	64.8199	0.7619
4124	1087.6303	53.3259	6.9162	69.8679	64.7406	0.7473
4125	1087.1913	52.7744	7.0632	68.9537	64.4487	0.5535
4126	1093.5493	52.1194	7.0257	69.2035	64.1125	0.4544
4127	1088.0381	52.0983	6.9045	69.2314	63.9833	0.2770
4128	1090.6551	51.7369	6.8998	69.6525	64.1462	0.2193
4129	1083.2419	52.0731	6.8958	69.6449	63.3962	0.2545
4130	1090.6618	51.2700	6.9357	69.1419	63.1662	0.3498
4131	1083.8258	51.4791	7.0064	69.2296	62.3472	0.4782
4132	1074.4159	51.4081	6.9352	69.4522	62.2520	0.5992
4133	1083.6154	51.2400	6.9402	69.1969	62.2172	0.6956
4134	1086.8549	51.6091	6.8626	69.7432	62.3893	0.6739
4135	1090.7174	52.0191	6.8942	69.6131	62.8251	0.5332
4136	1100.7976	52.5067	6.8672	69.5848	63.3242	0.4089
4137	1100.7245	52.9944	6.8484	69.1217	62.7374	0.1818
4138	1099.3537	53.0330	6.9109	68.9316	62.9079	0.1080
4139	1113.6871	53.5066	7.0179	68.9699	62.8190	0.1800
4140	1106.0102	53.1499	7.0577	69.4523	63.0271	0.2734
4141	1109.0432	53.0715	7.0940	69.3757	63.0824	0.4085
4142	1102.4989	53.2233	7.1366	69.7928	63.5189	0.5377
4143	1113.9023	52.6788	7.1851	69.8070	63.2768	0.6761
4144	1116.5119	52.2307	7.1344	69.8751	62.7409	0.6521
4145	1111.0476	53.4186	6.9636	70.4441	62.4746	0.5383
4146	1107.2908	52.7073	6.9591	70.2730	62.4721	0.4289
4147	1109.9094	53.4006	6.9714	69.8958	62.6848	0.3322
4148	1106.7205	53.8926	6.9832	69.6554	62.4952	0.1433
4149	1107.8853	54.0162	7.0425	69.6975	62.5296	0.1480
4150	1106.6237	53.5518	7.0562	70.0688	62.5509	0.2676
4151	1098.1128	52.8246	7.1583	69.4195	62.7233	0.4832
4152	1099.5765	52.4887	7.1038	69.6825	62.8507	0.6264
4153	1101.9916	53.1249	6.9681	69.5455	62.8369	0.6620
4154	1104.9249	53.0353	7.0300	69.1794	62.7223	0.7356
4155	1098.5133	52.5547	7.0099	69.4227	63.0567	0.5327
4156	1106.9810	52.8036	7.0260	69.5486	62.2040	0.3811
4157	1105.6125	52.5010	7.0868	69.2632	62.3378	0.2526
4158	1095.4518	52.6001	7.0221	69.2832	62.7203	0.2266
4159	1113.2467	53.4269	6.9659	69.1730	61.6781	0.2599
4160	1116.3103	53.6514	6.9343	68.8553	61.8991	0.2286
4161	1122.2949	53.5917	6.9981	68.6430	61.6075	0.3917
4162	1105.5769	53.7643	6.9378	68.9239	61.7302	0.5888
4163	1104.3763	54.0224	6.9736	68.6976	61.4741	0.6106
4164	1094.0193	53.9359	6.9103	68.8206	61.4428	0.5931
4165	1090.8630	53.6391	6.9721	68.9255	62.2384	0.5195
4166	1100.4229	53.0994	7.0168	69.0305	63.0832	0.3665
4167	1113.4346	52.8331	6.9859	69.3168	62.5821	0.2754
4168	1103.6025	52.6003	7.0045	69.7378	62.3286	0.1373
4169	1107.3999	52.1293	7.0626	69.5623	62.7796	0.1336
4170	1110.2883	52.4993	7.0122	69.8445	62.2559	0.2323
4171	1088.5059	53.0213	7.0194	70.7126	62.1904	0.3638
4172	1088.1652	52.3943	7.0351	70.7092	62.6031	0.4538
4173	1097.0755	51.8612	6.9984	69.9810	62.7567	0.5675
4174	1084.7591	51.8310	7.0075	69.5270	63.0551	0.6412
4175	1078.4835	52.0458	7.0274	69.6530	62.9919	0.5974
4176	1095.1190	51.1994	6.9833	69.6163	63.6304	0.4424
4177	1093.1934	51.3683	6.9274	69.4954	63.9041	0.2941
4178	1099.1480	51.7727	6.7800	69.8378	63.6774	0.2167
4179	1095.7920	51.6567	6.7840	69.6044	63.9087	0.1965
4180	1087.1723	52.2067	6.7913	69.2438	63.7113	0.2048
4181	1078.7069	52.1697	6.9123	68.5498	63.7693	0.4054
4182	1077.7368	52.7395	6.9570	68.3987	63.7628	0.6014
4183	1074.9168	52.4825	6.8938	68.7696	63.3678	0.6990
4184	1080.7754	51.8801	6.9166	68.9667	63.1664	0.7223
4185	1086.2375	52.3207	6.8824	69.2091	62.8327	0.6041
4186	1088.5253	52.3488	6.8616	69.0228	62.9684	0.3528
4187	1101.6318	51.7021	6.8879	69.1095	63.2312	0.1910
4188	1110.5852	51.9573	6.7624	68.6241	63.1842	0.1486
4189	1113.4011	52.3505	6.7903	68.2858	62.8356	0.1428
4190	1120.6562	52.9194	6.8553	68.2843	62.4715	0.2459
4191	1117.1735	53.3899	6.9624	67.8557	62.2255	0.3577
4192	1103.8773	53.5763	6.9370	68.3145	61.6060	0.4633
4193	1087.4599	53.3416	7.0876	68.5147	61.9639	0.5523
4194	1080.9090	52.9525	7.0931	69.3453	62.2120	0.6355
4195	1092.1722	52.8779	7.0800	69.4380	62.3708	0.5358
4196	1078.2693	52.0449	7.0218	69.5671	62.3668	0.4401
4197	1069.7700	51.8009	6.9839	69.6837	62.7690	0.2262
4198	1069.7142	51.8087	6.9408	69.7363	62.9047	0.1867
4199	1059.5858	52.2158	6.9183	69.6396	62.6356	0.1922
4200	1101.9888	51.8383	6.7985	69.2735	62.1220	0.2966
4201	1140.0722	52.4917	6.7621	68.4680	61.9062	0.5110
4202	1196.4033	53.5281	6.8615	68.4475	61.8325	0.5922
4203	1209.6963	55.0086	6.9939	68.3818	61.4133	0.6023
4204	1228.8284	56.5206	7.1349	68.3514	60.8680	0.4555
4205	1266.0311	56.8137	7.2585	69.0437	60.8784	0.2546
4206	1295.0591	57.4127	7.3838	69.0491	60.8363	0.1047
4207	1312.5266	58.3434	7.5314	70.0439	60.8781	-0.0184
4208	1330.1852	60.1451	7.6361	71.2458	60.7376	-0.0542
4209	1370.2844	61.4435	7.6997	71.9842	61.3163	-0.1205
4210	1403.6793	62.4901	7.8744	72.7597	61.9981	0.0268
4211	1448.2789	63.9813	8.0715	73.9755	62.4523	0.1247
4212	1465.7452	65.9216	8.1627	74.9866	63.5775	0.2242
4213	1500.7257	67.0911	8.3584	76.0251	64.1920	0.3148
4214	1516.0113	68.3725	8.6006	77.4872	65.3640	0.2419
4215	1536.1071	69.8743	8.7588	78.4734	66.3071	0.1261
4216	1547.4388	70.8771	8.9469	80.4262	67.3898	-0.0368
4217	1564.3056	71.7258	9.1439	81.4331	68.4182	-0.1746
4218	1577.0414	72.5693	9.3218	82.6648	69.4868	-0.2576
4219	1591.4460	73.4583	9.3738	84.0407	70.1974	-0.1929
4220	1604.2553	74.5516	9.4902	84.9145	71.1947	-0.1171
4221	1613.5149	75.0608	9.5906	85.7274	72.1824	-0.0415
4222	1611.7491	74.9139	9.7113	87.3729	73.3646	0.0515
4223	1633.9339	75.0951	9.8112	88.8226	74.3186	0.1878
4224	1648.2875	76.3066	9.7903	89.6801	75.5450	0.1809
4225	1658.0301	77.5014	9.9387	90.4777	76.9841	0.1736
4226	1660.0061	77.4656	10.1382	91.3781	78.0739	0.0622
4227	1665.3910	78.4445	10.1202	92.7948	79.5810	-0.0884
4228	1677.5642	79.3424	10.2545	93.3191	80.3276	-0.1331
4229	1689.1865	79.2916	10.2873	94.4854	81.4631	-0.0883
4230	1698.4481	79.9107	10.2557	96.0201	82.6927	-0.0439
4231	1714.0063	80.2155	10.3887	96.8769	83.4577	0.0340
4232	1732.5422	80.4024	10.4585	97.9837	84.3471	0.2405
4233	1743.8916	81.1976	10.5743	99.2587	85.3894	0.2929
4234	1756.1453	81.1900	10.6764	100.8065	86.6981	0.3250
4235	1759.2378	82.5391	10.7060	101.7445	87.0508	0.2811
4236	1767.7387	83.2756	10.7544	102.7604	87.9472	0.0867
4237	1775.4084	83.2507	10.8551	103.5122	88.6905	-0.0291
4238	1781.3597	83.5834	10.7884	103.8277	89.5279	-0.1481
4239	1782.8645	84.1095	10.8801	103.9650	90.2014	-0.1000
4240	1785.8488	84.8997	10.9508	104.8649	90.9940	0.0351
4241	1788.9997	84.9374	11.1285	105.0242	91.4812	0.2314
4242	1784.3635	85.0651	11.2631	106.0678	91.9405	0.4629
4243	1804.4257	85.8245	11.2667	107.2828	93.0732	0.4611
4244	1814.3020	85.9993	11.2491	108.5785	93.4621	0.4922
4245	1815.1858	85.9022	11.3224	108.9848	94.0490	0.4100
4246	1824.7730	86.4287	11.3866	108.7929	94.8048	0.1847
4247	1830.2034	87.0631	11.3319	110.0434	95.1469	0.1249
4248	1842.7538	87.4400	11.3580	110.6761	96.0130	0.0387
4249	1861.7034	87.2352	11.5073	111.2590	96.7725	0.0659
4250	1861.5463	86.9663	11.4617	112.1672	97.1430	0.2310
4251	1870.4676	87.6050	11.5052	112.7785	97.2916	0.3356
4252	1862.7919	87.5733	11.4865	113.1829	97.9195	0.4474
4253	1874.5842	88.2760	11.5481	113.8979	98.8501	0.5576
4254	1875.8775	88.1820	11.6529	114.0452	99.1608	0.5932
4255	1877.7219	88.5462	11.6481	114.3339	99.6816	0.5166
4256	1883.4113	88.4598	11.7871	114.3259	100.3083	0.3185
4257	1881.7362	89.2339	11.8395	114.9474	101.1365	0.1116
4258	1878.5412	88.8964	11.7746	115.1226	101.6703	0.0935
4259	1892.6280	89.4943	11.8123	115.4223	102.0457	0.1683
4260	1894.8313	90.2280	11.9015	115.9451	102.2953	0.2886
4261	1896.9250	90.2592	11.9443	116.2595	102.3692	0.4471
4262	1899.9011	90.1885	12.0250	117.0989	102.9393	0.5219
4263	1898.8325	90.4631	12.0229	117.7284	103.1954	0.4904
4264	1889.7455	90.4187	12.0437	118.6166	103.4352	0.5689
4265	1895.6483	90.7136	12.0475	119.0558	104.2571	0.5888
4266	1903.0834	90.6168	12.0818	119.2984	105.0653	0.3937
4267	1906.7990	90.9755	12.1434	119.5619	104.7918	0.3250
4268	1917.5763	91.3227	12.1837	120.0754	104.8864	0.1847
4269	1909.4913	91.4601	12.1888	120.2135	105.9183	0.2102
4270	1904.5903	91.7148	12.2050	120.7205	106.4985	0.2946
4271	1908.7804	91.8265	12.2731	120.5279	106.7078	0.4631
4272	1903.0705	91.2582	12.2465	120.9642	106.9161	0.5924
4273	1898.8307	91.2204	12.2543	121.1555	107.6199	0.6160
4274	1903.9128	91.3792	12.1829	121.3511	107.9777	0.6606
4275	1895.7829	92.0094	12.1858	121.3978	108.8165	0.6777
4276	1902.1340	91.3735	12.1574	121.2886	108.8797	0.3982
4277	1909.6509	91.6855	12.2206	120.7109	109.2726	0.2961
4278	1911.9579	91.3529	12.1693	121.3140	108.7958	0.1952
4279	1909.9178	91.5923	12.1749	121.5186	108.5703	0.1501
4280	1909.3149	92.2050	12.1388	121.4974	108.8471	0.2330
4281	1914.5535	92.3674	12.1513	121.3619	108.6595	0.4051
4282	1915.3878	92.3706	12.2364	121.1346	108.7953	0.5676
4283	1931.2979	92.1188	12.3286	120.9194	108.3988	0.6153
4284	1926.4947	92.1684	12.2676	121.2304	108.2070	0.6299
4285	1920.5152	92.2694	12.2361	120.9828	108.7218	0.5804
4286	1919.9198	91.5895	12.1975	121.4418	108.9173	0.4604
4287	1931.1151	92.0301	12.1919	121.6129	108.9131	0.1512
4288	1931.5967	91.7357	12.2447	121.3495	109.0543	0.0785
4289	1935.7744	92.2721	12.1631	121.4559	109.5780	0.1214
4290	1935.6404	91.8160	12.2016	121.4567	109.1903	0.3111
4291	1918.9026	91.3587	12.1799	121.4615	109.2862	0.4640
4292	1922.1196	91.8272	12.2361	121.4820	109.5154	0.7229
4293	1913.8390	91.6020	12.2372	121.9017	109.6455	0.7454
4294	1914.0526	92.1145	12.3270	121.6742	110.0785	0.7595
4295	1902.1838	91.8672	12.2852	121.4586	109.5688	0.6282
4296	1917.4698	91.3118	12.2595	121.8016	109.1161	0.4898
4297	1920.3847	91.9746	12.2399	121.9449	109.0425	0.2397
4298	1913.5525	92.3491	12.3118	122.5574	108.7761	0.1802
4299	1922.3387	92.5497	12.2864	122.4233	108.9170	0.2855
4300	1936.8041	92.6269	12.2551	122.5569	109.3215	0.4171
4301	1933.8282	92.7382	12.3039	122.4030	109.7517	0.5704
4302	1919.8969	92.7032	12.3499	122.4030	109.8950	0.6484
4303	1921.1650	92.1597	12.3321	122.7271	110.0920	0.7187
4304	1927.3984	92.3436	12.3712	122.8940	110.3376	0.6957
4305	1928.0778	92.4551	12.3636	123.3971	110.5614	0.5535
4306	1939.6640	92.0671	12.4077	123.7246	110.7932	0.3714
4307	1949.8499	92.2389	12.3690	123.8706	110.5740	0.2422
4308	1965.9329	92.1292	12.2901	123.6688	111.1828	0.1140
4309	1962.8254	92.9140	12.2627	123.5778	111.4639	0.1392
4310	1975.1726	92.1441	12.2993	123.7635	111.5132	0.3551
4311	1973.4400	93.1444	12.2930	123.8251	111.3947	0.6631
4312	1980.7836	94.0195	12.3573	123.4045	111.4387	0.7813
4313	1968.5299	94.5855	12.4797	123.5887	111.0533	0.8661
4314	1976.0989	94.5563	12.4268	124.1399	111.3674	0.9064
4315	1972.2671	94.2904	12.5015	123.7298	111.3805	0.7480
4316	1961.7096	94.9828	12.4720	123.8977	110.6597	0.5627
4317	1945.2848	94.9157	12.4691	124.5075	110.5609	0.3894
4318	1945.6484	94.7531	12.5496	125.2547	111.2551	0.2189
4319	1961.0940	94.6554	12.5086	125.6379	111.4983	0.2189
4320	1950.7514	94.5500	12.5392	124.7958	111.2541	0.3199
4321	1960.2870	94.2746	12.5705	124.6436	111.5777	0.5122
4322	1963.2362	94.2065	12.5210	124.8000	111.5427	0.6590
4323	1958.2415	94.4980	12.4637	125.2538	111.5788	0.7637
4324	1947.8923	94.6432	12.4449	125.3009	111.6672	0.8200
4325	1953.4692	94.4711	12.4774	124.9209	112.5946	0.7002
4326	1946.2217	94.4076	12.5909	124.6904	112.8277	0.4746
4327	1958.8946	94.1591	12.5745	125.1704	113.2447	0.3336
4328	1950.4575	94.3093	12.6634	125.1393	112.9380	0.3216
4329	1954.5646	94.6124	12.6640	125.3795	112.5765	0.3903
4330	1950.3638	94.8295	12.6566	125.6111	112.4679	0.3773
4331	1949.2411	94.1451	12.6432	125.4966	112.7242	0.4871
4332	1942.7875	94.5072	12.6883	125.9521	112.1885	0.7269
4333	1945.6152	93.4335	12.6426	125.8472	112.8336	0.6458
4334	1939.5338	92.9804	12.5614	126.3160	112.5300	0.7582
4335	1951.4774	93.1923	12.5162	126.5448	112.2600	0.6099
4336	1959.1565	92.8862	12.4939	126.5171	113.0220	0.5089
4337	1947.0542	93.9669	12.4634	126.4959	113.7702	0.4231
4338	1941.8973	93.9374	12.4455	126.3502	113.4729	0.2512
4339	1943.0470	93.6473	12.4213	126.3336	113.4993	0.1640
4340	1945.7775	93.3565	12.3397	126.1567	113.4158	0.2992
4341	1944.6558	92.9377	12.2602	125.9004	113.3574	0.4309
4342	1935.6438	92.1517	12.2889	125.7617	113.1967	0.5688
4343	1931.3037	92.0042	12.3008	125.1866	113.2896	0.6900
4344	1929.9098	91.9559	12.3374	124.7963	113.1275	0.6771
4345	1926.7146	92.7482	12.3039	124.5397	113.6653	0.5263
4346	1912.7178	92.9175	12.3495	124.1496	113.2955	0.4091
4347	1904.8131	92.6892	12.3996	123.6875	113.4430	0.1915
4348	1910.8567	91.6948	12.4261	123.9852	113.0296	0.1495
4349	1901.4274	91.4264	12.3554	124.0910	112.9145	0.2123
4350	1902.5012	90.9834	12.2646	123.9655	113.2209	0.3839
4351	1908.0648	91.4096	12.2675	124.5316	113.2679	0.4330
4352	1917.7215	91.4267	12.2736	124.4186	113.5777	0.6040
4353	1914.7649	92.3271	12.2004	123.8133	112.7487	0.6404
4354	1910.1637	92.1616	12.1684	123.6680	113.0258	0.5526
4355	1916.1001	92.4397	12.1713	122.5444	112.5132	0.5237
4356	1916.3417	92.0058	12.2007	122.1409	112.4801	0.4562
4357	1925.1685	92.4958	12.2317	122.3636	112.6810	0.2424
4358	1929.3842	92.6706	12.3004	122.0504	112.5240	0.1219
4359	1939.2186	92.3013	12.3474	122.3820	111.9128	0.1595
4360	1932.3653	92.3397	12.4325	122.0695	111.4371	0.2428
4361	1932.9340	91.9994	12.4390	122.2550	110.7367	0.4716
4362	1944.9986	92.0571	12.3576	122.5146	110.5955	0.6446
4363	1947.3770	92.6188	12.3110	123.0339	110.2642	0.7041
4364	1939.5231	93.0578	12.3479	122.8370	110.6911	0.6632
4365	1947.4549	93.6617	12.3892	122.8982	110.3258	0.5946
4366	1940.3794	92.8952	12.4033	123.4070	110.4716	0.5624
4367	1938.0185	92.9726	12.4331	123.4631	111.3751	0.4235
4368	1930.1673	93.2605	12.4434	123.7895	110.4990	0.3331
4369	1927.7492	93.4151	12.3880	124.2477	110.5028	0.2503
4370	1930.3599	93.5369	12.3769	124.5011	110.8544	0.3492
4371	1933.9552	93.2748	12.3431	124.3357	111.2380	0.4510
4372	1930.1984	93.2134	12.3914	123.8784	111.0903	0.5561
4373	1931.9587	92.8527	12.3576	123.8185	110.7516	0.6249
4374	1949.5335	93.0590	12.2827	123.8828	111.0315	0.6682
4375	1923.4973	93.2898	12.3517	122.9483	111.2817	0.6102
4376	1928.4050	92.7722	12.3172	122.9591	111.0669	0.4347
4377	1932.3641	92.5262	12.3173	123.0692	111.0268	0.2674
4378	1942.1300	92.1187	12.3472	122.9703	111.3935	0.2229
4379	1943.1202	92.3733	12.2910	123.1214	111.0903	0.2971
4380	1944.1242	92.6937	12.3308	123.0466	110.8618	0.4454
4381	1945.4807	93.0400	12.3151	122.9644	110.9520	0.5879
4382	1933.5639	93.3487	12.4013	122.7159	110.6580	0.7496
4383	1948.7532	93.1955	12.3860	123.3743	110.4612	0.7696
4384	1945.1535	93.2655	12.4725	123.9315	110.8982	0.7730
4385	1947.2915	93.0152	12.4941	124.2377	111.2103	0.6566
4386	1942.8116	93.4569	12.4481	124.2041	110.7246	0.5600
4387	1936.4654	93.2105	12.3400	124.1046	111.1285	0.4715
4388	1943.6879	92.7101	12.2655	124.0219	111.2357	0.3204
4389	1934.2667	92.6874	12.2859	123.8647	111.7532	0.3742
4390	1959.5110	92.9204	12.3285	123.8001	111.8031	0.4418
4391	1953.4358	93.0263	12.3613	123.4249	111.2333	0.5901
4392	1952.9779	93.6506	12.3260	123.7655	111.0779	0.6953
4393	1945.7002	93.4497	12.2934	123.7533	111.0766	0.7024
4394	1950.9953	93.0127	12.2563	123.8295	110.9534	0.6911
4395	1950.0427	93.2461	12.2664	123.9821	111.4126	0.6838
4396	1968.9983	93.2424	12.3224	123.2699	110.8661	0.4924
4397	1965.0310	94.1599	12.3471	123.0470	111.1442	0.4283
4398	1955.5449	94.3305	12.4851	122.8772	110.9799	0.3244
4399	1959.5206	94.3641	12.5875	123.1290	110.9842	0.2604
4400	1948.5916	94.2082	12.6001	123.4404	110.9626	0.4408
4401	1947.1398	93.8417	12.6475	123.6340	110.5708	0.6035
4402	1947.5105	93.8587	12.5422	123.9445	110.8660	0.6773
4403	1935.7578	93.6591	12.4711	124.3809	111.4044	0.8242
4404	1928.9639	93.1649	12.5646	124.3008	111.1669	0.7534
4405	1912.1094	93.0559	12.4791	124.2671	111.2652	0.6742
4406	1915.4882	92.4673	12.5199	124.4471	111.3836	0.5006
4407	1922.9822	92.6785	12.4780	125.0431	111.1473	0.2774
4408	1913.1751	92.8412	12.4204	124.7249	111.7537	0.1109
4409	1915.2200	93.2740	12.4256	124.5447	111.4477	0.0677
4410	1915.4142	92.9771	12.5364	124.4111	111.6395	0.1894
4411	1926.9449	92.7730	12.5631	124.0802	111.7033	0.4221
4412	1942.6451	92.5897	12.5022	124.1227	111.2023	0.5883
4413	1924.8235	93.9518	12.4463	124.4073	111.3119	0.6123
4414	1924.3113	93.9417	12.3933	124.4508	111.8939	0.7157
4415	1927.9325	94.2121	12.4751	124.3889	112.6655	0.5809
4416	1935.9825	93.5605	12.4992	124.2936	112.7561	0.4316
4417	1954.6029	93.8343	12.5356	124.5439	112.3975	0.3178
4418	1946.4663	93.9133	12.5493	123.7589	112.2387	0.2516
4419	1948.7765	93.3966	12.5807	124.0487	111.7984	0.2676
4420	1944.9954	93.7723	12.5214	124.3271	111.4325	0.4108
4421	1952.3410	93.7462	12.4879	124.4623	111.6290	0.5479
4422	1955.7273	93.4951	12.5266	124.3660	111.6459	0.7142
4423	1969.2968	93.5158	12.5377	124.3563	111.4055	0.7784
4424	1964.7109	94.5323	12.4893	124.6388	111.5649	0.8152
4425	1969.1779	94.5121	12.5478	124.5808	111.5216	0.6834
4426	1965.4882	94.2908	12.5724	125.1463	112.0332	0.5317
4427	1963.2039	94.5659	12.6339	125.9080	112.0103	0.3962
4428	1957.6675	94.9440	12.6468	125.7726	113.2226	0.3985
4429	1957.6396	94.5512	12.6462	126.0045	113.5611	0.3595
4430	1963.1235	94.1008	12.6719	125.8603	113.5340	0.4267
4431	1965.9751	94.3946	12.6589	126.1272	113.6330	0.5633
4432	1961.7249	93.6671	12.6240	126.1039	113.5594	0.6379
4433	1963.4869	92.9807	12.5674	125.7652	113.3006	0.7171
4434	1976.4326	93.3213	12.5078	125.7324	113.2122	0.6544
4435	1996.0022	93.3141	12.5321	125.7994	112.7984	0.5815
4436	1991.7194	93.4990	12.5057	125.4959	112.6521	0.5390
4437	1993.8398	93.2853	12.4617	125.3430	112.8181	0.4024
4438	1986.4148	93.3172	12.4333	125.2559	112.7204	0.2653
4439	1986.9354	93.6589	12.4880	124.8380	112.6627	0.2592
4440	1991.1325	93.7745	12.4031	124.4107	112.6497	0.3135
4441	1984.7472	94.3706	12.3678	123.6812	112.4258	0.4987
4442	1982.3965	94.3054	12.4725	123.5522	111.9798	0.6536
4443	1981.3108	94.4289	12.4517	123.2688	111.8633	0.7229
4444	1984.9707	95.0901	12.4687	123.0693	111.5987	0.7455
4445	1983.7604	95.2870	12.5839	123.5179	111.8557	0.6402
4446	1982.1182	95.3933	12.6234	123.8313	111.5936	0.5060
4447	1973.6445	95.4783	12.6043	123.6514	111.3855	0.2963
4448	1968.8651	95.8898	12.7040	123.8055	111.2571	0.2196
4449	1983.3672	95.9323	12.6611	124.3080	111.8431	0.2661
4450	1989.4475	96.9470	12.6314	124.4883	112.0256	0.3779
4451	2000.3374	96.3140	12.7416	125.1984	112.0370	0.5654
4452	1997.7319	96.3115	12.8644	125.0052	111.8432	0.7211
4453	1992.1324	96.3530	12.8175	125.6705	112.4665	0.7637
4454	1994.5657	95.4922	12.8260	125.7340	112.2546	0.8161
4455	2007.6768	95.6632	12.8855	125.6024	112.8195	0.7164
4456	2000.8343	95.3234	12.8924	125.8366	112.9426	0.6137
4457	1981.1199	95.5311	12.8756	126.3055	113.2596	0.4803
4458	1987.4551	95.3078	12.8336	126.8939	113.3967	0.3230
4459	1977.0883	95.1902	12.7814	127.1016	113.1922	0.2986
4460	1975.1617	95.3674	12.7269	127.4782	113.2905	0.4097
4461	1979.6680	94.8991	12.7378	127.4104	113.6767	0.5371
4462	1972.0863	94.5394	12.7546	126.9032	113.7345	0.6784
4463	1976.1138	94.1745	12.6396	126.9871	113.5958	0.7608
4464	1968.1788	93.8654	12.6423	126.4266	113.6141	0.7403
4465	1967.4567	93.4453	12.6242	126.5962	113.4710	0.7089
4466	1959.0485	94.4305	12.4929	126.7864	114.0529	0.4641
4467	1963.5158	93.6323	12.4937	126.5614	113.8189	0.3867
4468	1957.4472	93.8265	12.4972	126.6436	114.5717	0.3364
4469	1967.0171	94.1494	12.5099	125.9018	114.3661	0.2254
4470	1953.0431	94.1029	12.5036	125.6258	114.3496	0.2487
4471	1952.2362	93.6071	12.4465	125.5532	114.2039	0.4457
4472	1953.5596	93.5160	12.3927	125.4599	114.2299	0.5695
4473	1954.4352	93.3374	12.4429	125.0538	113.4868	0.5877
4474	1970.9025	93.6852	12.4220	124.9585	113.3275	0.6223
4475	1982.7661	94.1030	12.3558	125.1872	112.6900	0.5547
4476	1983.8588	94.4914	12.3645	124.5790	112.7633	0.5009
4477	1984.2331	94.5100	12.3974	124.4226	112.4888	0.4061
4478	1987.6223	94.8768	12.5179	124.1740	112.5952	0.3595
4479	1991.6576	95.0045	12.5364	124.6079	112.8160	0.3100
4480	1993.1152	94.1947	12.5579	124.8728	112.8906	0.4711
4481	1995.4076	93.5753	12.5536	125.1171	112.1876	0.5876
4482	1996.3879	93.9715	12.4999	125.1451	112.4156	0.6797
4483	2000.5145	93.9202	12.4935	125.7180	112.8103	0.7854
4484	1996.7334	94.8187	12.5604	125.6378	112.8759	0.8405
4485	1998.8418	95.2770	12.4759	124.8468	112.9333	0.8410
4486	1996.8201	95.7693	12.4995	124.8558	112.2958	0.7001
4487	1994.2984	95.4916	12.6501	124.2011	112.6093	0.4935
4488	1999.7384	95.6292	12.7109	124.1919	112.3876	0.3614
4489	2003.4473	95.9683	12.8097	125.0025	112.7282	0.3019
4490	1999.6413	96.5717	12.8136	126.0697	113.2374	0.4075
4491	1987.8148	95.3221	12.8070	126.5217	113.4563	0.5517
4492	1979.4106	94.4091	12.7987	126.4482	113.6747	0.7500
4493	1947.2675	94.3207	12.7149	126.7846	113.5843	0.8324
4494	1947.5866	94.7109	12.6752	126.8324	114.0111	0.7913
4495	1946.8506	94.3348	12.6136	126.7570	114.3258	0.6937
4496	1943.0864	93.9419	12.6883	126.5484	113.9460	0.5766
4497	1963.6085	94.6599	12.6887	126.8049	114.0887	0.3018
4498	1951.5424	94.1995	12.6505	126.9817	113.9656	0.2430
4499	1945.3986	94.1060	12.6175	126.6880	114.3596	0.2245
4500	1913.0610	94.2294	12.6076	126.5765	114.1572	0.2250
4501	1878.2884	94.2823	12.6354	126.7550	114.7181	0.3616
4502	1840.0121	93.7005	12.6536	126.4123	114.5430	0.5230
4503	1815.8089	93.3341	12.6491	125.9858	114.4843	0.5902
4504	1780.3947	91.6688	12.6178	125.6127	114.0087	0.4061
4505	1763.5946	88.9468	12.5537	126.1080	113.8447	0.2919
4506	1735.0714	87.5932	12.3674	126.2285	113.8624	0.1749
4507	1696.2981	86.7449	12.1957	125.8365	114.2776	0.0445
4508	1667.2438	84.7617	12.0581	125.5180	113.9190	-0.1320
4509	1637.0403	83.3319	11.7593	125.0557	113.9064	-0.1450
4510	1608.7711	82.1110	11.4830	124.0187	113.7041	-0.1256
4511	1584.5227	80.9082	11.2071	122.9121	113.2528	-0.0540
4512	1566.5958	79.4952	11.0970	121.3343	112.9207	0.0710
4513	1546.9832	78.7787	11.0078	120.0998	111.8910	0.2612
4514	1519.6416	77.3544	10.9133	118.8310	111.3337	0.2247
4515	1495.5033	76.5550	10.7029	116.3933	109.8085	0.0707
4516	1467.4716	75.9693	10.4411	115.2044	108.5617	-0.0288
4517	1440.3912	74.0778	10.3487	113.4607	107.5090	-0.1295
4518	1436.1351	72.7525	10.3095	111.3771	106.0382	-0.2269
4519	1404.1074	72.0922	10.1289	110.2767	105.4344	-0.2122
4520	1383.3502	71.3658	9.8738	108.9316	103.8509	-0.1895
4521	1373.6455	69.8449	9.6881	107.6443	102.5297	0.0017
4522	1353.6544	67.6136	9.5764	106.4011	101.0443	0.2564
4523	1345.8488	67.7641	9.3735	104.4201	100.0571	0.3357
4524	1339.2642	66.5485	9.3171	102.7132	99.4555	0.3519
4525	1331.4194	65.3974	9.1750	101.6519	97.8362	0.1909
4526	1319.3415	64.7317	9.0056	100.2570	96.1769	0.0396
4527	1321.8445	64.2320	8.9127	98.9537	94.9914	-0.1011
4528	1310.4912	63.6584	8.8513	97.0714	93.8658	-0.1325
4529	1303.0830	63.5178	8.6678	96.0007	92.7970	-0.1860
4530	1281.6437	63.0569	8.6012	94.4549	91.5708	-0.0879
4531	1258.7429	62.8802	8.5117	93.3669	90.6743	0.0847
4532	1263.5590	62.6874	8.4847	91.5509	89.7137	0.2659
4533	1256.6238	62.4686	8.5076	90.3268	88.3083	0.4061
4534	1257.4133	61.9426	8.5392	89.4796	86.6891	0.4070
4535	1262.3627	61.3431	8.5275	88.8093	85.7640	0.2907
4536	1276.6085	60.7632	8.4713	88.3545	84.0617	0.1349
4537	1271.6221	60.4090	8.4948	87.9168	83.1907	-0.0598
4538	1271.4434	60.9463	8.4338	88.0926	82.2453	-0.1527
4539	1264.0123	60.3736	8.3554	87.3629	81.5626	-0.2768
4540	1254.1339	61.3064	8.1597	87.1394	80.7215	-0.1172
4541	1249.5399	60.7806	8.2144	86.0442	80.7892	0.0092
4542	1253.4852	60.2411	8.1191	85.3208	80.0604	0.3257
4543	1271.1121	59.3027	8.1098	84.5111	79.3396	0.4062
4544	1251.6697	59.4293	8.0697	84.3916	78.9970	0.3638
4545	1256.7694	59.4013	8.0833	84.2417	77.9038	0.1889
4546	1252.3234	59.4056	7.9402	83.8450	77.4292	0.1372
4547	1259.7169	59.1544	7.8610	83.2210	77.1410	0.0244
4548	1262.0226	59.9613	7.9139	82.9054	76.6965	-0.0906
4549	1258.0204	59.8909	7.9503	82.6305	76.4226	-0.1554
4550	1265.1676	59.8206	7.9619	82.1512	75.9096	-0.0289
4551	1260.4283	60.0229	7.9603	81.5672	75.5506	0.0794
4552	1263.9445	59.9900	8.0522	81.5946	74.8134	0.2794
4553	1251.6087	60.2762	8.0335	81.3566	74.3515	0.3635
4554	1252.0384	60.4808	7.9121	81.3765	74.3223	0.4035
4555	1244.8686	60.8599	7.9165	80.3795	73.5855	0.3805
4556	1237.7793	60.3492	7.9797	79.9014	73.0764	0.1985
4557	1245.8891	60.3661	7.9846	80.2132	72.1593	0.0058
4558	1252.1305	60.2937	8.0212	80.4325	71.8531	-0.1272
4559	1241.9143	59.8255	8.0447	80.5851	71.4477	-0.0698
4560	1235.9763	59.7711	8.0219	80.3258	71.1769	0.0421
4561	1248.3571	59.5933	7.9896	79.9996	70.9252	0.1939
4562	1249.0672	59.1406	8.0126	80.3084	71.3644	0.3015
4563	1238.9146	58.7941	7.9921	79.9151	71.4817	0.3518
4564	1248.1862	58.9458	7.9396	79.7972	71.4183	0.4508
4565	1230.3856	59.2945	7.9294	79.7783	71.3216	0.3963
4566	1227.4227	59.8156	7.9114	79.8438	71.6670	0.1819
4567	1225.8987	59.0394	7.8857	79.6504	71.8996	0.0558
4568	1218.0387	59.2552	7.8980	79.3837	72.0716	-0.0842
4569	1221.0495	59.8187	7.8302	79.2082	71.6316	-0.0199
4570	1217.1387	59.1511	7.8325	78.6182	71.3419	0.1271
4571	1200.0881	58.9400	7.8265	78.7433	71.5816	0.2561
4572	1200.1653	58.9586	7.8538	78.9767	71.6416	0.3685
4573	1180.8596	58.6623	7.8391	78.6537	71.8732	0.4785
4574	1183.7575	57.9792	7.9300	78.7798	71.6590	0.5741
4575	1184.1898	57.1352	7.8865	79.0526	71.8988	0.4499
4576	1175.7406	57.2732	7.7701	79.5902	71.3036	0.3254
4577	1174.7525	56.8810	7.7503	79.1910	71.7697	0.1347
4578	1167.1897	57.4669	7.7155	78.7863	71.9805	0.0073
4579	1164.3751	57.0764	7.7711	78.4813	71.9290	0.1009
4580	1161.9479	56.4778	7.7010	78.9115	71.5822	0.1198
4581	1163.6582	56.5025	7.6144	78.6794	71.2377	0.2428
4582	1153.7115	56.9323	7.5130	78.5710	71.3297	0.3873
4583	1154.6640	56.2290	7.5082	77.9384	71.5056	0.5553
4584	1164.2464	56.1460	7.4909	78.3999	71.5825	0.4818
4585	1157.5932	56.0357	7.5505	78.0968	71.3256	0.3065
4586	1146.4621	55.9825	7.4741	77.9190	71.4920	0.2006
4587	1148.7581	56.3235	7.5731	77.2120	71.6142	0.0261
4588	1140.3503	56.7056	7.4746	76.4292	70.6490	-0.0036
4589	1130.0822	56.5676	7.4397	76.3579	70.6331	0.0615
4590	1135.5003	55.7942	7.4607	75.7515	70.1003	0.2605
4591	1121.6173	55.4440	7.4403	75.6585	69.9492	0.4561
4592	1116.3335	54.1807	7.4064	75.2231	69.5782	0.5763
4593	1129.2579	54.0367	7.3691	75.4977	69.4087	0.6945
4594	1123.8147	53.2471	7.2455	74.9057	68.8302	0.6436
4595	1136.6867	52.9137	7.2328	74.7456	69.2404	0.5654
4596	1139.6592	53.3307	7.1854	74.3149	68.8329	0.3622
4597	1140.6050	53.6762	7.1376	73.8633	69.0483	0.1886
4598	1133.5487	53.1248	7.2002	73.4402	68.7991	0.0971
4599	1129.8484	53.7993	7.2024	73.2193	68.2313	0.0662
4600	1139.7819	53.6602	7.2390	73.1963	67.4746	0.2507
4601	1143.6105	54.3978	7.1109	73.1081	68.1834	0.4056
4602	1143.8586	54.7908	7.1401	72.5934	67.6684	0.5593
4603	1147.6566	54.9272	7.1760	72.0304	67.1746	0.6894
4604	1152.1293	55.3934	7.2398	72.2376	66.4878	0.6097
4605	1152.6466	54.4354	7.3489	72.5471	66.8229	0.5507
4606	1154.0396	54.5006	7.2947	72.8550	66.5002	0.4174
4607	1153.7657	55.2353	7.3503	72.8829	66.2598	0.1570
4608	1156.3126	55.5031	7.3629	72.5141	66.2784	0.1509
4609	1158.3692	55.4074	7.3450	72.5327	65.9740	0.0985
4610	1162.2419	55.6265	7.3136	73.5690	66.0544	0.2253
4611	1178.0059	55.6952	7.3575	73.6537	66.1021	0.2870
4612	1189.6117	55.3737	7.3452	73.8708	66.2850	0.4082
4613	1188.3194	55.7875	7.3797	73.9137	66.2811	0.4807
4614	1182.8185	55.8839	7.3960	74.1530	66.1214	0.4703
4615	1186.9632	56.4496	7.4635	73.6581	66.4656	0.3689
4616	1169.8869	56.0965	7.4733	73.8804	66.0424	0.2563
4617	1163.5370	56.3967	7.4807	73.9340	65.9041	0.0834
4618	1159.4193	55.9077	7.5410	73.9538	65.8461	0.0718
4619	1159.9183	56.0270	7.6020	74.5498	66.2514	-0.0056
4620	1154.5196	55.8567	7.5491	74.9795	66.3634	0.1544
4621	1146.0829	55.4061	7.5025	74.7008	66.6992	0.3325
4622	1149.6311	55.4365	7.4807	74.8320	66.7670	0.5078
4623	1157.2516	55.3320	7.4337	75.1908	67.6184	0.4967
4624	1158.4297	55.1909	7.4366	74.3361	67.3735	0.5365
4625	1155.5033	55.7453	7.4259	74.3613	67.4183	0.4576
4626	1155.8208	55.4096	7.4079	74.5594	67.1183	0.3634
4627	1154.9124	55.5780	7.4238	74.6770	67.8672	0.2047
4628	1151.8201	55.7016	7.3714	74.7732	67.8401	0.1222
4629	1155.2783	55.8712	7.4039	74.6868	67.7407	0.1051
4630	1149.3657	55.4807	7.3098	74.7050	67.9194	0.1503
4631	1143.0136	55.7328	7.3593	74.5421	67.8262	0.2798
4632	1143.2096	55.1671	7.4561	74.5550	67.5085	0.3807
4633	1153.3852	54.5325	7.4012	74.7986	67.3652	0.5097
4634	1153.6204	54.8341	7.3630	74.8752	66.8590	0.6009
4635	1139.2586	55.1303	7.3215	74.1632	67.6136	0.5158
4636	1137.3611	54.9112	7.4196	74.2495	67.0751	0.2682
4637	1141.1511	55.4715	7.3346	73.8921	66.2585	0.0936
4638	1137.3232	55.7199	7.2569	73.6948	65.7524	0.0242
4639	1132.1559	55.1128	7.3050	73.0451	65.3704	0.0868
4640	1144.6001	55.3677	7.3081	72.8381	65.5121	0.1424
4641	1135.5006	55.4382	7.4175	72.5844	65.5446	0.3681
4642	1141.3132	55.4527	7.4901	73.1838	65.5381	0.4661
4643	1133.1511	55.3280	7.4660	72.8443	65.2043	0.5396
4644	1131.8465	55.2916	7.4150	73.0508	65.4828	0.5163
4645	1141.8227	54.7646	7.4349	73.2007	65.1738	0.4306
4646	1135.7087	54.7502	7.3730	72.4151	65.0362	0.3483
4647	1139.8804	54.7339	7.2914	71.8707	65.2868	0.1742
4648	1131.9583	54.4625	7.3310	72.3612	65.3063	0.1196
4649	1134.1710	54.5094	7.3694	72.2871	65.1137	0.1247
4650	1137.5063	54.2055	7.3204	72.1916	64.9160	0.1813
4651	1137.9325	54.0711	7.2123	72.3017	64.9868	0.2254
4652	1118.7677	54.2089	7.1396	72.1264	65.3519	0.2856
4653	1112.0460	54.1700	7.2506	72.0895	65.4748	0.4839
4654	1084.1661	53.4064	7.2463	71.7314	65.6062	0.5425
4655	1078.2845	52.2965	7.2125	72.1121	66.0130	0.5850
4656	1070.1673	52.2521	7.0624	72.2370	65.9195	0.4296
4657	1068.0592	52.3287	7.0284	72.0023	65.4886	0.2517
4658	1081.6292	52.6809	7.0271	71.5644	64.9228	0.2285
4659	1082.4667	52.3653	7.1151	71.3170	65.0432	0.2604
4660	1085.0562	52.2140	7.1460	70.9391	64.8519	0.2766
4661	1069.7098	52.5816	7.1453	70.6356	64.0495	0.3899
4662	1071.2353	52.1239	7.1088	70.6939	63.4902	0.4893
4663	1071.6797	52.3404	7.1086	70.9542	63.8192	0.6835
4664	1079.0869	52.0374	7.0393	71.1705	63.7649	0.7275
4665	1075.1160	52.1232	7.0904	70.5330	63.8926	0.6247
4666	1074.3234	52.1517	7.0209	70.7265	63.5140	0.4736
4667	1074.1596	51.3524	7.0437	70.8377	63.1756	0.3698
4668	1070.6318	51.7025	7.0220	70.5907	62.7145	0.3001
4669	1061.3083	52.0550	6.9066	70.3741	62.6609	0.2949
4670	1057.9229	52.3240	6.9569	69.8205	62.6068	0.3675
4671	1060.0330	52.3844	6.8985	69.8335	62.3639	0.5354
4672	1046.7249	51.9595	6.8519	69.5343	62.1943	0.6455
4673	1043.3625	51.6910	6.8335	69.5438	61.7072	0.7657
4674	1046.0116	51.6844	6.9437	69.2628	61.8468	0.8545
4675	1043.5964	51.3893	6.8748	69.4936	61.7114	0.6978
4676	1039.1186	51.1799	6.7848	69.4272	61.8014	0.6657
4677	1020.1810	50.2133	6.7864	69.0300	62.4781	0.5362
4678	1030.6030	50.0152	6.6987	68.6575	62.4652	0.3388
4679	1029.9583	49.6410	6.6849	68.4990	62.5802	0.3309
4680	1035.8084	49.6121	6.5855	68.6690	62.0673	0.3871
4681	1029.5010	50.0898	6.6154	68.2443	61.8715	0.5535
4682	1026.5316	49.6376	6.6890	67.9408	61.7972	0.7146
4683	1010.2991	49.1296	6.6244	67.8248	61.6177	0.8192
4684	1010.9080	48.3244	6.6052	67.8576	61.1883	0.7573
4685	1013.7099	47.3464	6.6568	67.4645	60.9644	0.6135
4686	1024.3374	47.4154	6.5401	67.3973	60.9752	0.4940
4687	1034.0122	47.6869	6.4836	66.9219	60.7682	0.3298
4688	1025.2224	48.2846	6.4570	66.7038	60.8000	0.2587
4689	1019.3079	48.2451	6.3260	66.4962	60.6262	0.2828
4690	1026.7732	47.5593	6.3772	65.2347	60.4599	0.4464
4691	1020.5826	47.9416	6.3761	64.9508	60.6679	0.5820
4692	1021.4175	48.0297	6.4651	65.0216	59.7331	0.7317
4693	1018.5039	48.3751	6.3804	64.7995	59.6156	0.7958
4694	1014.8692	48.7020	6.3590	64.8093	59.4356	0.8739
4695	1018.8028	48.6234	6.2840	64.8426	59.2060	0.7364
4696	1013.4787	48.8693	6.3505	64.8628	58.3175	0.5521
4697	1000.7580	49.4409	6.4813	64.6864	57.6849	0.3504
4698	990.2549	49.2052	6.4367	65.2286	57.6260	0.3358
4699	995.0675	49.0682	6.5127	65.5079	57.9668	0.3813
4700	1001.6534	48.5151	6.4927	65.1290	58.1632	0.5096
4701	1006.0456	48.4104	6.5632	65.4530	58.7516	0.6478
4702	989.5710	47.9448	6.6155	65.5634	58.5025	0.8332
4703	993.9997	47.8462	6.5581	65.6710	58.6730	0.8780
4704	1001.6380	48.0107	6.4242	65.3357	59.1693	0.7874
4705	1004.9408	48.6642	6.3991	65.0202	59.2599	0.5751
4706	1000.7793	47.9470	6.4472	65.2698	59.0939	0.5184
4707	997.8660	47.2505	6.4567	65.4870	59.5103	0.3475
4708	990.5862	46.8467	6.4512	65.7866	59.5265	0.3299
4709	990.5816	47.1182	6.4010	64.9062	58.8009	0.2825
4710	999.4034	46.4846	6.4220	64.8979	58.5267	0.4819
4711	1004.8410	47.0266	6.3931	64.3331	58.0566	0.6726
4712	1005.7054	47.6840	6.4288	65.0741	58.0577	0.7980
4713	1012.1213	47.3174	6.4256	64.7400	58.4360	0.7795
4714	1026.8843	47.7687	6.3668	64.6791	58.4442	0.8483
4715	1032.4809	48.0179	6.3981	64.4476	58.1319	0.7478
4716	1043.0842	48.4277	6.3590	64.2403	57.8599	0.5841
4717	1027.2131	49.0881	6.4124	63.8284	57.9236	0.3935
4718	1016.0573	48.8235	6.4753	64.4800	57.6994	0.2830
4719	1018.5430	48.4153	6.4820	64.6581	58.1029	0.3240
4720	1018.3236	48.6932	6.5784	64.5819	58.2960	0.4822
4721	1009.3259	48.6803	6.5221	64.7776	58.2174	0.6429
4722	1014.7760	48.4648	6.4969	64.8159	58.2431	0.7413
4723	1011.8399	48.2531	6.5143	64.7746	58.3130	0.8633
4724	1003.0706	49.2763	6.5221	64.8086	58.4550	0.8544
4725	1000.2980	48.8056	6.5391	64.9610	57.8706	0.7862
4726	1005.0961	48.3863	6.5780	65.0191	57.7417	0.6793
4727	1009.4744	48.2629	6.5820	65.3425	58.4436	0.5628
4728	1008.8459	48.1631	6.6278	65.7512	57.8875	0.4390
4729	1005.9229	48.6028	6.6446	65.5426	58.0761	0.3904
4730	1000.4987	47.5723	6.6228	65.7976	58.5739	0.5199
4731	999.7610	47.3353	6.5938	65.9493	58.8506	0.6408
4732	1006.1620	47.7485	6.5399	66.4370	59.2811	0.7773
4733	1011.1150	47.2069	6.5733	66.2097	59.5809	0.7965
4734	1007.0778	48.0689	6.5110	65.9922	59.7436	0.7263
4735	1005.7025	48.4473	6.5706	65.6323	60.0113	0.7349
4736	1016.1665	48.4876	6.3660	66.0367	59.8888	0.5891
4737	1009.7341	48.4284	6.3571	65.6769	59.7896	0.4100
4738	991.5911	48.7320	6.3705	65.3115	59.4905	0.3741
4739	995.5734	48.8632	6.3343	64.6920	59.7721	0.3479
4740	998.7318	48.5136	6.3771	64.4124	59.6202	0.4442
4741	998.1051	48.5542	6.4252	63.8553	59.4356	0.5951
4742	1008.4015	49.0934	6.4084	63.8449	58.8945	0.7770
4743	1022.8362	49.6696	6.3508	63.8676	58.6371	0.8278
4744	1022.3848	49.1803	6.4625	63.2779	58.6720	0.7522
4745	1025.8904	48.6263	6.4382	63.4891	58.7829	0.7916
4746	1016.0215	48.3031	6.3289	63.9671	58.1349	0.7055
4747	1023.2937	48.3092	6.4041	63.7216	58.1491	0.4394
4748	1032.5972	48.4080	6.3715	63.6401	58.1858	0.3243
4749	1037.4233	48.1918	6.3489	63.8856	58.3141	0.3114
4750	1047.1369	48.8043	6.3569	63.6145	58.5959	0.3706
4751	1047.3366	48.8469	6.4180	64.0072	58.3595	0.4738
4752	1039.3421	49.4770	6.3628	64.0991	58.1174	0.6719
4753	1037.6464	49.5061	6.3680	63.9099	58.3880	0.6821
4754	1033.9233	49.4107	6.5270	64.2613	57.7682	0.6829
4755	1028.0245	49.8682	6.5197	64.3341	57.9349	0.5492
4756	1026.3589	50.2400	6.6268	64.4390	58.0580	0.5401
4757	1033.0683	50.3166	6.7096	64.8544	57.8794	0.3720
4758	1038.3896	50.4806	6.7789	65.4998	58.0143	0.3382
4759	1039.9811	49.8152	6.7013	65.7060	58.3186	0.3259
4760	1039.7088	50.7651	6.6897	65.6606	58.5260	0.3691
4761	1037.0766	49.9044	6.7352	65.5052	58.3234	0.5520
4762	1015.8684	50.5664	6.7537	65.0686	58.7634	0.7239
4763	1018.6787	50.7183	6.7094	65.6500	58.9265	0.7909
4764	1018.7367	49.6392	6.7833	66.1151	59.0002	0.8480
4765	1022.5075	48.9979	6.6950	65.8743	59.1596	0.6851
4766	1017.6399	49.5268	6.6881	66.4497	58.8117	0.6267
4767	1006.5073	49.0756	6.7682	66.6445	58.6189	0.4277
4768	996.3601	48.9567	6.8231	66.7248	58.4416	0.4366
4769	990.4411	48.9563	6.6986	66.9787	58.9551	0.3894
4770	989.4485	47.9574	6.6505	67.0020	59.8315	0.4871
4771	992.6998	48.4171	6.5810	66.5643	60.1574	0.5980
4772	988.8327	47.8630	6.5271	66.7151	60.3321	0.7553
4773	978.8957	47.9677	6.4492	66.0877	60.2534	0.7553
4774	964.7285	48.1367	6.3624	65.9261	60.4056	0.8258
4775	966.4606	47.6228	6.3825	65.5399	60.8583	0.7652
4776	989.1950	47.3694	6.3979	64.9158	60.5562	0.5454
4777	999.2383	46.7765	6.4005	64.3907	60.1018	0.4678
4778	992.4457	47.0486	6.4146	64.8165	59.9810	0.3770
4779	993.1663	46.6707	6.3056	64.8470	59.7195	0.3243
4780	987.3904	47.5569	6.2517	64.8974	59.7446	0.4673
4781	996.9295	47.2339	6.2909	64.3288	59.6310	0.5924
4782	995.6529	47.5626	6.3349	64.5900	58.9523	0.7940
4783	982.3038	48.0643	6.3847	64.3010	58.6495	0.8309
4784	970.1310	47.2821	6.4181	64.2246	59.1106	0.9119
4785	964.7759	46.5779	6.3114	64.0493	59.0207	0.8037
4786	983.2976	46.9486	6.2793	64.4449	58.3779	0.7402
4787	990.0679	47.1327	6.2292	64.7147	58.4834	0.5495
4788	989.7470	47.0947	6.3169	64.1459	58.2530	0.5057
4789	997.8247	46.8972	6.2953	64.3289	58.4818	0.4997
4790	1004.0949	46.7039	6.3388	64.2966	58.3776	0.6349
4791	1010.3051	47.3092	6.2555	64.6947	57.6187	0.7673
4792	1022.6951	47.2123	6.2883	65.0431	57.4878	0.7947
4793	1016.8673	48.2271	6.3004	64.5335	57.2270	0.8732
4794	1029.5709	48.2687	6.3628	63.9700	57.4778	0.8259
4795	1010.5078	48.1904	6.4493	64.3378	57.7230	0.6350
4796	1017.9955	47.5734	6.4350	63.9925	57.8186	0.5052
4797	1026.7893	47.8858	6.3439	64.1103	58.0972	0.4206
4798	1016.7270	47.9273	6.3122	64.9114	57.6180	0.3174
4799	1015.9279	48.3122	6.3434	65.1917	57.8450	0.3461
4800	1044.9308	49.1058	6.4014	64.9521	58.2346	0.3660
4801	1060.5957	49.2136	6.4212	64.5565	58.0459	0.5413
4802	1084.6762	49.3113	6.4322	64.9257	58.6004	0.6727
4803	1094.3931	50.0997	6.3904	64.6211	59.0446	0.6337
4804	1099.3118	50.4505	6.3918	64.9992	58.8845	0.6201
4805	1118.2724	50.7780	6.6164	65.1476	59.0097	0.5507
4806	1125.5062	51.7078	6.6867	65.1164	58.8867	0.4277
4807	1140.8296	52.9843	6.6930	65.1132	59.0201	0.2169
4808	1147.9949	53.2326	6.7132	65.6940	58.9138	0.1379
4809	1157.0930	53.9262	6.8855	65.5857	59.1979	0.0524
4810	1166.6232	54.5824	6.9893	66.3360	58.9274	0.1693
4811	1181.0437	54.4812	6.9865	66.6060	59.2361	0.2963
4812	1191.2479	55.0261	7.0103	66.9461	59.7228	0.4239
4813	1217.4778	55.7308	7.0758	67.4918	59.5465	0.4468
4814	1222.9856	56.8399	7.2253	67.6555	60.0134	0.4162
4815	1220.0346	57.0915	7.3878	67.9702	59.8731	0.3928
4816	1237.5257	57.0661	7.4586	68.7402	60.3125	0.1258
4817	1226.3115	57.5276	7.4861	69.7689	60.4362	0.0759
4818	1220.5617	57.5981	7.6120	70.5553	60.6510	-0.0319
4819	1220.7536	57.4552	7.6069	71.6938	61.3528	-0.0608
4820	1235.3140	57.1783	7.5584	72.4079	62.1376	0.0015
4821	1240.2071	57.8196	7.5803	72.4628	62.4150	0.1408
4822	1242.5757	57.8082	7.5522	73.2688	62.8727	0.3255
4823	1245.7875	58.1582	7.6370	73.7274	63.9584	0.2973
4824	1246.7619	58.9191	7.6563	74.9921	64.1032	0.3581
4825	1255.9171	59.0784	7.6864	75.4915	64.7364	0.2947
4826	1271.4749	59.2210	7.7058	75.9005	65.6558	0.2140
4827	1285.7079	58.9046	7.8135	76.3489	65.5374	0.0405
4828	1280.6061	59.9841	7.8480	76.5160	66.1546	-0.1305
4829	1294.1874	61.2822	7.8364	76.5626	66.2740	-0.1623
4830	1287.3989	61.5654	7.9295	76.9070	66.2916	-0.0543
4831	1282.1105	61.4631	8.0171	77.2299	66.7988	0.1577
4832	1299.4221	61.1981	8.1549	77.3816	67.0551	0.2803
4833	1309.6706	61.3456	8.1252	78.0330	67.6201	0.3505
4834	1312.8166	62.1886	8.2516	78.3349	67.9859	0.3628
4835	1310.9377	62.4565	8.2363	79.6170	69.5306	0.2046
4836	1314.5058	62.5374	8.2970	80.0296	70.2217	0.0365
4837	1318.8225	62.0873	8.3506	80.9757	70.9617	-0.1456
4838	1316.7916	62.6141	8.4548	80.9027	71.3487	-0.1925
4839	1321.1682	62.4571	8.3380	81.6928	71.7837	-0.2060
4840	1322.1356	61.8497	8.3627	82.2708	72.5518	-0.0647
4841	1301.1191	62.7266	8.3211	82.6699	73.0690	0.1290
4842	1290.8460	61.9082	8.3870	82.8330	72.9034	0.2808
4843	1289.9409	61.6254	8.4128	83.2514	72.9754	0.3515
4844	1305.8898	61.8631	8.4261	83.1457	73.4637	0.3161
4845	1291.1181	61.5621	8.3972	83.3593	73.5585	0.1838
4846	1282.1588	61.8789	8.3149	83.5395	73.8594	0.1307
4847	1274.0297	60.8501	8.3216	83.3077	73.7137	-0.1108
4848	1282.8542	60.8903	8.2610	83.0060	74.0774	-0.2086
4849	1283.9521	60.6666	8.2286	83.3806	74.2821	-0.2136
4850	1278.3965	61.0247	8.1768	83.3368	74.7716	-0.0874
4851	1292.3562	61.2274	8.1465	83.3735	75.1463	0.0323
4852	1307.9368	60.7305	8.1954	83.0209	74.8795	0.2019
4853	1302.0060	61.2852	8.1631	82.4837	74.9677	0.2927
4854	1310.6619	61.5757	8.1583	82.3904	75.1983	0.3964
4855	1309.4548	62.9173	8.1034	82.5210	74.6291	0.3173
4856	1315.9568	62.3970	8.2076	82.5712	74.7500	0.0901
4857	1321.6967	62.5866	8.2877	82.4414	74.8097	-0.1196
4858	1307.5490	62.5285	8.3709	82.1166	74.7571	-0.1156
4859	1312.6626	62.5540	8.3179	82.4981	74.1873	-0.1273
4860	1310.9384	62.6819	8.3886	83.0538	74.3693	-0.0117
4861	1309.5075	62.6598	8.3578	82.8054	74.4156	0.0856
4862	1309.8151	63.3319	8.2899	83.0372	73.9027	0.2220
4863	1305.6937	63.9321	8.3895	82.9457	74.2510	0.2843
4864	1306.5910	63.0773	8.3997	82.9058	74.3418	0.3014
4865	1299.0085	62.8146	8.3111	82.7468	74.3935	0.2580
4866	1294.6670	62.7238	8.2886	82.5662	74.5519	0.1401
4867	1291.5052	62.0368	8.2739	82.8242	74.2177	-0.0766
4868	1300.6392	62.6836	8.1491	82.7065	74.3526	-0.0972
4869	1306.7806	62.7790	8.1043	82.3127	74.7385	-0.1673
4870	1310.8920	62.6752	8.1789	82.1181	74.7406	-0.0809
4871	1299.8550	62.3743	8.2431	82.3130	74.7303	0.0889
4872	1300.4719	62.7454	8.2948	82.1663	74.8943	0.2172
4873	1312.8097	62.8972	8.3280	82.0750	74.2553	0.3533
4874	1284.8299	63.2730	8.2719	82.3463	73.6570	0.3935
4875	1301.5104	62.3922	8.4030	82.6158	73.6220	0.2753
4876	1300.3386	63.2700	8.3914	83.0415	73.7405	0.0781
4877	1292.2787	62.6064	8.3813	82.9147	73.9647	-0.1135
4878	1289.0139	63.0303	8.4203	83.0797	74.1544	-0.2088
4879	1286.5611	62.8806	8.4452	83.1372	74.9282	-0.1691
4880	1297.0607	63.5752	8.4839	83.3544	75.1514	-0.0987
4881	1296.3129	63.4233	8.4688	83.5205	74.8365	0.0396
4882	1299.9387	63.5308	8.4398	83.8077	75.1195	0.2383
4883	1298.9340	62.6205	8.3908	84.1333	75.3486	0.4234
4884	1312.2532	62.1887	8.3202	84.2030	74.9827	0.4519
4885	1303.7859	62.3288	8.3249	84.8384	74.7640	0.3283
4886	1310.3124	62.4550	8.3401	84.2084	74.7309	0.1369
4887	1318.9753	61.9845	8.3690	83.8959	75.2146	0.0087
4888	1314.4533	62.1906	8.3789	83.2233	75.1096	-0.1472
4889	1323.9831	62.6808	8.3313	83.4539	74.7559	-0.2556
4890	1324.7396	62.2126	8.3675	83.6741	74.6822	-0.1535
4891	1330.3736	63.0955	8.3386	83.8426	74.9933	-0.0560
4892	1325.7375	63.1652	8.3838	84.2697	74.8764	0.1403
4893	1323.0532	63.9173	8.4239	83.5932	75.0255	0.2901
4894	1320.6548	63.4753	8.3842	83.4679	75.0011	0.2510
4895	1318.6578	63.7094	8.4328	83.7880	74.8174	0.2742
4896	1332.3367	63.7675	8.5175	83.3746	75.2492	0.0334
4897	1335.8220	64.1432	8.5104	83.8559	75.0868	-0.1080
4898	1342.9681	64.4062	8.4322	84.3504	74.7202	-0.1747
4899	1348.7917	64.8448	8.4720	83.7221	74.9478	-0.1539
4900	1345.9741	65.1253	8.5665	84.1012	75.5050	-0.0625
4901	1339.5843	64.8273	8.6205	84.5364	75.4985	-0.0060
4902	1336.5037	65.2864	8.6376	84.6357	75.8718	0.0699
4903	1332.5583	65.1194	8.6494	84.8344	75.7429	0.1806
4904	1332.7442	65.4827	8.7166	85.4225	76.2106	0.1971
4905	1348.4320	65.9441	8.6343	85.6202	76.6933	0.1469
4906	1332.1839	65.9286	8.7183	85.5278	76.7554	-0.0305
4907	1334.7090	65.4642	8.7822	85.7397	76.3918	-0.0963
4908	1334.4947	65.6010	8.7610	85.9225	76.0545	-0.1431
4909	1343.5815	64.5563	8.8586	86.0372	76.0813	-0.1129
4910	1346.7898	64.2115	8.7716	86.4367	76.5075	-0.0350
4911	1343.3934	64.0039	8.6873	86.8677	76.8961	0.0776
4912	1348.6571	64.1006	8.6711	86.8173	77.1088	0.2201
4913	1332.4499	64.2570	8.6368	87.1098	78.0175	0.3335
4914	1326.0353	64.1661	8.5826	86.5838	78.4689	0.3095
4915	1331.5270	64.4379	8.6542	86.4109	78.2774	0.1936
4916	1344.4039	65.3288	8.6328	86.8876	77.9889	0.0601
4917	1345.2944	65.3208	8.6484	86.8401	77.5430	-0.0909
4918	1349.2842	65.0745	8.6502	86.8132	77.6750	-0.2134
4919	1344.9819	65.5332	8.6512	86.9386	77.7805	-0.1670
4920	1352.0420	65.3586	8.6812	87.1604	77.8884	-0.0835
4921	1356.4062	65.2368	8.7398	86.9309	78.2302	0.0840
4922	1345.4873	65.2195	8.7655	86.4881	78.0396	0.1328
4923	1347.8576	64.9715	8.7983	87.4292	77.9616	0.2207
4924	1347.3355	64.9296	8.7747	87.7309	77.5887	0.2540
4925	1333.4197	64.9527	8.7402	88.2857	78.1579	0.1678
4926	1344.3901	64.8185	8.7217	87.7324	77.7636	0.1093
4927	1355.0373	65.5571	8.7598	87.4075	78.0836	-0.0416
4928	1345.5687	65.3609	8.8075	87.8485	78.0958	-0.1171
4929	1351.2315	65.5260	8.6957	87.8633	78.2248	-0.0970
4930	1354.2383	65.2085	8.6695	87.6255	78.8957	0.0455
4931	1364.8878	65.1737	8.5671	87.5206	78.8681	0.1375
4932	1364.1898	64.6861	8.6486	87.3350	78.7346	0.2605
4933	1364.6463	64.8152	8.6936	87.1974	79.1609	0.2911
4934	1361.3037	63.9477	8.6428	87.0325	79.2947	0.1942
4935	1363.9393	64.6896	8.5564	87.2891	79.1113	0.1147
4936	1373.2429	65.2542	8.5597	86.8561	79.0234	0.0487
4937	1385.1156	65.9576	8.7056	86.8165	79.0349	-0.0567
4938	1379.2824	65.9665	8.6769	86.5089	78.4047	-0.2283
4939	1372.0397	64.9081	8.7560	86.3963	78.1022	-0.1718
4940	1381.0230	65.1049	8.7311	86.6521	77.5820	-0.0975
4941	1374.8073	65.0741	8.6951	86.5047	77.0700	0.0939
4942	1371.1091	65.3720	8.6586	86.2934	77.1787	0.2130
4943	1358.0492	65.1566	8.6284	85.8774	77.0962	0.3166
4944	1357.1895	65.2946	8.5916	85.9666	77.3391	0.2906
4945	1350.2590	64.7814	8.5078	85.8736	77.5220	0.1563
4946	1347.1836	64.9608	8.5167	85.7312	78.0710	-0.0705
4947	1350.0446	65.1842	8.5719	85.5362	77.9041	-0.1700
4948	1352.6950	65.1072	8.5510	85.3585	77.6142	-0.1840
4949	1350.8936	64.6231	8.5651	84.8099	77.6866	-0.1260
4950	1340.3935	64.4464	8.5386	85.0854	77.2928	0.0077
4951	1343.9995	64.2125	8.5791	85.1599	77.0304	0.1414
4952	1335.4709	64.4267	8.5953	85.2846	77.0128	0.3091
4953	1317.8999	64.4747	8.4965	85.3951	77.1118	0.2790
4954	1312.0643	64.0763	8.4776	85.5471	77.5496	0.2465
4955	1314.8751	63.9292	8.3725	85.4737	77.1195	0.1601
4956	1310.4121	63.9788	8.4519	85.6649	77.1226	-0.0142
4957	1301.7015	63.8810	8.4551	85.3873	77.4607	-0.0037
4958	1287.4368	63.1403	8.5148	85.4174	77.2616	-0.1179
4959	1287.8514	62.8971	8.5268	85.4170	77.4216	-0.1081
4960	1284.2488	63.1566	8.5442	85.0027	76.9086	-0.1150
4961	1301.3843	63.7328	8.5100	84.8508	76.7542	0.0670
4962	1310.0086	63.3313	8.4757	85.0667	76.5679	0.1291
4963	1293.1374	63.4545	8.4019	84.8249	76.1533	0.2226
4964	1301.7797	62.9317	8.4162	84.3175	76.3749	0.2408
4965	1307.9798	63.2777	8.3524	84.1285	76.3983	0.1508
4966	1312.9661	62.5412	8.3063	84.4669	76.2370	0.0459
4967	1326.2588	63.2574	8.2939	84.3367	76.1186	-0.0284
4968	1324.8797	63.9021	8.3247	84.2800	76.5036	-0.0645
4969	1313.8870	64.0690	8.3679	83.8687	76.5854	-0.1265
4970	1311.2622	63.4457	8.4569	83.9837	76.0830	0.0139
4971	1317.8436	63.4337	8.4883	84.3490	76.3938	0.1713
4972	1319.4992	63.5501	8.4644	84.3451	76.4299	0.3309
4973	1320.3093	64.1499	8.4905	84.7277	76.6425	0.4019
4974	1308.2321	63.5534	8.4590	84.6745	76.3449	0.3364
4975	1309.3830	63.4165	8.3956	84.8890	76.1672	0.1728
4976	1314.6307	63.2330	8.3929	84.5638	75.8418	0.1562
4977	1325.8810	62.7493	8.3497	84.4600	76.1354	-0.0808
4978	1322.1594	63.1739	8.4313	84.4006	76.1564	-0.2240
4979	1317.1755	63.1862	8.3821	84.2150	75.9217	-0.2554
4980	1300.4837	63.3472	8.4493	83.9446	75.8007	-0.1005
4981	1292.9380	63.5269	8.3676	84.2974	75.2859	0.0688
4982	1286.3251	63.3337	8.4146	83.8235	75.4209	0.1686
4983	1282.8359	63.0827	8.4383	83.9445	75.8546	0.3439
4984	1281.0098	62.5776	8.4228	84.0960	75.9915	0.2767
4985	1275.0795	62.3993	8.4162	84.1153	76.1573	0.1847
4986	1276.0860	61.8517	8.2622	83.9289	75.6796	0.0122
4987	1278.5932	61.7294	8.1878	84.0777	76.1344	-0.0644
4988	1294.2714	61.9938	8.2135	83.4886	76.2149	-0.0666
4989	1289.6958	62.0805	8.2156	83.3488	75.8594	-0.0751
4990	1284.8954	62.1381	8.2831	83.2718	75.7063	-0.0086
4991	1284.5051	62.6865	8.3114	83.1832	76.1560	0.1936
4992	1289.2573	62.6715	8.3746	83.3550	75.8661	0.3304
4993	1281.9310	62.3337	8.3095	83.6125	75.4210	0.4353
4994	1286.4392	62.1429	8.3120	83.7672	75.3332	0.4431
4995	1282.9296	62.0063	8.3272	84.3987	75.0405	0.2630
4996	1282.1105	61.8996	8.3205	84.3948	75.1475	0.0965
4997	1278.1224	62.5953	8.3483	84.3215	75.1617	-0.1113
4998	1275.8605	61.8335	8.2711	84.3058	75.1086	-0.1226
4999	1266.3435	61.0229	8.1670	83.7777	75.2303	-0.0626
5000	1273.2234	61.6865	8.1658	83.4535	75.3688	-0.0501
